date,sector,pam_bull,pam_bear,tt_long,rtt_short,bull,bear,net,sector_size,net_pct
2023-07-31,"Communication/Media",22,22,14,7,36,29,7,341,2.05
2023-07-31,"Consumer Discretionary",34,32,26,3,60,35,25,553,4.52
2023-07-31,"Consumer Staples",13,19,3,1,16,20,-4,221,-1.81
2023-07-31,"Energy",8,10,14,0,22,10,12,270,4.44
2023-07-31,"Financials",39,81,12,8,51,89,-38,891,-4.26
2023-07-31,"Healthcare",86,62,23,19,109,81,28,1068,2.62
2023-07-31,"Industrials",61,45,22,6,83,51,32,892,3.59
2023-07-31,"Materials",26,11,7,2,33,13,20,272,7.35
2023-07-31,"Real Estate",21,24,5,2,26,26,0,291,0.00
2023-07-31,"Semiconductors",13,8,2,0,15,8,7,114,6.14
2023-07-31,"Technology ex-Semis",29,15,12,1,41,16,25,384,6.51
2023-07-31,"Utilities",8,5,2,0,10,5,5,120,4.17
2023-08-01,"Communication/Media",28,28,5,10,33,38,-5,341,-1.47
2023-08-01,"Consumer Discretionary",34,46,4,7,38,53,-15,553,-2.71
2023-08-01,"Consumer Staples",14,14,7,3,21,17,4,221,1.81
2023-08-01,"Energy",6,11,1,3,7,14,-7,270,-2.59
2023-08-01,"Financials",81,40,9,7,90,47,43,891,4.83
2023-08-01,"Healthcare",62,83,19,14,81,97,-16,1068,-1.50
2023-08-01,"Industrials",58,46,14,15,72,61,11,892,1.23
2023-08-01,"Materials",23,25,5,8,28,33,-5,272,-1.84
2023-08-01,"Real Estate",16,17,5,7,21,24,-3,291,-1.03
2023-08-01,"Semiconductors",6,9,2,2,8,11,-3,114,-2.63
2023-08-01,"Technology ex-Semis",27,17,7,5,34,22,12,384,3.13
2023-08-01,"Utilities",2,15,2,5,4,20,-16,120,-13.33
2023-08-02,"Communication/Media",13,37,4,9,17,46,-29,341,-8.50
2023-08-02,"Consumer Discretionary",21,63,3,24,24,87,-63,553,-11.39
2023-08-02,"Consumer Staples",17,16,5,9,22,25,-3,221,-1.36
2023-08-02,"Energy",16,21,0,3,16,24,-8,270,-2.96
2023-08-02,"Financials",56,77,9,19,65,96,-31,891,-3.48
2023-08-02,"Healthcare",69,62,11,39,80,101,-21,1068,-1.97
2023-08-02,"Industrials",42,66,16,39,58,105,-47,892,-5.27
2023-08-02,"Materials",11,25,3,16,14,41,-27,272,-9.93
2023-08-02,"Real Estate",19,13,3,10,22,23,-1,291,-0.34
2023-08-02,"Semiconductors",6,21,0,13,6,34,-28,114,-24.56
2023-08-02,"Technology ex-Semis",15,49,4,17,19,66,-47,384,-12.24
2023-08-02,"Utilities",18,2,0,11,18,13,5,120,4.17
2023-08-03,"Communication/Media",13,25,5,9,18,34,-16,341,-4.69
2023-08-03,"Consumer Discretionary",33,34,14,19,47,53,-6,553,-1.08
2023-08-03,"Consumer Staples",8,19,7,6,15,25,-10,221,-4.52
2023-08-03,"Energy",20,15,2,7,22,22,0,270,0.00
2023-08-03,"Financials",53,44,11,19,64,63,1,891,0.11
2023-08-03,"Healthcare",56,65,20,33,76,98,-22,1068,-2.06
2023-08-03,"Industrials",58,48,13,36,71,84,-13,892,-1.46
2023-08-03,"Materials",8,16,4,11,12,27,-15,272,-5.51
2023-08-03,"Real Estate",39,11,4,29,43,40,3,291,1.03
2023-08-03,"Semiconductors",7,3,3,8,10,11,-1,114,-0.88
2023-08-03,"Technology ex-Semis",25,29,8,16,33,45,-12,384,-3.13
2023-08-03,"Utilities",7,2,0,23,7,25,-18,120,-15.00
2023-08-04,"Communication/Media",14,22,13,15,27,37,-10,341,-2.93
2023-08-04,"Consumer Discretionary",14,73,7,19,21,92,-71,553,-12.84
2023-08-04,"Consumer Staples",11,27,8,6,19,33,-14,221,-6.33
2023-08-04,"Energy",6,50,6,3,12,53,-41,270,-15.19
2023-08-04,"Financials",33,89,4,12,37,101,-64,891,-7.18
2023-08-04,"Healthcare",51,97,22,28,73,125,-52,1068,-4.87
2023-08-04,"Industrials",31,93,13,32,44,125,-81,892,-9.08
2023-08-04,"Materials",12,29,2,5,14,34,-20,272,-7.35
2023-08-04,"Real Estate",10,30,4,4,14,34,-20,291,-6.87
2023-08-04,"Semiconductors",5,9,2,5,7,14,-7,114,-6.14
2023-08-04,"Technology ex-Semis",16,37,3,25,19,62,-43,384,-11.20
2023-08-04,"Utilities",2,3,1,13,3,16,-13,120,-10.83
2023-08-07,"Communication/Media",23,20,4,11,27,31,-4,341,-1.17
2023-08-07,"Consumer Discretionary",55,25,5,22,60,47,13,553,2.35
2023-08-07,"Consumer Staples",20,14,2,7,22,21,1,221,0.45
2023-08-07,"Energy",11,24,4,4,15,28,-13,270,-4.81
2023-08-07,"Financials",51,37,8,14,59,51,8,891,0.90
2023-08-07,"Healthcare",63,64,10,61,73,125,-52,1068,-4.87
2023-08-07,"Industrials",65,38,8,26,73,64,9,892,1.01
2023-08-07,"Materials",23,11,6,8,29,19,10,272,3.68
2023-08-07,"Real Estate",50,10,5,2,55,12,43,291,14.78
2023-08-07,"Semiconductors",15,5,3,3,18,8,10,114,8.77
2023-08-07,"Technology ex-Semis",39,19,3,24,42,43,-1,384,-0.26
2023-08-07,"Utilities",11,3,2,1,13,4,9,120,7.50
2023-08-08,"Communication/Media",44,13,5,14,49,27,22,341,6.45
2023-08-08,"Consumer Discretionary",82,16,4,28,86,44,42,553,7.59
2023-08-08,"Consumer Staples",19,10,1,11,20,21,-1,221,-0.45
2023-08-08,"Energy",56,4,1,12,57,16,41,270,15.19
2023-08-08,"Financials",140,28,4,36,144,64,80,891,8.98
2023-08-08,"Healthcare",90,41,21,53,111,94,17,1068,1.59
2023-08-08,"Industrials",120,32,11,36,131,68,63,892,7.06
2023-08-08,"Materials",58,8,2,26,60,34,26,272,9.56
2023-08-08,"Real Estate",32,12,1,8,33,20,13,291,4.47
2023-08-08,"Semiconductors",12,1,0,9,12,10,2,114,1.75
2023-08-08,"Technology ex-Semis",39,10,6,35,45,45,0,384,0.00
2023-08-08,"Utilities",31,2,0,6,31,8,23,120,19.17
2023-08-09,"Communication/Media",13,30,5,18,18,48,-30,341,-8.80
2023-08-09,"Consumer Discretionary",25,50,9,22,34,72,-38,553,-6.87
2023-08-09,"Consumer Staples",8,14,3,6,11,20,-9,221,-4.07
2023-08-09,"Energy",5,28,18,1,23,29,-6,270,-2.22
2023-08-09,"Financials",44,85,10,22,54,107,-53,891,-5.95
2023-08-09,"Healthcare",62,68,15,43,77,111,-34,1068,-3.18
2023-08-09,"Industrials",46,64,13,28,59,92,-33,892,-3.70
2023-08-09,"Materials",17,14,3,17,20,31,-11,272,-4.04
2023-08-09,"Real Estate",17,21,2,10,19,31,-12,291,-4.12
2023-08-09,"Semiconductors",3,4,0,10,3,14,-11,114,-9.65
2023-08-09,"Technology ex-Semis",19,28,2,19,21,47,-26,384,-6.77
2023-08-09,"Utilities",7,7,1,3,8,10,-2,120,-1.67
2023-08-10,"Communication/Media",16,32,9,5,25,37,-12,341,-3.52
2023-08-10,"Consumer Discretionary",16,61,8,14,24,75,-51,553,-9.22
2023-08-10,"Consumer Staples",7,17,3,5,10,22,-12,221,-5.43
2023-08-10,"Energy",6,50,4,5,10,55,-45,270,-16.67
2023-08-10,"Financials",24,120,5,30,29,150,-121,891,-13.58
2023-08-10,"Healthcare",64,74,15,25,79,99,-20,1068,-1.87
2023-08-10,"Industrials",30,61,4,27,34,88,-54,892,-6.05
2023-08-10,"Materials",13,18,1,8,14,26,-12,272,-4.41
2023-08-10,"Real Estate",5,37,5,8,10,45,-35,291,-12.03
2023-08-10,"Semiconductors",1,10,2,8,3,18,-15,114,-13.16
2023-08-10,"Technology ex-Semis",16,26,10,12,26,38,-12,384,-3.13
2023-08-10,"Utilities",1,10,0,3,1,13,-12,120,-10.00
2023-08-11,"Communication/Media",29,13,3,6,32,19,13,341,3.81
2023-08-11,"Consumer Discretionary",47,26,8,23,55,49,6,553,1.08
2023-08-11,"Consumer Staples",24,8,2,10,26,18,8,221,3.62
2023-08-11,"Energy",16,13,8,5,24,18,6,270,2.22
2023-08-11,"Financials",85,36,5,23,90,59,31,891,3.48
2023-08-11,"Healthcare",100,65,13,24,113,89,24,1068,2.25
2023-08-11,"Industrials",65,24,6,16,71,40,31,892,3.48
2023-08-11,"Materials",24,10,4,5,28,15,13,272,4.78
2023-08-11,"Real Estate",40,10,3,8,43,18,25,291,8.59
2023-08-11,"Semiconductors",11,8,1,5,12,13,-1,114,-0.88
2023-08-11,"Technology ex-Semis",33,17,4,5,37,22,15,384,3.91
2023-08-11,"Utilities",18,2,2,1,20,3,17,120,14.17
2023-08-14,"Communication/Media",33,7,2,7,35,14,21,341,6.16
2023-08-14,"Consumer Discretionary",68,15,4,14,72,29,43,553,7.78
2023-08-14,"Consumer Staples",17,16,4,3,21,19,2,221,0.90
2023-08-14,"Energy",13,19,0,6,13,25,-12,270,-4.44
2023-08-14,"Financials",88,34,6,35,94,69,25,891,2.81
2023-08-14,"Healthcare",109,42,3,33,112,75,37,1068,3.46
2023-08-14,"Industrials",95,30,11,18,106,48,58,892,6.50
2023-08-14,"Materials",35,6,3,11,38,17,21,272,7.72
2023-08-14,"Real Estate",17,15,1,16,18,31,-13,291,-4.47
2023-08-14,"Semiconductors",25,1,0,2,25,3,22,114,19.30
2023-08-14,"Technology ex-Semis",74,8,8,11,82,19,63,384,16.41
2023-08-14,"Utilities",10,3,0,7,10,10,0,120,0.00
2023-08-15,"Communication/Media",14,17,1,7,15,24,-9,341,-2.64
2023-08-15,"Consumer Discretionary",28,32,4,34,32,66,-34,553,-6.15
2023-08-15,"Consumer Staples",6,10,1,8,7,18,-11,221,-4.98
2023-08-15,"Energy",5,36,1,9,6,45,-39,270,-14.44
2023-08-15,"Financials",20,45,5,76,25,121,-96,891,-10.77
2023-08-15,"Healthcare",79,50,10,20,89,70,19,1068,1.78
2023-08-15,"Industrials",23,58,4,29,27,87,-60,892,-6.73
2023-08-15,"Materials",4,14,2,17,6,31,-25,272,-9.19
2023-08-15,"Real Estate",12,8,1,28,13,36,-23,291,-7.90
2023-08-15,"Semiconductors",1,6,0,1,1,7,-6,114,-5.26
2023-08-15,"Technology ex-Semis",14,19,4,7,18,26,-8,384,-2.08
2023-08-15,"Utilities",2,11,1,2,3,13,-10,120,-8.33
2023-08-16,"Communication/Media",9,21,3,13,12,34,-22,341,-6.45
2023-08-16,"Consumer Discretionary",11,44,5,24,16,68,-52,553,-9.40
2023-08-16,"Consumer Staples",7,26,3,11,10,37,-27,221,-12.22
2023-08-16,"Energy",5,40,3,10,8,50,-42,270,-15.56
2023-08-16,"Financials",36,46,8,76,44,122,-78,891,-8.75
2023-08-16,"Healthcare",45,75,4,34,49,109,-60,1068,-5.62
2023-08-16,"Industrials",22,94,5,18,27,112,-85,892,-9.53
2023-08-16,"Materials",7,14,0,10,7,24,-17,272,-6.25
2023-08-16,"Real Estate",10,12,2,19,12,31,-19,291,-6.53
2023-08-16,"Semiconductors",1,7,0,2,1,9,-8,114,-7.02
2023-08-16,"Technology ex-Semis",11,33,2,9,13,42,-29,384,-7.55
2023-08-16,"Utilities",10,4,1,4,11,8,3,120,2.50
2023-08-17,"Communication/Media",22,24,4,8,26,32,-6,341,-1.76
2023-08-17,"Consumer Discretionary",18,38,2,20,20,58,-38,553,-6.87
2023-08-17,"Consumer Staples",7,16,1,21,8,37,-29,221,-13.12
2023-08-17,"Energy",6,17,1,5,7,22,-15,270,-5.56
2023-08-17,"Financials",30,40,2,40,32,80,-48,891,-5.39
2023-08-17,"Healthcare",59,60,9,40,68,100,-32,1068,-3.00
2023-08-17,"Industrials",20,47,5,30,25,77,-52,892,-5.83
2023-08-17,"Materials",14,8,2,4,16,12,4,272,1.47
2023-08-17,"Real Estate",5,9,0,17,5,26,-21,291,-7.22
2023-08-17,"Semiconductors",5,0,0,6,5,6,-1,114,-0.88
2023-08-17,"Technology ex-Semis",9,19,2,13,11,32,-21,384,-5.47
2023-08-17,"Utilities",4,8,0,6,4,14,-10,120,-8.33
2023-08-18,"Communication/Media",36,6,1,9,37,15,22,341,6.45
2023-08-18,"Consumer Discretionary",84,13,1,17,85,30,55,553,9.95
2023-08-18,"Consumer Staples",35,4,2,6,37,10,27,221,12.22
2023-08-18,"Energy",65,2,1,4,66,6,60,270,22.22
2023-08-18,"Financials",112,25,2,51,114,76,38,891,4.26
2023-08-18,"Healthcare",97,26,7,22,104,48,56,1068,5.24
2023-08-18,"Industrials",124,16,4,30,128,46,82,892,9.19
2023-08-18,"Materials",50,4,0,4,50,8,42,272,15.44
2023-08-18,"Real Estate",59,4,2,15,61,19,42,291,14.43
2023-08-18,"Semiconductors",23,1,0,0,23,1,22,114,19.30
2023-08-18,"Technology ex-Semis",67,6,2,14,69,20,49,384,12.76
2023-08-18,"Utilities",20,0,0,0,20,0,20,120,16.67
2023-08-21,"Communication/Media",28,12,3,6,31,18,13,341,3.81
2023-08-21,"Consumer Discretionary",40,15,3,13,43,28,15,553,2.71
2023-08-21,"Consumer Staples",7,11,2,4,9,15,-6,221,-2.71
2023-08-21,"Energy",11,33,5,4,16,37,-21,270,-7.78
2023-08-21,"Financials",50,31,4,39,54,70,-16,891,-1.80
2023-08-21,"Healthcare",97,29,8,10,105,39,66,1068,6.18
2023-08-21,"Industrials",55,27,6,14,61,41,20,892,2.24
2023-08-21,"Materials",23,4,1,4,24,8,16,272,5.88
2023-08-21,"Real Estate",14,9,3,11,17,20,-3,291,-1.03
2023-08-21,"Semiconductors",31,0,0,0,31,0,31,114,27.19
2023-08-21,"Technology ex-Semis",32,10,10,4,42,14,28,384,7.29
2023-08-21,"Utilities",8,4,0,3,8,7,1,120,0.83
2023-08-22,"Communication/Media",22,18,1,11,23,29,-6,341,-1.76
2023-08-22,"Consumer Discretionary",39,17,6,26,45,43,2,553,0.36
2023-08-22,"Consumer Staples",15,12,1,3,16,15,1,221,0.45
2023-08-22,"Energy",11,26,1,6,12,32,-20,270,-7.41
2023-08-22,"Financials",34,50,2,53,36,103,-67,891,-7.52
2023-08-22,"Healthcare",73,57,21,8,94,65,29,1068,2.72
2023-08-22,"Industrials",35,48,10,14,45,62,-17,892,-1.91
2023-08-22,"Materials",16,8,0,1,16,9,7,272,2.57
2023-08-22,"Real Estate",14,13,2,3,16,16,0,291,0.00
2023-08-22,"Semiconductors",0,10,2,0,2,10,-8,114,-7.02
2023-08-22,"Technology ex-Semis",30,19,3,4,33,23,10,384,2.60
2023-08-22,"Utilities",10,2,0,1,10,3,7,120,5.83
2023-08-23,"Communication/Media",35,5,1,8,36,13,23,341,6.74
2023-08-23,"Consumer Discretionary",100,13,2,11,102,24,78,553,14.10
2023-08-23,"Consumer Staples",30,5,1,2,31,7,24,221,10.86
2023-08-23,"Energy",43,8,0,14,43,22,21,270,7.78
2023-08-23,"Financials",136,23,6,20,142,43,99,891,11.11
2023-08-23,"Healthcare",71,55,17,5,88,60,28,1068,2.62
2023-08-23,"Industrials",104,24,7,6,111,30,81,892,9.08
2023-08-23,"Materials",32,3,5,5,37,8,29,272,10.66
2023-08-23,"Real Estate",71,7,2,1,73,8,65,291,22.34
2023-08-23,"Semiconductors",13,1,1,0,14,1,13,114,11.40
2023-08-23,"Technology ex-Semis",51,8,8,2,59,10,49,384,12.76
2023-08-23,"Utilities",22,3,1,1,23,4,19,120,15.83
2023-08-24,"Communication/Media",14,29,2,9,16,38,-22,341,-6.45
2023-08-24,"Consumer Discretionary",10,53,3,14,13,67,-54,553,-9.76
2023-08-24,"Consumer Staples",10,20,2,2,12,22,-10,221,-4.52
2023-08-24,"Energy",8,33,1,6,9,39,-30,270,-11.11
2023-08-24,"Financials",53,68,3,3,56,71,-15,891,-1.68
2023-08-24,"Healthcare",54,88,3,14,57,102,-45,1068,-4.21
2023-08-24,"Industrials",20,106,9,13,29,119,-90,892,-10.09
2023-08-24,"Materials",14,15,1,7,15,22,-7,272,-2.57
2023-08-24,"Real Estate",8,38,4,4,12,42,-30,291,-10.31
2023-08-24,"Semiconductors",0,17,0,1,0,18,-18,114,-15.79
2023-08-24,"Technology ex-Semis",13,49,6,10,19,59,-40,384,-10.42
2023-08-24,"Utilities",1,19,0,0,1,19,-18,120,-15.00
2023-08-25,"Communication/Media",19,10,2,6,21,16,5,341,1.47
2023-08-25,"Consumer Discretionary",49,13,3,17,52,30,22,553,3.98
2023-08-25,"Consumer Staples",23,11,0,6,23,17,6,221,2.71
2023-08-25,"Energy",22,12,1,4,23,16,7,270,2.59
2023-08-25,"Financials",41,18,6,12,47,30,17,891,1.91
2023-08-25,"Healthcare",83,26,9,17,92,43,49,1068,4.59
2023-08-25,"Industrials",55,14,3,12,58,26,32,892,3.59
2023-08-25,"Materials",20,11,1,3,21,14,7,272,2.57
2023-08-25,"Real Estate",10,12,2,3,12,15,-3,291,-1.03
2023-08-25,"Semiconductors",12,1,0,3,12,4,8,114,7.02
2023-08-25,"Technology ex-Semis",28,7,5,4,33,11,22,384,5.73
2023-08-25,"Utilities",8,2,3,0,11,2,9,120,7.50
2023-08-28,"Communication/Media",30,10,5,5,35,15,20,341,5.87
2023-08-28,"Consumer Discretionary",53,24,3,5,56,29,27,553,4.88
2023-08-28,"Consumer Staples",19,9,1,1,20,10,10,221,4.52
2023-08-28,"Energy",16,12,5,4,21,16,5,270,1.85
2023-08-28,"Financials",66,46,11,4,77,50,27,891,3.03
2023-08-28,"Healthcare",62,71,18,13,80,84,-4,1068,-0.37
2023-08-28,"Industrials",51,49,11,11,62,60,2,892,0.22
2023-08-28,"Materials",21,10,3,0,24,10,14,272,5.15
2023-08-28,"Real Estate",23,16,5,4,28,20,8,291,2.75
2023-08-28,"Semiconductors",5,1,2,0,7,1,6,114,5.26
2023-08-28,"Technology ex-Semis",24,14,4,2,28,16,12,384,3.13
2023-08-28,"Utilities",6,9,0,0,6,9,-3,120,-2.50
2023-08-29,"Communication/Media",41,10,13,3,54,13,41,341,12.02
2023-08-29,"Consumer Discretionary",94,25,5,4,99,29,70,553,12.66
2023-08-29,"Consumer Staples",35,5,3,0,38,5,33,221,14.93
2023-08-29,"Energy",40,4,2,0,42,4,38,270,14.07
2023-08-29,"Financials",92,39,15,5,107,44,63,891,7.07
2023-08-29,"Healthcare",100,42,21,5,121,47,74,1068,6.93
2023-08-29,"Industrials",91,25,22,4,113,29,84,892,9.42
2023-08-29,"Materials",41,5,5,1,46,6,40,272,14.71
2023-08-29,"Real Estate",29,6,9,2,38,8,30,291,10.31
2023-08-29,"Semiconductors",12,3,3,1,15,4,11,114,9.65
2023-08-29,"Technology ex-Semis",27,10,8,2,35,12,23,384,5.99
2023-08-29,"Utilities",15,6,0,0,15,6,9,120,7.50
2023-08-30,"Communication/Media",26,18,11,2,37,20,17,341,4.99
2023-08-30,"Consumer Discretionary",39,31,10,4,49,35,14,553,2.53
2023-08-30,"Consumer Staples",7,15,6,2,13,17,-4,221,-1.81
2023-08-30,"Energy",12,21,4,3,16,24,-8,270,-2.96
2023-08-30,"Financials",38,70,17,8,55,78,-23,891,-2.58
2023-08-30,"Healthcare",58,87,23,16,81,103,-22,1068,-2.06
2023-08-30,"Industrials",52,66,18,4,70,70,0,892,0.00
2023-08-30,"Materials",8,25,15,1,23,26,-3,272,-1.10
2023-08-30,"Real Estate",9,13,14,0,23,13,10,291,3.44
2023-08-30,"Semiconductors",5,2,4,1,9,3,6,114,5.26
2023-08-30,"Technology ex-Semis",23,16,22,1,45,17,28,384,7.29
2023-08-30,"Utilities",3,9,0,1,3,10,-7,120,-5.83
2023-08-31,"Communication/Media",9,41,9,2,18,43,-25,341,-7.33
2023-08-31,"Consumer Discretionary",16,62,9,7,25,69,-44,553,-7.96
2023-08-31,"Consumer Staples",14,26,6,1,20,27,-7,221,-3.17
2023-08-31,"Energy",11,27,3,3,14,30,-16,270,-5.93
2023-08-31,"Financials",46,85,10,13,56,98,-42,891,-4.71
2023-08-31,"Healthcare",37,125,25,14,62,139,-77,1068,-7.21
2023-08-31,"Industrials",15,119,30,3,45,122,-77,892,-8.63
2023-08-31,"Materials",3,29,9,3,12,32,-20,272,-7.35
2023-08-31,"Real Estate",2,51,9,1,11,52,-41,291,-14.09
2023-08-31,"Semiconductors",4,8,5,0,9,8,1,114,0.88
2023-08-31,"Technology ex-Semis",13,55,26,2,39,57,-18,384,-4.69
2023-08-31,"Utilities",3,19,3,2,6,21,-15,120,-12.50
2023-09-01,"Communication/Media",11,32,1,6,12,38,-26,341,-7.62
2023-09-01,"Consumer Discretionary",21,22,12,2,33,24,9,553,1.63
2023-09-01,"Consumer Staples",6,30,7,6,13,36,-23,221,-10.41
2023-09-01,"Energy",15,14,25,1,40,15,25,270,9.26
2023-09-01,"Financials",42,68,19,4,61,72,-11,891,-1.23
2023-09-01,"Healthcare",48,92,20,12,68,104,-36,1068,-3.37
2023-09-01,"Industrials",28,46,45,4,73,50,23,892,2.58
2023-09-01,"Materials",7,32,14,3,21,35,-14,272,-5.15
2023-09-01,"Real Estate",4,34,7,2,11,36,-25,291,-8.59
2023-09-01,"Semiconductors",2,11,9,0,11,11,0,114,0.00
2023-09-01,"Technology ex-Semis",6,35,17,5,23,40,-17,384,-4.43
2023-09-01,"Utilities",4,6,2,6,6,12,-6,120,-5.00
2023-09-05,"Communication/Media",14,22,8,10,22,32,-10,341,-2.93
2023-09-05,"Consumer Discretionary",15,54,7,25,22,79,-57,553,-10.31
2023-09-05,"Consumer Staples",7,20,2,17,9,37,-28,221,-12.67
2023-09-05,"Energy",3,44,13,6,16,50,-34,270,-12.59
2023-09-05,"Financials",26,168,9,41,35,209,-174,891,-19.53
2023-09-05,"Healthcare",39,119,24,34,63,153,-90,1068,-8.43
2023-09-05,"Industrials",36,105,11,49,47,154,-107,892,-12.00
2023-09-05,"Materials",7,42,4,14,11,56,-45,272,-16.54
2023-09-05,"Real Estate",7,51,3,8,10,59,-49,291,-16.84
2023-09-05,"Semiconductors",2,9,2,0,4,9,-5,114,-4.39
2023-09-05,"Technology ex-Semis",17,20,12,2,29,22,7,384,1.82
2023-09-05,"Utilities",6,9,0,10,6,19,-13,120,-10.83
2023-09-06,"Communication/Media",11,26,5,10,16,36,-20,341,-5.87
2023-09-06,"Consumer Discretionary",34,38,4,10,38,48,-10,553,-1.81
2023-09-06,"Consumer Staples",12,14,1,13,13,27,-14,221,-6.33
2023-09-06,"Energy",1,19,0,7,1,26,-25,270,-9.26
2023-09-06,"Financials",19,88,6,50,25,138,-113,891,-12.68
2023-09-06,"Healthcare",71,67,14,38,85,105,-20,1068,-1.87
2023-09-06,"Industrials",21,63,10,25,31,88,-57,892,-6.39
2023-09-06,"Materials",5,20,2,12,7,32,-25,272,-9.19
2023-09-06,"Real Estate",9,19,2,10,11,29,-18,291,-6.19
2023-09-06,"Semiconductors",4,8,2,2,6,10,-4,114,-3.51
2023-09-06,"Technology ex-Semis",3,27,11,3,14,30,-16,384,-4.17
2023-09-06,"Utilities",10,5,0,1,10,6,4,120,3.33
2023-09-07,"Communication/Media",15,25,5,16,20,41,-21,341,-6.16
2023-09-07,"Consumer Discretionary",48,25,6,30,54,55,-1,553,-0.18
2023-09-07,"Consumer Staples",12,6,1,5,13,11,2,221,0.90
2023-09-07,"Energy",10,21,5,5,15,26,-11,270,-4.07
2023-09-07,"Financials",38,44,6,41,44,85,-41,891,-4.60
2023-09-07,"Healthcare",83,72,10,26,93,98,-5,1068,-0.47
2023-09-07,"Industrials",54,45,5,49,59,94,-35,892,-3.92
2023-09-07,"Materials",10,14,1,20,11,34,-23,272,-8.46
2023-09-07,"Real Estate",15,18,3,5,18,23,-5,291,-1.72
2023-09-07,"Semiconductors",5,3,0,16,5,19,-14,114,-12.28
2023-09-07,"Technology ex-Semis",21,27,4,11,25,38,-13,384,-3.39
2023-09-07,"Utilities",11,5,1,1,12,6,6,120,5.00
2023-09-08,"Communication/Media",22,22,7,9,29,31,-2,341,-0.59
2023-09-08,"Consumer Discretionary",34,23,3,15,37,38,-1,553,-0.18
2023-09-08,"Consumer Staples",18,20,3,6,21,26,-5,221,-2.26
2023-09-08,"Energy",19,15,6,2,25,17,8,270,2.96
2023-09-08,"Financials",68,34,8,24,76,58,18,891,2.02
2023-09-08,"Healthcare",71,69,13,33,84,102,-18,1068,-1.69
2023-09-08,"Industrials",43,61,6,33,49,94,-45,892,-5.04
2023-09-08,"Materials",12,21,2,8,14,29,-15,272,-5.51
2023-09-08,"Real Estate",14,26,3,5,17,31,-14,291,-4.81
2023-09-08,"Semiconductors",2,4,0,3,2,7,-5,114,-4.39
2023-09-08,"Technology ex-Semis",17,38,2,4,19,42,-23,384,-5.99
2023-09-08,"Utilities",15,3,0,3,15,6,9,120,7.50
2023-09-11,"Communication/Media",15,20,6,6,21,26,-5,341,-1.47
2023-09-11,"Consumer Discretionary",31,32,11,11,42,43,-1,553,-0.18
2023-09-11,"Consumer Staples",16,13,8,4,24,17,7,221,3.17
2023-09-11,"Energy",4,42,9,8,13,50,-37,270,-13.70
2023-09-11,"Financials",54,65,17,9,71,74,-3,891,-0.34
2023-09-11,"Healthcare",86,53,30,13,116,66,50,1068,4.68
2023-09-11,"Industrials",60,48,11,10,71,58,13,892,1.46
2023-09-11,"Materials",12,20,4,4,16,24,-8,272,-2.94
2023-09-11,"Real Estate",16,21,8,4,24,25,-1,291,-0.34
2023-09-11,"Semiconductors",3,9,2,1,5,10,-5,114,-4.39
2023-09-11,"Technology ex-Semis",11,34,1,13,12,47,-35,384,-9.11
2023-09-11,"Utilities",6,7,4,1,10,8,2,120,1.67
2023-09-12,"Communication/Media",20,16,1,8,21,24,-3,341,-0.88
2023-09-12,"Consumer Discretionary",39,33,11,7,50,40,10,553,1.81
2023-09-12,"Consumer Staples",10,23,1,2,11,25,-14,221,-6.33
2023-09-12,"Energy",30,18,16,2,46,20,26,270,9.63
2023-09-12,"Financials",75,38,18,14,93,52,41,891,4.60
2023-09-12,"Healthcare",60,70,21,27,81,97,-16,1068,-1.50
2023-09-12,"Industrials",49,49,14,16,63,65,-2,892,-0.22
2023-09-12,"Materials",21,9,1,5,22,14,8,272,2.94
2023-09-12,"Real Estate",23,24,4,0,27,24,3,291,1.03
2023-09-12,"Semiconductors",3,4,0,4,3,8,-5,114,-4.39
2023-09-12,"Technology ex-Semis",14,40,3,17,17,57,-40,384,-10.42
2023-09-12,"Utilities",11,4,0,0,11,4,7,120,5.83
2023-09-13,"Communication/Media",31,15,4,4,35,19,16,341,4.69
2023-09-13,"Consumer Discretionary",25,29,4,16,29,45,-16,553,-2.89
2023-09-13,"Consumer Staples",18,16,0,3,18,19,-1,221,-0.45
2023-09-13,"Energy",6,34,3,6,9,40,-31,270,-11.48
2023-09-13,"Financials",52,78,21,21,73,99,-26,891,-2.92
2023-09-13,"Healthcare",46,89,19,32,65,121,-56,1068,-5.24
2023-09-13,"Industrials",38,45,8,25,46,70,-24,892,-2.69
2023-09-13,"Materials",16,16,5,10,21,26,-5,272,-1.84
2023-09-13,"Real Estate",4,30,3,12,7,42,-35,291,-12.03
2023-09-13,"Semiconductors",7,8,0,1,7,9,-2,114,-1.75
2023-09-13,"Technology ex-Semis",16,22,1,8,17,30,-13,384,-3.39
2023-09-13,"Utilities",12,3,11,0,23,3,20,120,16.67
2023-09-14,"Communication/Media",29,7,7,6,36,13,23,341,6.74
2023-09-14,"Consumer Discretionary",85,13,15,2,100,15,85,553,15.37
2023-09-14,"Consumer Staples",39,6,4,4,43,10,33,221,14.93
2023-09-14,"Energy",6,20,8,1,14,21,-7,270,-2.59
2023-09-14,"Financials",121,29,39,10,160,39,121,891,13.58
2023-09-14,"Healthcare",81,55,19,14,100,69,31,1068,2.90
2023-09-14,"Industrials",119,28,14,6,133,34,99,892,11.10
2023-09-14,"Materials",39,3,12,3,51,6,45,272,16.54
2023-09-14,"Real Estate",44,7,23,3,67,10,57,291,19.59
2023-09-14,"Semiconductors",16,3,3,1,19,4,15,114,13.16
2023-09-14,"Technology ex-Semis",43,11,3,1,46,12,34,384,8.85
2023-09-14,"Utilities",6,4,14,1,20,5,15,120,12.50
2023-09-15,"Communication/Media",12,27,10,10,22,37,-15,341,-4.40
2023-09-15,"Consumer Discretionary",26,52,8,9,34,61,-27,553,-4.88
2023-09-15,"Consumer Staples",9,24,9,10,18,34,-16,221,-7.24
2023-09-15,"Energy",9,42,5,4,14,46,-32,270,-11.85
2023-09-15,"Financials",40,62,36,17,76,79,-3,891,-0.34
2023-09-15,"Healthcare",82,70,21,35,103,105,-2,1068,-0.19
2023-09-15,"Industrials",54,42,19,17,73,59,14,892,1.57
2023-09-15,"Materials",17,19,14,3,31,22,9,272,3.31
2023-09-15,"Real Estate",16,13,6,2,22,15,7,291,2.41
2023-09-15,"Semiconductors",3,9,0,8,3,17,-14,114,-12.28
2023-09-15,"Technology ex-Semis",24,23,8,8,32,31,1,384,0.26
2023-09-15,"Utilities",5,10,6,2,11,12,-1,120,-0.83
2023-09-18,"Communication/Media",26,21,4,7,30,28,2,341,0.59
2023-09-18,"Consumer Discretionary",26,36,7,7,33,43,-10,553,-1.81
2023-09-18,"Consumer Staples",18,13,5,4,23,17,6,221,2.71
2023-09-18,"Energy",10,25,7,0,17,25,-8,270,-2.96
2023-09-18,"Financials",42,76,16,23,58,99,-41,891,-4.60
2023-09-18,"Healthcare",53,75,16,37,69,112,-43,1068,-4.03
2023-09-18,"Industrials",41,47,14,21,55,68,-13,892,-1.46
2023-09-18,"Materials",9,21,8,3,17,24,-7,272,-2.57
2023-09-18,"Real Estate",8,45,3,7,11,52,-41,291,-14.09
2023-09-18,"Semiconductors",9,1,0,2,9,3,6,114,5.26
2023-09-18,"Technology ex-Semis",25,30,3,8,28,38,-10,384,-2.60
2023-09-18,"Utilities",6,9,1,0,7,9,-2,120,-1.67
2023-09-19,"Communication/Media",30,17,2,7,32,24,8,341,2.35
2023-09-19,"Consumer Discretionary",50,23,5,15,55,38,17,553,3.07
2023-09-19,"Consumer Staples",7,14,6,3,13,17,-4,221,-1.81
2023-09-19,"Energy",5,50,4,2,9,52,-43,270,-15.93
2023-09-19,"Financials",37,54,10,17,47,71,-24,891,-2.69
2023-09-19,"Healthcare",82,44,10,33,92,77,15,1068,1.40
2023-09-19,"Industrials",47,49,7,25,54,74,-20,892,-2.24
2023-09-19,"Materials",19,30,3,8,22,38,-16,272,-5.88
2023-09-19,"Real Estate",11,27,5,4,16,31,-15,291,-5.15
2023-09-19,"Semiconductors",6,4,0,3,6,7,-1,114,-0.88
2023-09-19,"Technology ex-Semis",31,11,2,13,33,24,9,384,2.34
2023-09-19,"Utilities",3,24,2,2,5,26,-21,120,-17.50
2023-09-20,"Communication/Media",7,52,7,4,14,56,-42,341,-12.32
2023-09-20,"Consumer Discretionary",8,73,4,8,12,81,-69,553,-12.48
2023-09-20,"Consumer Staples",6,25,4,3,10,28,-18,221,-8.14
2023-09-20,"Energy",4,27,4,10,8,37,-29,270,-10.74
2023-09-20,"Financials",21,166,17,14,38,180,-142,891,-15.94
2023-09-20,"Healthcare",29,99,11,32,40,131,-91,1068,-8.52
2023-09-20,"Industrials",16,121,16,14,32,135,-103,892,-11.55
2023-09-20,"Materials",8,35,3,3,11,38,-27,272,-9.93
2023-09-20,"Real Estate",3,54,3,4,6,58,-52,291,-17.87
2023-09-20,"Semiconductors",1,15,0,2,1,17,-16,114,-14.04
2023-09-20,"Technology ex-Semis",5,40,5,7,10,47,-37,384,-9.64
2023-09-20,"Utilities",0,14,5,1,5,15,-10,120,-8.33
2023-09-21,"Communication/Media",22,22,4,14,26,36,-10,341,-2.93
2023-09-21,"Consumer Discretionary",23,33,3,26,26,59,-33,553,-5.97
2023-09-21,"Consumer Staples",14,15,1,16,15,31,-16,221,-7.24
2023-09-21,"Energy",7,31,2,20,9,51,-42,270,-15.56
2023-09-21,"Financials",39,61,3,65,42,126,-84,891,-9.43
2023-09-21,"Healthcare",88,34,6,55,94,89,5,1068,0.47
2023-09-21,"Industrials",38,34,5,62,43,96,-53,892,-5.94
2023-09-21,"Materials",11,15,0,20,11,35,-24,272,-8.82
2023-09-21,"Real Estate",7,15,0,59,7,74,-67,291,-23.02
2023-09-21,"Semiconductors",5,2,1,12,6,14,-8,114,-7.02
2023-09-21,"Technology ex-Semis",15,22,2,43,17,65,-48,384,-12.50
2023-09-21,"Utilities",3,14,0,8,3,22,-19,120,-15.83
2023-09-22,"Communication/Media",12,23,1,3,13,26,-13,341,-3.81
2023-09-22,"Consumer Discretionary",21,19,1,14,22,33,-11,553,-1.99
2023-09-22,"Consumer Staples",10,18,1,7,11,25,-14,221,-6.33
2023-09-22,"Energy",10,19,1,3,11,22,-11,270,-4.07
2023-09-22,"Financials",36,43,3,26,39,69,-30,891,-3.37
2023-09-22,"Healthcare",54,48,3,17,57,65,-8,1068,-0.75
2023-09-22,"Industrials",39,41,11,19,50,60,-10,892,-1.12
2023-09-22,"Materials",8,28,3,8,11,36,-25,272,-9.19
2023-09-22,"Real Estate",11,11,1,12,12,23,-11,291,-3.78
2023-09-22,"Semiconductors",6,2,1,0,7,2,5,114,4.39
2023-09-22,"Technology ex-Semis",19,20,0,7,19,27,-8,384,-2.08
2023-09-22,"Utilities",5,5,0,3,5,8,-3,120,-2.50
2023-09-25,"Communication/Media",33,13,4,18,37,31,6,341,1.76
2023-09-25,"Consumer Discretionary",71,15,5,20,76,35,41,553,7.41
2023-09-25,"Consumer Staples",16,15,0,13,16,28,-12,221,-5.43
2023-09-25,"Energy",59,2,2,1,61,3,58,270,21.48
2023-09-25,"Financials",124,31,2,25,126,56,70,891,7.86
2023-09-25,"Healthcare",95,47,7,32,102,79,23,1068,2.15
2023-09-25,"Industrials",104,27,7,19,111,46,65,892,7.29
2023-09-25,"Materials",39,5,2,15,41,20,21,272,7.72
2023-09-25,"Real Estate",30,7,1,11,31,18,13,291,4.47
2023-09-25,"Semiconductors",24,2,0,2,24,4,20,114,17.54
2023-09-25,"Technology ex-Semis",33,8,2,9,35,17,18,384,4.69
2023-09-25,"Utilities",6,3,0,2,6,5,1,120,0.83
2023-09-26,"Communication/Media",17,18,4,28,21,46,-25,341,-7.33
2023-09-26,"Consumer Discretionary",22,34,1,20,23,54,-31,553,-5.61
2023-09-26,"Consumer Staples",13,11,0,10,13,21,-8,221,-3.62
2023-09-26,"Energy",8,34,6,6,14,40,-26,270,-9.63
2023-09-26,"Financials",16,80,8,41,24,121,-97,891,-10.89
2023-09-26,"Healthcare",63,68,15,16,78,84,-6,1068,-0.56
2023-09-26,"Industrials",25,82,2,37,27,119,-92,892,-10.31
2023-09-26,"Materials",5,11,0,15,5,26,-21,272,-7.72
2023-09-26,"Real Estate",9,13,1,26,10,39,-29,291,-9.97
2023-09-26,"Semiconductors",4,8,0,6,4,14,-10,114,-8.77
2023-09-26,"Technology ex-Semis",18,19,2,31,20,50,-30,384,-7.81
2023-09-26,"Utilities",2,9,0,17,2,26,-24,120,-20.00
2023-09-27,"Communication/Media",34,12,0,11,34,23,11,341,3.23
2023-09-27,"Consumer Discretionary",39,25,2,12,41,37,4,553,0.72
2023-09-27,"Consumer Staples",12,13,1,10,13,23,-10,221,-4.52
2023-09-27,"Energy",19,8,10,1,29,9,20,270,7.41
2023-09-27,"Financials",51,27,5,41,56,68,-12,891,-1.35
2023-09-27,"Healthcare",68,49,13,21,81,70,11,1068,1.03
2023-09-27,"Industrials",99,29,11,12,110,41,69,892,7.74
2023-09-27,"Materials",18,10,2,12,20,22,-2,272,-0.74
2023-09-27,"Real Estate",12,7,1,13,13,20,-7,291,-2.41
2023-09-27,"Semiconductors",11,6,0,1,11,7,4,114,3.51
2023-09-27,"Technology ex-Semis",31,6,1,3,32,9,23,384,5.99
2023-09-27,"Utilities",2,3,0,14,2,17,-15,120,-12.50
2023-09-28,"Communication/Media",42,15,5,7,47,22,25,341,7.33
2023-09-28,"Consumer Discretionary",81,12,7,5,88,17,71,553,12.84
2023-09-28,"Consumer Staples",20,6,0,2,20,8,12,221,5.43
2023-09-28,"Energy",11,21,12,2,23,23,0,270,0.00
2023-09-28,"Financials",106,37,5,19,111,56,55,891,6.17
2023-09-28,"Healthcare",96,46,12,11,108,57,51,1068,4.78
2023-09-28,"Industrials",73,43,14,10,87,53,34,892,3.81
2023-09-28,"Materials",40,6,2,8,42,14,28,272,10.29
2023-09-28,"Real Estate",49,6,2,12,51,18,33,291,11.34
2023-09-28,"Semiconductors",17,2,0,1,17,3,14,114,12.28
2023-09-28,"Technology ex-Semis",53,7,4,14,57,21,36,384,9.38
2023-09-28,"Utilities",3,2,3,11,6,13,-7,120,-5.83
2023-09-29,"Communication/Media",19,31,2,1,21,32,-11,341,-3.23
2023-09-29,"Consumer Discretionary",21,55,9,4,30,59,-29,553,-5.24
2023-09-29,"Consumer Staples",6,17,2,2,8,19,-11,221,-4.98
2023-09-29,"Energy",4,46,6,4,10,50,-40,270,-14.81
2023-09-29,"Financials",40,93,15,13,55,106,-51,891,-5.72
2023-09-29,"Healthcare",72,74,9,13,81,87,-6,1068,-0.56
2023-09-29,"Industrials",26,114,3,7,29,121,-92,892,-10.31
2023-09-29,"Materials",12,31,2,1,14,32,-18,272,-6.62
2023-09-29,"Real Estate",10,29,1,3,11,32,-21,291,-7.22
2023-09-29,"Semiconductors",2,11,2,0,4,11,-7,114,-6.14
2023-09-29,"Technology ex-Semis",23,37,7,2,30,39,-9,384,-2.34
2023-09-29,"Utilities",2,2,1,3,3,5,-2,120,-1.67
2023-10-02,"Communication/Media",14,25,6,5,20,30,-10,341,-2.93
2023-10-02,"Consumer Discretionary",34,35,7,8,41,43,-2,553,-0.36
2023-10-02,"Consumer Staples",13,12,1,7,14,19,-5,221,-2.26
2023-10-02,"Energy",5,42,1,44,6,86,-80,270,-29.63
2023-10-02,"Financials",39,51,5,40,44,91,-47,891,-5.27
2023-10-02,"Healthcare",50,46,8,41,58,87,-29,1068,-2.72
2023-10-02,"Industrials",35,41,3,25,38,66,-28,892,-3.14
2023-10-02,"Materials",5,19,0,11,5,30,-25,272,-9.19
2023-10-02,"Real Estate",12,13,0,6,12,19,-7,291,-2.41
2023-10-02,"Semiconductors",2,4,0,1,2,5,-3,114,-2.63
2023-10-02,"Technology ex-Semis",28,26,4,10,32,36,-4,384,-1.04
2023-10-02,"Utilities",1,2,0,12,1,14,-13,120,-10.83
2023-10-03,"Communication/Media",18,26,2,12,20,38,-18,341,-5.28
2023-10-03,"Consumer Discretionary",15,44,2,33,17,77,-60,553,-10.85
2023-10-03,"Consumer Staples",6,9,0,11,6,20,-14,221,-6.33
2023-10-03,"Energy",14,3,0,33,14,36,-22,270,-8.15
2023-10-03,"Financials",29,35,6,88,35,123,-88,891,-9.88
2023-10-03,"Healthcare",72,39,12,33,84,72,12,1068,1.12
2023-10-03,"Industrials",27,51,1,39,28,90,-62,892,-6.95
2023-10-03,"Materials",20,15,1,10,21,25,-4,272,-1.47
2023-10-03,"Real Estate",9,2,0,20,9,22,-13,291,-4.47
2023-10-03,"Semiconductors",2,8,1,2,3,10,-7,114,-6.14
2023-10-03,"Technology ex-Semis",11,36,1,18,12,54,-42,384,-10.94
2023-10-03,"Utilities",18,2,0,2,18,4,14,120,11.67
2023-10-04,"Communication/Media",47,7,4,15,51,22,29,341,8.50
2023-10-04,"Consumer Discretionary",73,16,5,10,78,26,52,553,9.40
2023-10-04,"Consumer Staples",36,7,3,3,39,10,29,221,13.12
2023-10-04,"Energy",8,8,0,52,8,60,-52,270,-19.26
2023-10-04,"Financials",161,16,6,27,167,43,124,891,13.92
2023-10-04,"Healthcare",93,38,10,21,103,59,44,1068,4.12
2023-10-04,"Industrials",131,21,9,14,140,35,105,892,11.77
2023-10-04,"Materials",25,4,2,7,27,11,16,272,5.88
2023-10-04,"Real Estate",59,7,2,4,61,11,50,291,17.18
2023-10-04,"Semiconductors",15,3,2,0,17,3,14,114,12.28
2023-10-04,"Technology ex-Semis",57,4,2,5,59,9,50,384,13.02
2023-10-04,"Utilities",10,2,0,1,10,3,7,120,5.83
2023-10-05,"Communication/Media",28,19,2,7,30,26,4,341,1.17
2023-10-05,"Consumer Discretionary",32,24,9,16,41,40,1,553,0.18
2023-10-05,"Consumer Staples",10,12,2,9,12,21,-9,221,-4.07
2023-10-05,"Energy",49,4,0,6,49,10,39,270,14.44
2023-10-05,"Financials",135,36,10,11,145,47,98,891,11.00
2023-10-05,"Healthcare",129,48,13,10,142,58,84,1068,7.87
2023-10-05,"Industrials",46,38,4,15,50,53,-3,892,-0.34
2023-10-05,"Materials",26,8,0,3,26,11,15,272,5.51
2023-10-05,"Real Estate",49,14,1,2,50,16,34,291,11.68
2023-10-05,"Semiconductors",2,8,2,2,4,10,-6,114,-5.26
2023-10-05,"Technology ex-Semis",20,9,3,9,23,18,5,384,1.30
2023-10-05,"Utilities",12,2,1,2,13,4,9,120,7.50
2023-10-06,"Communication/Media",37,9,9,5,46,14,32,341,9.38
2023-10-06,"Consumer Discretionary",75,24,5,10,80,34,46,553,8.32
2023-10-06,"Consumer Staples",45,5,0,1,45,6,39,221,17.65
2023-10-06,"Energy",18,1,0,2,18,3,15,270,5.56
2023-10-06,"Financials",118,18,20,10,138,28,110,891,12.35
2023-10-06,"Healthcare",121,27,18,8,139,35,104,1068,9.74
2023-10-06,"Industrials",114,26,23,14,137,40,97,892,10.87
2023-10-06,"Materials",40,5,3,5,43,10,33,272,12.13
2023-10-06,"Real Estate",35,3,2,3,37,6,31,291,10.65
2023-10-06,"Semiconductors",24,0,5,2,29,2,27,114,23.68
2023-10-06,"Technology ex-Semis",51,4,11,5,62,9,53,384,13.80
2023-10-06,"Utilities",25,0,0,3,25,3,22,120,18.33
2023-10-09,"Communication/Media",38,14,5,3,43,17,26,341,7.62
2023-10-09,"Consumer Discretionary",91,4,6,6,97,10,87,553,15.73
2023-10-09,"Consumer Staples",34,8,2,2,36,10,26,221,11.76
2023-10-09,"Energy",55,8,20,1,75,9,66,270,24.44
2023-10-09,"Financials",91,32,14,8,105,40,65,891,7.30
2023-10-09,"Healthcare",121,40,7,19,128,59,69,1068,6.46
2023-10-09,"Industrials",106,20,36,9,142,29,113,892,12.67
2023-10-09,"Materials",40,8,2,0,42,8,34,272,12.50
2023-10-09,"Real Estate",44,5,2,0,46,5,41,291,14.09
2023-10-09,"Semiconductors",7,1,1,0,8,1,7,114,6.14
2023-10-09,"Technology ex-Semis",28,18,7,4,35,22,13,384,3.39
2023-10-09,"Utilities",15,1,2,1,17,2,15,120,12.50
2023-10-10,"Communication/Media",17,30,14,5,31,35,-4,341,-1.17
2023-10-10,"Consumer Discretionary",48,39,20,1,68,40,28,553,5.06
2023-10-10,"Consumer Staples",21,23,2,3,23,26,-3,221,-1.36
2023-10-10,"Energy",14,13,4,1,18,14,4,270,1.48
2023-10-10,"Financials",45,117,17,4,62,121,-59,891,-6.62
2023-10-10,"Healthcare",98,63,23,4,121,67,54,1068,5.06
2023-10-10,"Industrials",48,86,37,2,85,88,-3,892,-0.34
2023-10-10,"Materials",16,28,4,1,20,29,-9,272,-3.31
2023-10-10,"Real Estate",17,15,5,0,22,15,7,291,2.41
2023-10-10,"Semiconductors",10,6,15,0,25,6,19,114,16.67
2023-10-10,"Technology ex-Semis",11,51,10,1,21,52,-31,384,-8.07
2023-10-10,"Utilities",7,3,1,0,8,3,5,120,4.17
2023-10-11,"Communication/Media",11,35,6,1,17,36,-19,341,-5.57
2023-10-11,"Consumer Discretionary",25,36,9,4,34,40,-6,553,-1.08
2023-10-11,"Consumer Staples",7,20,4,3,11,23,-12,221,-5.43
2023-10-11,"Energy",25,11,4,1,29,12,17,270,6.30
2023-10-11,"Financials",27,66,14,4,41,70,-29,891,-3.25
2023-10-11,"Healthcare",24,126,23,19,47,145,-98,1068,-9.18
2023-10-11,"Industrials",48,44,29,6,77,50,27,892,3.03
2023-10-11,"Materials",14,12,6,2,20,14,6,272,2.21
2023-10-11,"Real Estate",23,12,4,1,27,13,14,291,4.81
2023-10-11,"Semiconductors",5,9,4,0,9,9,0,114,0.00
2023-10-11,"Technology ex-Semis",8,40,10,3,18,43,-25,384,-6.51
2023-10-11,"Utilities",3,3,2,0,5,3,2,120,1.67
2023-10-12,"Communication/Media",14,40,4,8,18,48,-30,341,-8.80
2023-10-12,"Consumer Discretionary",15,65,4,9,19,74,-55,553,-9.95
2023-10-12,"Consumer Staples",16,15,1,11,17,26,-9,221,-4.07
2023-10-12,"Energy",6,12,6,2,12,14,-2,270,-0.74
2023-10-12,"Financials",45,82,7,13,52,95,-43,891,-4.83
2023-10-12,"Healthcare",35,115,23,38,58,153,-95,1068,-8.90
2023-10-12,"Industrials",28,101,10,15,38,116,-78,892,-8.74
2023-10-12,"Materials",6,33,3,7,9,40,-31,272,-11.40
2023-10-12,"Real Estate",17,35,1,1,18,36,-18,291,-6.19
2023-10-12,"Semiconductors",4,13,4,0,8,13,-5,114,-4.39
2023-10-12,"Technology ex-Semis",12,52,11,8,23,60,-37,384,-9.64
2023-10-12,"Utilities",1,9,2,1,3,10,-7,120,-5.83
2023-10-13,"Communication/Media",10,31,1,6,11,37,-26,341,-7.62
2023-10-13,"Consumer Discretionary",38,45,3,15,41,60,-19,553,-3.44
2023-10-13,"Consumer Staples",27,5,3,4,30,9,21,221,9.50
2023-10-13,"Energy",12,23,25,0,37,23,14,270,5.19
2023-10-13,"Financials",25,120,15,31,40,151,-111,891,-12.46
2023-10-13,"Healthcare",84,44,6,21,90,65,25,1068,2.34
2023-10-13,"Industrials",25,83,8,38,33,121,-88,892,-9.87
2023-10-13,"Materials",9,21,6,5,15,26,-11,272,-4.04
2023-10-13,"Real Estate",13,26,1,4,14,30,-16,291,-5.50
2023-10-13,"Semiconductors",2,33,2,6,4,39,-35,114,-30.70
2023-10-13,"Technology ex-Semis",14,38,2,18,16,56,-40,384,-10.42
2023-10-13,"Utilities",1,7,0,0,1,7,-6,120,-5.00
2023-10-16,"Communication/Media",33,16,14,5,47,21,26,341,7.62
2023-10-16,"Consumer Discretionary",68,22,12,5,80,27,53,553,9.58
2023-10-16,"Consumer Staples",24,10,2,1,26,11,15,221,6.79
2023-10-16,"Energy",6,23,11,5,17,28,-11,270,-4.07
2023-10-16,"Financials",58,65,20,3,78,68,10,891,1.12
2023-10-16,"Healthcare",74,60,24,14,98,74,24,1068,2.25
2023-10-16,"Industrials",52,58,10,13,62,71,-9,892,-1.01
2023-10-16,"Materials",17,17,2,2,19,19,0,272,0.00
2023-10-16,"Real Estate",17,5,4,1,21,6,15,291,5.15
2023-10-16,"Semiconductors",13,3,1,0,14,3,11,114,9.65
2023-10-16,"Technology ex-Semis",41,15,7,5,48,20,28,384,7.29
2023-10-16,"Utilities",3,2,0,1,3,3,0,120,0.00
2023-10-17,"Communication/Media",18,18,15,7,33,25,8,341,2.35
2023-10-17,"Consumer Discretionary",37,27,38,7,75,34,41,553,7.41
2023-10-17,"Consumer Staples",17,9,4,2,21,11,10,221,4.52
2023-10-17,"Energy",11,20,10,3,21,23,-2,270,-0.74
2023-10-17,"Financials",54,62,69,13,123,75,48,891,5.39
2023-10-17,"Healthcare",70,80,28,6,98,86,12,1068,1.12
2023-10-17,"Industrials",57,58,25,2,82,60,22,892,2.47
2023-10-17,"Materials",36,11,8,2,44,13,31,272,11.40
2023-10-17,"Real Estate",14,22,14,2,28,24,4,291,1.37
2023-10-17,"Semiconductors",20,1,1,4,21,5,16,114,14.04
2023-10-17,"Technology ex-Semis",30,13,14,2,44,15,29,384,7.55
2023-10-17,"Utilities",3,7,4,0,7,7,0,120,0.00
2023-10-18,"Communication/Media",12,53,1,7,13,60,-47,341,-13.78
2023-10-18,"Consumer Discretionary",12,74,3,9,15,83,-68,553,-12.30
2023-10-18,"Consumer Staples",8,16,2,5,10,21,-11,221,-4.98
2023-10-18,"Energy",3,35,14,1,17,36,-19,270,-7.04
2023-10-18,"Financials",21,202,8,23,29,225,-196,891,-22.00
2023-10-18,"Healthcare",29,90,4,22,33,112,-79,1068,-7.40
2023-10-18,"Industrials",16,124,5,34,21,158,-137,892,-15.36
2023-10-18,"Materials",4,44,9,4,13,48,-35,272,-12.87
2023-10-18,"Real Estate",4,67,3,6,7,73,-66,291,-22.68
2023-10-18,"Semiconductors",3,8,0,4,3,12,-9,114,-7.89
2023-10-18,"Technology ex-Semis",13,50,2,8,15,58,-43,384,-11.20
2023-10-18,"Utilities",1,15,0,2,1,17,-16,120,-13.33
2023-10-19,"Communication/Media",11,29,4,11,15,40,-25,341,-7.33
2023-10-19,"Consumer Discretionary",11,54,5,22,16,76,-60,553,-10.85
2023-10-19,"Consumer Staples",5,18,2,7,7,25,-18,221,-8.14
2023-10-19,"Energy",13,18,3,1,16,19,-3,270,-1.11
2023-10-19,"Financials",25,116,11,31,36,147,-111,891,-12.46
2023-10-19,"Healthcare",30,78,6,22,36,100,-64,1068,-5.99
2023-10-19,"Industrials",16,62,2,60,18,122,-104,892,-11.66
2023-10-19,"Materials",6,14,2,10,8,24,-16,272,-5.88
2023-10-19,"Real Estate",7,31,0,11,7,42,-35,291,-12.03
2023-10-19,"Semiconductors",2,16,3,11,5,27,-22,114,-19.30
2023-10-19,"Technology ex-Semis",12,21,2,9,14,30,-16,384,-4.17
2023-10-19,"Utilities",5,16,0,0,5,16,-11,120,-9.17
2023-10-20,"Communication/Media",17,27,1,15,18,42,-24,341,-7.04
2023-10-20,"Consumer Discretionary",25,34,2,13,27,47,-20,553,-3.62
2023-10-20,"Consumer Staples",8,12,0,3,8,15,-7,221,-3.17
2023-10-20,"Energy",9,50,0,4,9,54,-45,270,-16.67
2023-10-20,"Financials",36,73,9,90,45,163,-118,891,-13.24
2023-10-20,"Healthcare",71,47,4,33,75,80,-5,1068,-0.47
2023-10-20,"Industrials",39,41,4,30,43,71,-28,892,-3.14
2023-10-20,"Materials",6,23,10,11,16,34,-18,272,-6.62
2023-10-20,"Real Estate",8,23,2,7,10,30,-20,291,-6.87
2023-10-20,"Semiconductors",3,3,1,6,4,9,-5,114,-4.39
2023-10-20,"Technology ex-Semis",12,23,5,26,17,49,-32,384,-8.33
2023-10-20,"Utilities",2,8,0,0,2,8,-6,120,-5.00
2023-10-23,"Communication/Media",18,18,4,14,22,32,-10,341,-2.93
2023-10-23,"Consumer Discretionary",27,41,3,20,30,61,-31,553,-5.61
2023-10-23,"Consumer Staples",14,11,2,8,16,19,-3,221,-1.36
2023-10-23,"Energy",8,23,1,2,9,25,-16,270,-5.93
2023-10-23,"Financials",28,42,2,58,30,100,-70,891,-7.86
2023-10-23,"Healthcare",43,55,5,36,48,91,-43,1068,-4.03
2023-10-23,"Industrials",32,37,7,40,39,77,-38,892,-4.26
2023-10-23,"Materials",9,17,2,18,11,35,-24,272,-8.82
2023-10-23,"Real Estate",16,9,0,27,16,36,-20,291,-6.87
2023-10-23,"Semiconductors",7,0,0,6,7,6,1,114,0.88
2023-10-23,"Technology ex-Semis",19,12,5,18,24,30,-6,384,-1.56
2023-10-23,"Utilities",6,4,0,3,6,7,-1,120,-0.83
2023-10-24,"Communication/Media",36,15,6,7,42,22,20,341,5.87
2023-10-24,"Consumer Discretionary",27,17,12,7,39,24,15,553,2.71
2023-10-24,"Consumer Staples",19,7,1,2,20,9,11,221,4.98
2023-10-24,"Energy",10,25,0,4,10,29,-19,270,-7.04
2023-10-24,"Financials",77,32,13,43,90,75,15,891,1.68
2023-10-24,"Healthcare",117,39,13,16,130,55,75,1068,7.02
2023-10-24,"Industrials",69,21,13,22,82,43,39,892,4.37
2023-10-24,"Materials",23,5,3,8,26,13,13,272,4.78
2023-10-24,"Real Estate",43,4,1,4,44,8,36,291,12.37
2023-10-24,"Semiconductors",18,0,0,1,18,1,17,114,14.91
2023-10-24,"Technology ex-Semis",44,18,17,5,61,23,38,384,9.90
2023-10-24,"Utilities",15,2,0,1,15,3,12,120,10.00
2023-10-25,"Communication/Media",6,30,3,9,9,39,-30,341,-8.80
2023-10-25,"Consumer Discretionary",49,24,4,13,53,37,16,553,2.89
2023-10-25,"Consumer Staples",16,12,3,4,19,16,3,221,1.36
2023-10-25,"Energy",17,11,0,5,17,16,1,270,0.37
2023-10-25,"Financials",81,28,6,27,87,55,32,891,3.59
2023-10-25,"Healthcare",46,53,5,34,51,87,-36,1068,-3.37
2023-10-25,"Industrials",45,41,5,30,50,71,-21,892,-2.35
2023-10-25,"Materials",14,27,2,4,16,31,-15,272,-5.51
2023-10-25,"Real Estate",9,10,0,14,9,24,-15,291,-5.15
2023-10-25,"Semiconductors",0,5,1,10,1,15,-14,114,-12.28
2023-10-25,"Technology ex-Semis",14,24,1,20,15,44,-29,384,-7.55
2023-10-25,"Utilities",8,5,2,1,10,6,4,120,3.33
2023-10-26,"Communication/Media",17,16,1,17,18,33,-15,341,-4.40
2023-10-26,"Consumer Discretionary",36,27,6,26,42,53,-11,553,-1.99
2023-10-26,"Consumer Staples",12,9,6,4,18,13,5,221,2.26
2023-10-26,"Energy",32,5,2,12,34,17,17,270,6.30
2023-10-26,"Financials",133,26,16,15,149,41,108,891,12.12
2023-10-26,"Healthcare",77,51,10,30,87,81,6,1068,0.56
2023-10-26,"Industrials",50,30,3,18,53,48,5,892,0.56
2023-10-26,"Materials",32,11,3,3,35,14,21,272,7.72
2023-10-26,"Real Estate",26,10,5,5,31,15,16,291,5.50
2023-10-26,"Semiconductors",5,3,1,0,6,3,3,114,2.63
2023-10-26,"Technology ex-Semis",25,14,3,18,28,32,-4,384,-1.04
2023-10-26,"Utilities",9,10,10,0,19,10,9,120,7.50
2023-10-27,"Communication/Media",19,27,6,10,25,37,-12,341,-3.52
2023-10-27,"Consumer Discretionary",12,42,9,14,21,56,-35,553,-6.33
2023-10-27,"Consumer Staples",4,18,1,5,5,23,-18,221,-8.14
2023-10-27,"Energy",16,19,5,6,21,25,-4,270,-1.48
2023-10-27,"Financials",36,66,16,27,52,93,-41,891,-4.60
2023-10-27,"Healthcare",49,67,7,22,56,89,-33,1068,-3.09
2023-10-27,"Industrials",32,44,7,20,39,64,-25,892,-2.80
2023-10-27,"Materials",30,12,4,3,34,15,19,272,6.99
2023-10-27,"Real Estate",7,19,3,16,10,35,-25,291,-8.59
2023-10-27,"Semiconductors",6,4,0,3,6,7,-1,114,-0.88
2023-10-27,"Technology ex-Semis",10,17,4,10,14,27,-13,384,-3.39
2023-10-27,"Utilities",0,17,0,3,0,20,-20,120,-16.67
2023-10-30,"Communication/Media",44,11,2,1,46,12,34,341,9.97
2023-10-30,"Consumer Discretionary",64,18,4,4,68,22,46,553,8.32
2023-10-30,"Consumer Staples",24,3,5,3,29,6,23,221,10.41
2023-10-30,"Energy",8,13,2,5,10,18,-8,270,-2.96
2023-10-30,"Financials",114,33,19,9,133,42,91,891,10.21
2023-10-30,"Healthcare",121,34,12,9,133,43,90,1068,8.43
2023-10-30,"Industrials",101,21,9,13,110,34,76,892,8.52
2023-10-30,"Materials",19,18,4,4,23,22,1,272,0.37
2023-10-30,"Real Estate",55,6,3,4,58,10,48,291,16.49
2023-10-30,"Semiconductors",4,2,0,2,4,4,0,114,0.00
2023-10-30,"Technology ex-Semis",32,17,5,3,37,20,17,384,4.43
2023-10-30,"Utilities",10,2,2,1,12,3,9,120,7.50
2023-10-31,"Communication/Media",43,6,9,1,52,7,45,341,13.20
2023-10-31,"Consumer Discretionary",69,10,13,7,82,17,65,553,11.75
2023-10-31,"Consumer Staples",22,12,1,5,23,17,6,221,2.71
2023-10-31,"Energy",21,8,7,5,28,13,15,270,5.56
2023-10-31,"Financials",92,30,16,8,108,38,70,891,7.86
2023-10-31,"Healthcare",154,28,15,16,169,44,125,1068,11.70
2023-10-31,"Industrials",127,22,12,11,139,33,106,892,11.88
2023-10-31,"Materials",14,15,3,2,17,17,0,272,0.00
2023-10-31,"Real Estate",48,11,8,3,56,14,42,291,14.43
2023-10-31,"Semiconductors",26,2,1,1,27,3,24,114,21.05
2023-10-31,"Technology ex-Semis",60,16,4,2,64,18,46,384,11.98
2023-10-31,"Utilities",16,4,5,1,21,5,16,120,13.33
2023-11-01,"Communication/Media",25,15,2,1,27,16,11,341,3.23
2023-11-01,"Consumer Discretionary",54,18,15,11,69,29,40,553,7.23
2023-11-01,"Consumer Staples",16,15,10,4,26,19,7,221,3.17
2023-11-01,"Energy",25,17,10,3,35,20,15,270,5.56
2023-11-01,"Financials",86,36,38,6,124,42,82,891,9.20
2023-11-01,"Healthcare",102,45,23,13,125,58,67,1068,6.27
2023-11-01,"Industrials",81,26,13,13,94,39,55,892,6.17
2023-11-01,"Materials",32,7,9,7,41,14,27,272,9.93
2023-11-01,"Real Estate",32,6,6,0,38,6,32,291,11.00
2023-11-01,"Semiconductors",27,3,1,0,28,3,25,114,21.93
2023-11-01,"Technology ex-Semis",29,12,2,1,31,13,18,384,4.69
2023-11-01,"Utilities",14,2,13,0,27,2,25,120,20.83
2023-11-02,"Communication/Media",30,8,26,1,56,9,47,341,13.78
2023-11-02,"Consumer Discretionary",64,17,31,7,95,24,71,553,12.84
2023-11-02,"Consumer Staples",20,12,24,0,44,12,32,221,14.48
2023-11-02,"Energy",47,8,25,4,72,12,60,270,22.22
2023-11-02,"Financials",97,31,109,4,206,35,171,891,19.19
2023-11-02,"Healthcare",82,71,37,14,119,85,34,1068,3.18
2023-11-02,"Industrials",97,31,44,1,141,32,109,892,12.22
2023-11-02,"Materials",33,14,12,1,45,15,30,272,11.03
2023-11-02,"Real Estate",26,5,31,2,57,7,50,291,17.18
2023-11-02,"Semiconductors",16,6,3,0,19,6,13,114,11.40
2023-11-02,"Technology ex-Semis",40,14,21,1,61,15,46,384,11.98
2023-11-02,"Utilities",11,2,27,1,38,3,35,120,29.17
2023-11-03,"Communication/Media",13,14,33,2,46,16,30,341,8.80
2023-11-03,"Consumer Discretionary",36,36,62,3,98,39,59,553,10.67
2023-11-03,"Consumer Staples",7,24,30,1,37,25,12,221,5.43
2023-11-03,"Energy",7,27,8,5,15,32,-17,270,-6.30
2023-11-03,"Financials",28,75,152,4,180,79,101,891,11.34
2023-11-03,"Healthcare",59,56,83,4,142,60,82,1068,7.68
2023-11-03,"Industrials",37,66,70,8,107,74,33,892,3.70
2023-11-03,"Materials",33,15,24,1,57,16,41,272,15.07
2023-11-03,"Real Estate",5,25,68,1,73,26,47,291,16.15
2023-11-03,"Semiconductors",12,2,7,0,19,2,17,114,14.91
2023-11-03,"Technology ex-Semis",35,16,27,1,62,17,45,384,11.72
2023-11-03,"Utilities",3,22,16,0,19,22,-3,120,-2.50
2023-11-06,"Communication/Media",8,43,6,4,14,47,-33,341,-9.68
2023-11-06,"Consumer Discretionary",17,68,10,2,27,70,-43,553,-7.78
2023-11-06,"Consumer Staples",8,21,6,1,14,22,-8,221,-3.62
2023-11-06,"Energy",3,44,3,10,6,54,-48,270,-17.78
2023-11-06,"Financials",14,119,13,8,27,127,-100,891,-11.22
2023-11-06,"Healthcare",22,140,30,8,52,148,-96,1068,-8.99
2023-11-06,"Industrials",28,76,14,5,42,81,-39,892,-4.37
2023-11-06,"Materials",9,36,3,2,12,38,-26,272,-9.56
2023-11-06,"Real Estate",6,42,1,0,7,42,-35,291,-12.03
2023-11-06,"Semiconductors",5,6,3,1,8,7,1,114,0.88
2023-11-06,"Technology ex-Semis",10,44,8,3,18,47,-29,384,-7.55
2023-11-06,"Utilities",0,14,0,2,0,16,-16,120,-13.33
2023-11-07,"Communication/Media",9,25,8,3,17,28,-11,341,-3.23
2023-11-07,"Consumer Discretionary",35,48,14,10,49,58,-9,553,-1.63
2023-11-07,"Consumer Staples",15,10,6,1,21,11,10,221,4.52
2023-11-07,"Energy",11,21,1,46,12,67,-55,270,-20.37
2023-11-07,"Financials",20,78,15,12,35,90,-55,891,-6.17
2023-11-07,"Healthcare",47,83,35,13,82,96,-14,1068,-1.31
2023-11-07,"Industrials",31,43,16,18,47,61,-14,892,-1.57
2023-11-07,"Materials",20,28,3,9,23,37,-14,272,-5.15
2023-11-07,"Real Estate",9,42,2,2,11,44,-33,291,-11.34
2023-11-07,"Semiconductors",6,2,2,2,8,4,4,114,3.51
2023-11-07,"Technology ex-Semis",16,26,31,4,47,30,17,384,4.43
2023-11-07,"Utilities",2,11,2,2,4,13,-9,120,-7.50
2023-11-08,"Communication/Media",10,28,11,11,21,39,-18,341,-5.28
2023-11-08,"Consumer Discretionary",21,66,12,17,33,83,-50,553,-9.04
2023-11-08,"Consumer Staples",3,31,7,1,10,32,-22,221,-9.95
2023-11-08,"Energy",12,12,1,19,13,31,-18,270,-6.67
2023-11-08,"Financials",28,93,12,15,40,108,-68,891,-7.63
2023-11-08,"Healthcare",54,124,26,20,80,144,-64,1068,-5.99
2023-11-08,"Industrials",29,72,17,13,46,85,-39,892,-4.37
2023-11-08,"Materials",10,25,0,8,10,33,-23,272,-8.46
2023-11-08,"Real Estate",4,25,1,2,5,27,-22,291,-7.56
2023-11-08,"Semiconductors",3,6,2,1,5,7,-2,114,-1.75
2023-11-08,"Technology ex-Semis",10,29,13,6,23,35,-12,384,-3.13
2023-11-08,"Utilities",5,8,0,3,5,11,-6,120,-5.00
2023-11-09,"Communication/Media",8,55,12,8,20,63,-43,341,-12.61
2023-11-09,"Consumer Discretionary",13,85,10,22,23,107,-84,553,-15.19
2023-11-09,"Consumer Staples",3,37,8,2,11,39,-28,221,-12.67
2023-11-09,"Energy",7,21,5,9,12,30,-18,270,-6.67
2023-11-09,"Financials",18,166,13,11,31,177,-146,891,-16.39
2023-11-09,"Healthcare",25,180,13,51,38,231,-193,1068,-18.07
2023-11-09,"Industrials",19,135,22,22,41,157,-116,892,-13.00
2023-11-09,"Materials",7,47,7,7,14,54,-40,272,-14.71
2023-11-09,"Real Estate",7,63,5,8,12,71,-59,291,-20.27
2023-11-09,"Semiconductors",2,28,4,1,6,29,-23,114,-20.18
2023-11-09,"Technology ex-Semis",5,84,15,6,20,90,-70,384,-18.23
2023-11-09,"Utilities",1,19,0,4,1,23,-22,120,-18.33
2023-11-10,"Communication/Media",28,15,8,5,36,20,16,341,4.69
2023-11-10,"Consumer Discretionary",57,19,8,14,65,33,32,553,5.79
2023-11-10,"Consumer Staples",13,7,1,10,14,17,-3,221,-1.36
2023-11-10,"Energy",34,12,2,5,36,17,19,270,7.04
2023-11-10,"Financials",67,22,11,10,78,32,46,891,5.16
2023-11-10,"Healthcare",82,59,12,34,94,93,1,1068,0.09
2023-11-10,"Industrials",67,33,10,15,77,48,29,892,3.25
2023-11-10,"Materials",28,9,4,15,32,24,8,272,2.94
2023-11-10,"Real Estate",30,6,1,6,31,12,19,291,6.53
2023-11-10,"Semiconductors",12,4,14,1,26,5,21,114,18.42
2023-11-10,"Technology ex-Semis",43,16,5,4,48,20,28,384,7.29
2023-11-10,"Utilities",9,2,1,4,10,6,4,120,3.33
2023-11-13,"Communication/Media",22,19,4,3,26,22,4,341,1.17
2023-11-13,"Consumer Discretionary",28,31,4,4,32,35,-3,553,-0.54
2023-11-13,"Consumer Staples",8,13,9,6,17,19,-2,221,-0.90
2023-11-13,"Energy",33,7,4,2,37,9,28,270,10.37
2023-11-13,"Financials",47,40,5,12,52,52,0,891,0.00
2023-11-13,"Healthcare",70,52,17,20,87,72,15,1068,1.40
2023-11-13,"Industrials",37,43,12,5,49,48,1,892,0.11
2023-11-13,"Materials",14,13,3,5,17,18,-1,272,-0.37
2023-11-13,"Real Estate",17,17,3,8,20,25,-5,291,-1.72
2023-11-13,"Semiconductors",5,3,1,1,6,4,2,114,1.75
2023-11-13,"Technology ex-Semis",14,25,8,4,22,29,-7,384,-1.82
2023-11-13,"Utilities",7,3,2,3,9,6,3,120,2.50
2023-11-14,"Communication/Media",28,18,22,2,50,20,30,341,8.80
2023-11-14,"Consumer Discretionary",39,14,44,6,83,20,63,553,11.39
2023-11-14,"Consumer Staples",12,6,13,1,25,7,18,221,8.14
2023-11-14,"Energy",33,6,3,2,36,8,28,270,10.37
2023-11-14,"Financials",36,52,128,4,164,56,108,891,12.12
2023-11-14,"Healthcare",84,58,61,12,145,70,75,1068,7.02
2023-11-14,"Industrials",54,23,86,7,140,30,110,892,12.33
2023-11-14,"Materials",33,10,25,2,58,12,46,272,16.91
2023-11-14,"Real Estate",19,8,39,3,58,11,47,291,16.15
2023-11-14,"Semiconductors",8,1,15,1,23,2,21,114,18.42
2023-11-14,"Technology ex-Semis",11,15,37,1,48,16,32,384,8.33
2023-11-14,"Utilities",23,1,8,0,31,1,30,120,25.00
2023-11-15,"Communication/Media",11,29,20,2,31,31,0,341,0.00
2023-11-15,"Consumer Discretionary",18,67,52,3,70,70,0,553,0.00
2023-11-15,"Consumer Staples",7,27,9,1,16,28,-12,221,-5.43
2023-11-15,"Energy",7,37,6,1,13,38,-25,270,-9.26
2023-11-15,"Financials",16,110,49,1,65,111,-46,891,-5.16
2023-11-15,"Healthcare",43,103,70,11,113,114,-1,1068,-0.09
2023-11-15,"Industrials",20,113,72,2,92,115,-23,892,-2.58
2023-11-15,"Materials",8,27,19,1,27,28,-1,272,-0.37
2023-11-15,"Real Estate",8,36,18,1,26,37,-11,291,-3.78
2023-11-15,"Semiconductors",2,8,10,0,12,8,4,114,3.51
2023-11-15,"Technology ex-Semis",12,44,20,3,32,47,-15,384,-3.91
2023-11-15,"Utilities",1,13,7,0,8,13,-5,120,-4.17
2023-11-16,"Communication/Media",13,44,5,3,18,47,-29,341,-8.50
2023-11-16,"Consumer Discretionary",22,81,5,5,27,86,-59,553,-10.67
2023-11-16,"Consumer Staples",9,21,3,1,12,22,-10,221,-4.52
2023-11-16,"Energy",12,18,1,8,13,26,-13,270,-4.81
2023-11-16,"Financials",27,113,13,4,40,117,-77,891,-8.64
2023-11-16,"Healthcare",36,86,15,9,51,95,-44,1068,-4.12
2023-11-16,"Industrials",28,97,8,9,36,106,-70,892,-7.85
2023-11-16,"Materials",9,23,10,0,19,23,-4,272,-1.47
2023-11-16,"Real Estate",4,55,10,1,14,56,-42,291,-14.43
2023-11-16,"Semiconductors",1,9,0,1,1,10,-9,114,-7.89
2023-11-16,"Technology ex-Semis",11,36,3,3,14,39,-25,384,-6.51
2023-11-16,"Utilities",6,13,6,0,12,13,-1,120,-0.83
2023-11-17,"Communication/Media",23,20,3,4,26,24,2,341,0.59
2023-11-17,"Consumer Discretionary",23,29,7,5,30,34,-4,553,-0.72
2023-11-17,"Consumer Staples",9,15,3,2,12,17,-5,221,-2.26
2023-11-17,"Energy",44,3,5,1,49,4,45,270,16.67
2023-11-17,"Financials",33,56,23,2,56,58,-2,891,-0.22
2023-11-17,"Healthcare",77,66,36,9,113,75,38,1068,3.56
2023-11-17,"Industrials",30,28,17,3,47,31,16,892,1.79
2023-11-17,"Materials",9,23,1,2,10,25,-15,272,-5.51
2023-11-17,"Real Estate",16,27,6,3,22,30,-8,291,-2.75
2023-11-17,"Semiconductors",4,6,2,1,6,7,-1,114,-0.88
2023-11-17,"Technology ex-Semis",19,17,4,3,23,20,3,384,0.78
2023-11-17,"Utilities",4,13,1,0,5,13,-8,120,-6.67
2023-11-20,"Communication/Media",8,26,12,3,20,29,-9,341,-2.64
2023-11-20,"Consumer Discretionary",20,36,8,1,28,37,-9,553,-1.63
2023-11-20,"Consumer Staples",12,15,8,1,20,16,4,221,1.81
2023-11-20,"Energy",6,34,15,3,21,37,-16,270,-5.93
2023-11-20,"Financials",45,52,16,1,61,53,8,891,0.90
2023-11-20,"Healthcare",44,69,32,5,76,74,2,1068,0.19
2023-11-20,"Industrials",31,50,21,7,52,57,-5,892,-0.56
2023-11-20,"Materials",19,19,6,4,25,23,2,272,0.74
2023-11-20,"Real Estate",25,17,6,1,31,18,13,291,4.47
2023-11-20,"Semiconductors",4,6,4,0,8,6,2,114,1.75
2023-11-20,"Technology ex-Semis",13,20,10,2,23,22,1,384,0.26
2023-11-20,"Utilities",10,9,4,0,14,9,5,120,4.17
2023-11-21,"Communication/Media",8,48,3,0,11,48,-37,341,-10.85
2023-11-21,"Consumer Discretionary",21,57,8,6,29,63,-34,553,-6.15
2023-11-21,"Consumer Staples",6,26,2,4,8,30,-22,221,-9.95
2023-11-21,"Energy",11,15,2,5,13,20,-7,270,-2.59
2023-11-21,"Financials",17,157,11,5,28,162,-134,891,-15.04
2023-11-21,"Healthcare",34,126,17,8,51,134,-83,1068,-7.77
2023-11-21,"Industrials",24,98,11,6,35,104,-69,892,-7.74
2023-11-21,"Materials",4,32,10,2,14,34,-20,272,-7.35
2023-11-21,"Real Estate",6,27,2,1,8,28,-20,291,-6.87
2023-11-21,"Semiconductors",1,21,0,0,1,21,-20,114,-17.54
2023-11-21,"Technology ex-Semis",7,52,2,4,9,56,-47,384,-12.24
2023-11-21,"Utilities",5,5,0,0,5,5,0,120,0.00
2023-11-22,"Communication/Media",8,33,7,4,15,37,-22,341,-6.45
2023-11-22,"Consumer Discretionary",19,39,10,3,29,42,-13,553,-2.35
2023-11-22,"Consumer Staples",11,10,5,0,16,10,6,221,2.71
2023-11-22,"Energy",58,3,2,5,60,8,52,270,19.26
2023-11-22,"Financials",30,52,7,2,37,54,-17,891,-1.91
2023-11-22,"Healthcare",44,76,13,10,57,86,-29,1068,-2.72
2023-11-22,"Industrials",41,58,16,8,57,66,-9,892,-1.01
2023-11-22,"Materials",11,18,3,3,14,21,-7,272,-2.57
2023-11-22,"Real Estate",9,25,7,1,16,26,-10,291,-3.44
2023-11-22,"Semiconductors",2,14,4,0,6,14,-8,114,-7.02
2023-11-22,"Technology ex-Semis",19,31,9,3,28,34,-6,384,-1.56
2023-11-22,"Utilities",9,5,3,1,12,6,6,120,5.00
2023-11-24,"Communication/Media",32,13,8,0,40,13,27,341,7.92
2023-11-24,"Consumer Discretionary",24,30,5,1,29,31,-2,553,-0.36
2023-11-24,"Consumer Staples",14,9,3,0,17,9,8,221,3.62
2023-11-24,"Energy",15,17,4,0,19,17,2,270,0.74
2023-11-24,"Financials",43,37,9,2,52,39,13,891,1.46
2023-11-24,"Healthcare",71,54,25,2,96,56,40,1068,3.75
2023-11-24,"Industrials",52,36,10,0,62,36,26,892,2.91
2023-11-24,"Materials",15,15,6,1,21,16,5,272,1.84
2023-11-24,"Real Estate",13,11,3,0,16,11,5,291,1.72
2023-11-24,"Semiconductors",2,6,2,1,4,7,-3,114,-2.63
2023-11-24,"Technology ex-Semis",29,9,9,1,38,10,28,384,7.29
2023-11-24,"Utilities",3,8,0,0,3,8,-5,120,-4.17
2023-11-27,"Communication/Media",7,35,6,4,13,39,-26,341,-7.62
2023-11-27,"Consumer Discretionary",23,56,7,0,30,56,-26,553,-4.70
2023-11-27,"Consumer Staples",8,21,3,3,11,24,-13,221,-5.88
2023-11-27,"Energy",10,27,2,1,12,28,-16,270,-5.93
2023-11-27,"Financials",50,67,14,3,64,70,-6,891,-0.67
2023-11-27,"Healthcare",48,115,27,2,75,117,-42,1068,-3.93
2023-11-27,"Industrials",30,72,12,3,42,75,-33,892,-3.70
2023-11-27,"Materials",6,17,7,1,13,18,-5,272,-1.84
2023-11-27,"Real Estate",12,24,5,0,17,24,-7,291,-2.41
2023-11-27,"Semiconductors",7,7,3,0,10,7,3,114,2.63
2023-11-27,"Technology ex-Semis",12,35,6,3,18,38,-20,384,-5.21
2023-11-27,"Utilities",6,9,2,1,8,10,-2,120,-1.67
2023-11-28,"Communication/Media",19,13,5,3,24,16,8,341,2.35
2023-11-28,"Consumer Discretionary",34,40,7,4,41,44,-3,553,-0.54
2023-11-28,"Consumer Staples",9,12,2,4,11,16,-5,221,-2.26
2023-11-28,"Energy",5,24,1,4,6,28,-22,270,-8.15
2023-11-28,"Financials",51,89,9,4,60,93,-33,891,-3.70
2023-11-28,"Healthcare",88,99,18,12,106,111,-5,1068,-0.47
2023-11-28,"Industrials",36,113,6,6,42,119,-77,892,-8.63
2023-11-28,"Materials",16,21,13,1,29,22,7,272,2.57
2023-11-28,"Real Estate",25,13,5,2,30,15,15,291,5.15
2023-11-28,"Semiconductors",7,4,1,1,8,5,3,114,2.63
2023-11-28,"Technology ex-Semis",21,25,11,3,32,28,4,384,1.04
2023-11-28,"Utilities",1,21,3,1,4,22,-18,120,-15.00
2023-11-29,"Communication/Media",8,32,3,4,11,36,-25,341,-7.33
2023-11-29,"Consumer Discretionary",10,78,15,8,25,86,-61,553,-11.03
2023-11-29,"Consumer Staples",4,27,5,2,9,29,-20,221,-9.05
2023-11-29,"Energy",10,25,2,3,12,28,-16,270,-5.93
2023-11-29,"Financials",42,88,18,10,60,98,-38,891,-4.26
2023-11-29,"Healthcare",36,151,28,9,64,160,-96,1068,-8.99
2023-11-29,"Industrials",33,63,22,10,55,73,-18,892,-2.02
2023-11-29,"Materials",7,18,8,0,15,18,-3,272,-1.10
2023-11-29,"Real Estate",6,67,17,1,23,68,-45,291,-15.46
2023-11-29,"Semiconductors",1,23,2,0,3,23,-20,114,-17.54
2023-11-29,"Technology ex-Semis",9,46,12,1,21,47,-26,384,-6.77
2023-11-29,"Utilities",2,19,2,3,4,22,-18,120,-15.00
2023-11-30,"Communication/Media",19,35,8,10,27,45,-18,341,-5.28
2023-11-30,"Consumer Discretionary",26,54,2,11,28,65,-37,553,-6.69
2023-11-30,"Consumer Staples",20,9,4,2,24,11,13,221,5.88
2023-11-30,"Energy",15,15,8,2,23,17,6,270,2.22
2023-11-30,"Financials",38,73,18,7,56,80,-24,891,-2.69
2023-11-30,"Healthcare",57,101,37,11,94,112,-18,1068,-1.69
2023-11-30,"Industrials",49,39,13,5,62,44,18,892,2.02
2023-11-30,"Materials",12,11,3,2,15,13,2,272,0.74
2023-11-30,"Real Estate",9,22,4,0,13,22,-9,291,-3.09
2023-11-30,"Semiconductors",3,10,3,0,6,10,-4,114,-3.51
2023-11-30,"Technology ex-Semis",13,44,3,3,16,47,-31,384,-8.07
2023-11-30,"Utilities",6,1,2,1,8,2,6,120,5.00
2023-12-01,"Communication/Media",47,5,10,2,57,7,50,341,14.66
2023-12-01,"Consumer Discretionary",51,10,22,5,73,15,58,553,10.49
2023-12-01,"Consumer Staples",38,4,10,3,48,7,41,221,18.55
2023-12-01,"Energy",23,17,5,0,28,17,11,270,4.07
2023-12-01,"Financials",61,23,45,4,106,27,79,891,8.87
2023-12-01,"Healthcare",127,47,28,7,155,54,101,1068,9.46
2023-12-01,"Industrials",90,22,40,9,130,31,99,892,11.10
2023-12-01,"Materials",21,3,13,1,34,4,30,272,11.03
2023-12-01,"Real Estate",21,6,28,2,49,8,41,291,14.09
2023-12-01,"Semiconductors",16,4,0,0,16,4,12,114,10.53
2023-12-01,"Technology ex-Semis",31,13,11,3,42,16,26,384,6.77
2023-12-01,"Utilities",10,1,4,0,14,1,13,120,10.83
2023-12-04,"Communication/Media",22,25,14,6,36,31,5,341,1.47
2023-12-04,"Consumer Discretionary",24,40,35,1,59,41,18,553,3.25
2023-12-04,"Consumer Staples",9,13,14,1,23,14,9,221,4.07
2023-12-04,"Energy",12,17,2,6,14,23,-9,270,-3.33
2023-12-04,"Financials",41,50,48,3,89,53,36,891,4.04
2023-12-04,"Healthcare",44,65,44,6,88,71,17,1068,1.59
2023-12-04,"Industrials",29,45,46,7,75,52,23,892,2.58
2023-12-04,"Materials",4,44,11,2,15,46,-31,272,-11.40
2023-12-04,"Real Estate",6,10,19,2,25,12,13,291,4.47
2023-12-04,"Semiconductors",6,4,5,0,11,4,7,114,6.14
2023-12-04,"Technology ex-Semis",16,29,16,3,32,32,0,384,0.00
2023-12-04,"Utilities",1,12,7,0,8,12,-4,120,-3.33
2023-12-05,"Communication/Media",10,47,6,11,16,58,-42,341,-12.32
2023-12-05,"Consumer Discretionary",19,90,6,8,25,98,-73,553,-13.20
2023-12-05,"Consumer Staples",3,31,4,4,7,35,-28,221,-12.67
2023-12-05,"Energy",6,47,2,4,8,51,-43,270,-15.93
2023-12-05,"Financials",14,128,17,6,31,134,-103,891,-11.56
2023-12-05,"Healthcare",32,155,32,12,64,167,-103,1068,-9.64
2023-12-05,"Industrials",22,151,5,11,27,162,-135,892,-15.13
2023-12-05,"Materials",4,55,2,7,6,62,-56,272,-20.59
2023-12-05,"Real Estate",6,46,6,0,12,46,-34,291,-11.68
2023-12-05,"Semiconductors",3,16,1,3,4,19,-15,114,-13.16
2023-12-05,"Technology ex-Semis",18,29,7,2,25,31,-6,384,-1.56
2023-12-05,"Utilities",4,30,3,1,7,31,-24,120,-20.00
2023-12-06,"Communication/Media",12,33,6,4,18,37,-19,341,-5.57
2023-12-06,"Consumer Discretionary",12,76,12,6,24,82,-58,553,-10.49
2023-12-06,"Consumer Staples",10,27,9,3,19,30,-11,221,-4.98
2023-12-06,"Energy",3,23,2,12,5,35,-30,270,-11.11
2023-12-06,"Financials",12,225,24,10,36,235,-199,891,-22.33
2023-12-06,"Healthcare",28,106,34,9,62,115,-53,1068,-4.96
2023-12-06,"Industrials",17,126,17,9,34,135,-101,892,-11.32
2023-12-06,"Materials",5,45,4,3,9,48,-39,272,-14.34
2023-12-06,"Real Estate",3,72,3,5,6,77,-71,291,-24.40
2023-12-06,"Semiconductors",3,32,0,1,3,33,-30,114,-26.32
2023-12-06,"Technology ex-Semis",9,69,10,4,19,73,-54,384,-14.06
2023-12-06,"Utilities",3,12,10,0,13,12,1,120,0.83
2023-12-07,"Communication/Media",19,16,4,1,23,17,6,341,1.76
2023-12-07,"Consumer Discretionary",33,30,11,14,44,44,0,553,0.00
2023-12-07,"Consumer Staples",9,7,5,4,14,11,3,221,1.36
2023-12-07,"Energy",16,5,1,15,17,20,-3,270,-1.11
2023-12-07,"Financials",63,37,8,7,71,44,27,891,3.03
2023-12-07,"Healthcare",73,51,20,11,93,62,31,1068,2.90
2023-12-07,"Industrials",57,37,11,11,68,48,20,892,2.24
2023-12-07,"Materials",12,12,2,2,14,14,0,272,0.00
2023-12-07,"Real Estate",16,19,0,2,16,21,-5,291,-1.72
2023-12-07,"Semiconductors",12,1,2,0,14,1,13,114,11.40
2023-12-07,"Technology ex-Semis",27,20,1,17,28,37,-9,384,-2.34
2023-12-07,"Utilities",4,10,8,0,12,10,2,120,1.67
2023-12-08,"Communication/Media",32,16,10,3,42,19,23,341,6.74
2023-12-08,"Consumer Discretionary",28,35,12,8,40,43,-3,553,-0.54
2023-12-08,"Consumer Staples",4,21,5,2,9,23,-14,221,-6.33
2023-12-08,"Energy",37,8,1,2,38,10,28,270,10.37
2023-12-08,"Financials",44,37,18,6,62,43,19,891,2.13
2023-12-08,"Healthcare",61,97,26,8,87,105,-18,1068,-1.69
2023-12-08,"Industrials",42,50,25,2,67,52,15,892,1.68
2023-12-08,"Materials",12,16,8,0,20,16,4,272,1.47
2023-12-08,"Real Estate",21,10,1,0,22,10,12,291,4.12
2023-12-08,"Semiconductors",11,11,1,0,12,11,1,114,0.88
2023-12-08,"Technology ex-Semis",33,12,6,3,39,15,24,384,6.25
2023-12-08,"Utilities",7,9,2,0,9,9,0,120,0.00
2023-12-11,"Communication/Media",14,38,6,4,20,42,-22,341,-6.45
2023-12-11,"Consumer Discretionary",24,27,14,6,38,33,5,553,0.90
2023-12-11,"Consumer Staples",20,12,4,3,24,15,9,221,4.07
2023-12-11,"Energy",21,21,0,7,21,28,-7,270,-2.59
2023-12-11,"Financials",32,75,14,3,46,78,-32,891,-3.59
2023-12-11,"Healthcare",52,99,19,29,71,128,-57,1068,-5.34
2023-12-11,"Industrials",39,41,18,11,57,52,5,892,0.56
2023-12-11,"Materials",20,12,1,9,21,21,0,272,0.00
2023-12-11,"Real Estate",6,21,6,0,12,21,-9,291,-3.09
2023-12-11,"Semiconductors",7,4,5,3,12,7,5,114,4.39
2023-12-11,"Technology ex-Semis",16,32,5,4,21,36,-15,384,-3.91
2023-12-11,"Utilities",6,5,0,2,6,7,-1,120,-0.83
2023-12-12,"Communication/Media",13,34,7,10,20,44,-24,341,-7.04
2023-12-12,"Consumer Discretionary",25,56,7,4,32,60,-28,553,-5.06
2023-12-12,"Consumer Staples",15,19,6,2,21,21,0,221,0.00
2023-12-12,"Energy",22,6,0,22,22,28,-6,270,-2.22
2023-12-12,"Financials",29,118,7,12,36,130,-94,891,-10.55
2023-12-12,"Healthcare",70,53,18,17,88,70,18,1068,1.69
2023-12-12,"Industrials",28,67,7,13,35,80,-45,892,-5.04
2023-12-12,"Materials",11,22,2,8,13,30,-17,272,-6.25
2023-12-12,"Real Estate",10,32,4,2,14,34,-20,291,-6.87
2023-12-12,"Semiconductors",2,6,3,1,5,7,-2,114,-1.75
2023-12-12,"Technology ex-Semis",15,22,4,5,19,27,-8,384,-2.08
2023-12-12,"Utilities",4,11,0,0,4,11,-7,120,-5.83
2023-12-13,"Communication/Media",46,11,8,11,54,22,32,341,9.38
2023-12-13,"Consumer Discretionary",85,9,16,11,101,20,81,553,14.65
2023-12-13,"Consumer Staples",22,4,18,8,40,12,28,221,12.67
2023-12-13,"Energy",88,4,0,6,88,10,78,270,28.89
2023-12-13,"Financials",55,27,42,11,97,38,59,891,6.62
2023-12-13,"Healthcare",120,36,60,23,180,59,121,1068,11.33
2023-12-13,"Industrials",112,18,28,11,140,29,111,892,12.44
2023-12-13,"Materials",44,2,10,10,54,12,42,272,15.44
2023-12-13,"Real Estate",23,4,16,3,39,7,32,291,11.00
2023-12-13,"Semiconductors",10,2,5,5,15,7,8,114,7.02
2023-12-13,"Technology ex-Semis",54,6,6,6,60,12,48,384,12.50
2023-12-13,"Utilities",8,2,8,6,16,8,8,120,6.67
2023-12-14,"Communication/Media",14,32,26,1,40,33,7,341,2.05
2023-12-14,"Consumer Discretionary",19,47,68,4,87,51,36,553,6.51
2023-12-14,"Consumer Staples",8,41,14,1,22,42,-20,221,-9.05
2023-12-14,"Energy",34,11,18,2,52,13,39,270,14.44
2023-12-14,"Financials",25,77,50,20,75,97,-22,891,-2.47
2023-12-14,"Healthcare",44,97,82,13,126,110,16,1068,1.50
2023-12-14,"Industrials",28,52,72,12,100,64,36,892,4.04
2023-12-14,"Materials",11,23,43,0,54,23,31,272,11.40
2023-12-14,"Real Estate",7,24,14,2,21,26,-5,291,-1.72
2023-12-14,"Semiconductors",2,5,12,1,14,6,8,114,7.02
2023-12-14,"Technology ex-Semis",14,35,17,5,31,40,-9,384,-2.34
2023-12-14,"Utilities",3,26,8,3,11,29,-18,120,-15.00
2023-12-15,"Communication/Media",17,48,5,8,22,56,-34,341,-9.97
2023-12-15,"Consumer Discretionary",21,86,12,14,33,100,-67,553,-12.12
2023-12-15,"Consumer Staples",9,38,2,3,11,41,-30,221,-13.57
2023-12-15,"Energy",11,20,10,3,21,23,-2,270,-0.74
2023-12-15,"Financials",19,105,10,13,29,118,-89,891,-9.99
2023-12-15,"Healthcare",33,145,20,13,53,158,-105,1068,-9.83
2023-12-15,"Industrials",22,104,16,8,38,112,-74,892,-8.30
2023-12-15,"Materials",7,20,5,3,12,23,-11,272,-4.04
2023-12-15,"Real Estate",5,47,5,7,10,54,-44,291,-15.12
2023-12-15,"Semiconductors",4,9,5,2,9,11,-2,114,-1.75
2023-12-15,"Technology ex-Semis",14,33,10,5,24,38,-14,384,-3.65
2023-12-15,"Utilities",3,24,2,2,5,26,-21,120,-17.50
2023-12-18,"Communication/Media",8,21,8,2,16,23,-7,341,-2.05
2023-12-18,"Consumer Discretionary",23,43,8,4,31,47,-16,553,-2.89
2023-12-18,"Consumer Staples",5,12,0,2,5,14,-9,221,-4.07
2023-12-18,"Energy",6,43,22,1,28,44,-16,270,-5.93
2023-12-18,"Financials",36,66,9,6,45,72,-27,891,-3.03
2023-12-18,"Healthcare",33,92,9,11,42,103,-61,1068,-5.71
2023-12-18,"Industrials",21,79,13,14,34,93,-59,892,-6.61
2023-12-18,"Materials",11,31,4,3,15,34,-19,272,-6.99
2023-12-18,"Real Estate",4,46,2,1,6,47,-41,291,-14.09
2023-12-18,"Semiconductors",1,9,3,0,4,9,-5,114,-4.39
2023-12-18,"Technology ex-Semis",11,21,4,2,15,23,-8,384,-2.08
2023-12-18,"Utilities",2,11,1,1,3,12,-9,120,-7.50
2023-12-19,"Communication/Media",15,13,6,5,21,18,3,341,0.88
2023-12-19,"Consumer Discretionary",36,22,5,3,41,25,16,553,2.89
2023-12-19,"Consumer Staples",15,12,4,1,19,13,6,221,2.71
2023-12-19,"Energy",25,8,8,4,33,12,21,270,7.78
2023-12-19,"Financials",36,29,15,6,51,35,16,891,1.80
2023-12-19,"Healthcare",73,39,29,9,102,48,54,1068,5.06
2023-12-19,"Industrials",40,35,15,6,55,41,14,892,1.57
2023-12-19,"Materials",11,8,6,0,17,8,9,272,3.31
2023-12-19,"Real Estate",10,12,4,1,14,13,1,291,0.34
2023-12-19,"Semiconductors",3,6,2,0,5,6,-1,114,-0.88
2023-12-19,"Technology ex-Semis",20,20,14,3,34,23,11,384,2.86
2023-12-19,"Utilities",4,4,1,1,5,5,0,120,0.00
2023-12-20,"Communication/Media",5,82,6,5,11,87,-76,341,-22.29
2023-12-20,"Consumer Discretionary",6,142,6,8,12,150,-138,553,-24.95
2023-12-20,"Consumer Staples",5,50,6,4,11,54,-43,221,-19.46
2023-12-20,"Energy",4,81,15,1,19,82,-63,270,-23.33
2023-12-20,"Financials",12,233,9,7,21,240,-219,891,-24.58
2023-12-20,"Healthcare",33,253,17,17,50,270,-220,1068,-20.60
2023-12-20,"Industrials",15,212,17,10,32,222,-190,892,-21.30
2023-12-20,"Materials",3,75,8,0,11,75,-64,272,-23.53
2023-12-20,"Real Estate",3,86,0,2,3,88,-85,291,-29.21
2023-12-20,"Semiconductors",1,42,3,0,4,42,-38,114,-33.33
2023-12-20,"Technology ex-Semis",9,88,8,7,17,95,-78,384,-20.31
2023-12-20,"Utilities",0,35,2,2,2,37,-35,120,-29.17
2023-12-21,"Communication/Media",23,12,5,3,28,15,13,341,3.81
2023-12-21,"Consumer Discretionary",24,17,9,3,33,20,13,553,2.35
2023-12-21,"Consumer Staples",22,6,1,5,23,11,12,221,5.43
2023-12-21,"Energy",21,7,0,1,21,8,13,270,4.81
2023-12-21,"Financials",55,51,4,7,59,58,1,891,0.11
2023-12-21,"Healthcare",68,41,15,9,83,50,33,1068,3.09
2023-12-21,"Industrials",52,33,11,2,63,35,28,892,3.14
2023-12-21,"Materials",6,5,8,2,14,7,7,272,2.57
2023-12-21,"Real Estate",17,6,0,0,17,6,11,291,3.78
2023-12-21,"Semiconductors",8,2,0,0,8,2,6,114,5.26
2023-12-21,"Technology ex-Semis",20,16,5,5,25,21,4,384,1.04
2023-12-21,"Utilities",7,4,0,2,7,6,1,120,0.83
2023-12-22,"Communication/Media",8,36,5,2,13,38,-25,341,-7.33
2023-12-22,"Consumer Discretionary",21,40,4,5,25,45,-20,553,-3.62
2023-12-22,"Consumer Staples",5,10,4,3,9,13,-4,221,-1.81
2023-12-22,"Energy",5,46,12,0,17,46,-29,270,-10.74
2023-12-22,"Financials",24,70,15,3,39,73,-34,891,-3.82
2023-12-22,"Healthcare",52,65,20,9,72,74,-2,1068,-0.19
2023-12-22,"Industrials",31,53,15,5,46,58,-12,892,-1.35
2023-12-22,"Materials",6,35,7,0,13,35,-22,272,-8.09
2023-12-22,"Real Estate",7,26,4,0,11,26,-15,291,-5.15
2023-12-22,"Semiconductors",0,8,4,0,4,8,-4,114,-3.51
2023-12-22,"Technology ex-Semis",18,17,13,1,31,18,13,384,3.39
2023-12-22,"Utilities",3,5,2,0,5,5,0,120,0.00
2023-12-26,"Communication/Media",20,28,5,5,25,33,-8,341,-2.35
2023-12-26,"Consumer Discretionary",26,29,10,3,36,32,4,553,0.72
2023-12-26,"Consumer Staples",8,9,2,2,10,11,-1,221,-0.45
2023-12-26,"Energy",5,15,8,0,13,15,-2,270,-0.74
2023-12-26,"Financials",32,32,8,1,40,33,7,891,0.79
2023-12-26,"Healthcare",40,49,32,10,72,59,13,1068,1.22
2023-12-26,"Industrials",20,33,13,2,33,35,-2,892,-0.22
2023-12-26,"Materials",4,11,5,0,9,11,-2,272,-0.74
2023-12-26,"Real Estate",9,9,7,1,16,10,6,291,2.06
2023-12-26,"Semiconductors",1,5,3,0,4,5,-1,114,-0.88
2023-12-26,"Technology ex-Semis",16,10,6,4,22,14,8,384,2.08
2023-12-26,"Utilities",5,3,0,0,5,3,2,120,1.67
2023-12-27,"Communication/Media",14,21,1,2,15,23,-8,341,-2.35
2023-12-27,"Consumer Discretionary",13,30,12,6,25,36,-11,553,-1.99
2023-12-27,"Consumer Staples",12,9,4,0,16,9,7,221,3.17
2023-12-27,"Energy",3,41,1,0,4,41,-37,270,-13.70
2023-12-27,"Financials",30,55,10,1,40,56,-16,891,-1.80
2023-12-27,"Healthcare",44,81,34,3,78,84,-6,1068,-0.56
2023-12-27,"Industrials",22,77,21,2,43,79,-36,892,-4.04
2023-12-27,"Materials",3,20,4,0,7,20,-13,272,-4.78
2023-12-27,"Real Estate",8,9,4,2,12,11,1,291,0.34
2023-12-27,"Semiconductors",1,10,1,0,2,10,-8,114,-7.02
2023-12-27,"Technology ex-Semis",8,33,9,0,17,33,-16,384,-4.17
2023-12-27,"Utilities",3,6,2,1,5,7,-2,120,-1.67
2023-12-28,"Communication/Media",13,29,6,0,19,29,-10,341,-2.93
2023-12-28,"Consumer Discretionary",15,50,11,3,26,53,-27,553,-4.88
2023-12-28,"Consumer Staples",3,17,7,0,10,17,-7,221,-3.17
2023-12-28,"Energy",5,63,2,1,7,64,-57,270,-21.11
2023-12-28,"Financials",35,81,6,6,41,87,-46,891,-5.16
2023-12-28,"Healthcare",37,103,26,8,63,111,-48,1068,-4.49
2023-12-28,"Industrials",23,76,9,4,32,80,-48,892,-5.38
2023-12-28,"Materials",4,61,2,1,6,62,-56,272,-20.59
2023-12-28,"Real Estate",9,16,2,4,11,20,-9,291,-3.09
2023-12-28,"Semiconductors",0,19,1,1,1,20,-19,114,-16.67
2023-12-28,"Technology ex-Semis",11,23,1,0,12,23,-11,384,-2.86
2023-12-28,"Utilities",10,6,0,3,10,9,1,120,0.83
2023-12-29,"Communication/Media",14,46,6,6,20,52,-32,341,-9.38
2023-12-29,"Consumer Discretionary",13,89,11,4,24,93,-69,553,-12.48
2023-12-29,"Consumer Staples",9,26,2,3,11,29,-18,221,-8.14
2023-12-29,"Energy",7,33,0,2,7,35,-28,270,-10.37
2023-12-29,"Financials",19,194,9,9,28,203,-175,891,-19.64
2023-12-29,"Healthcare",24,163,21,9,45,172,-127,1068,-11.89
2023-12-29,"Industrials",18,137,12,9,30,146,-116,892,-13.00
2023-12-29,"Materials",2,47,1,1,3,48,-45,272,-16.54
2023-12-29,"Real Estate",7,77,2,3,9,80,-71,291,-24.40
2023-12-29,"Semiconductors",1,21,0,1,1,22,-21,114,-18.42
2023-12-29,"Technology ex-Semis",4,51,7,4,11,55,-44,384,-11.46
2023-12-29,"Utilities",4,3,1,3,5,6,-1,120,-0.83
2024-01-02,"Communication/Media",10,27,6,7,16,34,-18,341,-5.28
2024-01-02,"Consumer Discretionary",24,44,6,12,30,56,-26,553,-4.70
2024-01-02,"Consumer Staples",17,11,9,5,26,16,10,221,4.52
2024-01-02,"Energy",12,32,5,2,17,34,-17,270,-6.30
2024-01-02,"Financials",48,78,5,3,53,81,-28,891,-3.14
2024-01-02,"Healthcare",60,80,23,8,83,88,-5,1068,-0.47
2024-01-02,"Industrials",27,68,4,10,31,78,-47,892,-5.27
2024-01-02,"Materials",6,22,0,2,6,24,-18,272,-6.62
2024-01-02,"Real Estate",32,13,1,4,33,17,16,291,5.50
2024-01-02,"Semiconductors",3,15,1,1,4,16,-12,114,-10.53
2024-01-02,"Technology ex-Semis",11,30,6,12,17,42,-25,384,-6.51
2024-01-02,"Utilities",7,8,0,3,7,11,-4,120,-3.33
2024-01-03,"Communication/Media",11,33,2,14,13,47,-34,341,-9.97
2024-01-03,"Consumer Discretionary",17,69,3,26,20,95,-75,553,-13.56
2024-01-03,"Consumer Staples",6,37,4,5,10,42,-32,221,-14.48
2024-01-03,"Energy",12,9,13,2,25,11,14,270,5.19
2024-01-03,"Financials",26,104,10,13,36,117,-81,891,-9.09
2024-01-03,"Healthcare",32,153,16,16,48,169,-121,1068,-11.33
2024-01-03,"Industrials",23,91,2,42,25,133,-108,892,-12.11
2024-01-03,"Materials",8,10,3,14,11,24,-13,272,-4.78
2024-01-03,"Real Estate",6,39,1,11,7,50,-43,291,-14.78
2024-01-03,"Semiconductors",1,5,0,7,1,12,-11,114,-9.65
2024-01-03,"Technology ex-Semis",14,27,3,31,17,58,-41,384,-10.68
2024-01-03,"Utilities",3,3,1,4,4,7,-3,120,-2.50
2024-01-04,"Communication/Media",14,16,2,2,16,18,-2,341,-0.59
2024-01-04,"Consumer Discretionary",24,31,7,20,31,51,-20,553,-3.62
2024-01-04,"Consumer Staples",10,23,2,5,12,28,-16,221,-7.24
2024-01-04,"Energy",7,50,15,0,22,50,-28,270,-10.37
2024-01-04,"Financials",22,39,22,11,44,50,-6,891,-0.67
2024-01-04,"Healthcare",56,79,17,17,73,96,-23,1068,-2.15
2024-01-04,"Industrials",29,42,11,17,40,59,-19,892,-2.13
2024-01-04,"Materials",6,14,1,3,7,17,-10,272,-3.68
2024-01-04,"Real Estate",5,14,0,2,5,16,-11,291,-3.78
2024-01-04,"Semiconductors",4,8,0,8,4,16,-12,114,-10.53
2024-01-04,"Technology ex-Semis",14,12,1,11,15,23,-8,384,-2.08
2024-01-04,"Utilities",2,18,2,0,4,18,-14,120,-11.67
2024-01-05,"Communication/Media",15,20,5,7,20,27,-7,341,-2.05
2024-01-05,"Consumer Discretionary",17,28,4,7,21,35,-14,553,-2.53
2024-01-05,"Consumer Staples",8,11,2,10,10,21,-11,221,-4.98
2024-01-05,"Energy",14,17,3,4,17,21,-4,270,-1.48
2024-01-05,"Financials",43,48,14,15,57,63,-6,891,-0.67
2024-01-05,"Healthcare",48,72,14,27,62,99,-37,1068,-3.46
2024-01-05,"Industrials",37,45,5,28,42,73,-31,892,-3.48
2024-01-05,"Materials",13,17,3,6,16,23,-7,272,-2.57
2024-01-05,"Real Estate",25,12,1,5,26,17,9,291,3.09
2024-01-05,"Semiconductors",6,2,0,5,6,7,-1,114,-0.88
2024-01-05,"Technology ex-Semis",11,20,6,15,17,35,-18,384,-4.69
2024-01-05,"Utilities",7,5,1,3,8,8,0,120,0.00
2024-01-08,"Communication/Media",47,14,7,6,54,20,34,341,9.97
2024-01-08,"Consumer Discretionary",84,11,10,8,94,19,75,553,13.56
2024-01-08,"Consumer Staples",19,6,1,5,20,11,9,221,4.07
2024-01-08,"Energy",47,3,1,13,48,16,32,270,11.85
2024-01-08,"Financials",121,34,6,13,127,47,80,891,8.98
2024-01-08,"Healthcare",137,32,29,19,166,51,115,1068,10.77
2024-01-08,"Industrials",144,28,5,12,149,40,109,892,12.22
2024-01-08,"Materials",33,2,3,4,36,6,30,272,11.03
2024-01-08,"Real Estate",44,8,4,1,48,9,39,291,13.40
2024-01-08,"Semiconductors",20,4,5,0,25,4,21,114,18.42
2024-01-08,"Technology ex-Semis",67,7,7,2,74,9,65,384,16.93
2024-01-08,"Utilities",19,3,2,0,21,3,18,120,15.00
2024-01-09,"Communication/Media",15,22,4,7,19,29,-10,341,-2.93
2024-01-09,"Consumer Discretionary",25,28,4,5,29,33,-4,553,-0.72
2024-01-09,"Consumer Staples",18,10,2,6,20,16,4,221,1.81
2024-01-09,"Energy",9,17,5,13,14,30,-16,270,-5.93
2024-01-09,"Financials",45,67,6,25,51,92,-41,891,-4.60
2024-01-09,"Healthcare",50,92,31,16,81,108,-27,1068,-2.53
2024-01-09,"Industrials",48,41,6,27,54,68,-14,892,-1.57
2024-01-09,"Materials",16,11,0,9,16,20,-4,272,-1.47
2024-01-09,"Real Estate",23,10,4,4,27,14,13,291,4.47
2024-01-09,"Semiconductors",4,2,1,1,5,3,2,114,1.75
2024-01-09,"Technology ex-Semis",21,13,6,5,27,18,9,384,2.34
2024-01-09,"Utilities",6,10,2,3,8,13,-5,120,-4.17
2024-01-10,"Communication/Media",32,18,8,6,40,24,16,341,4.69
2024-01-10,"Consumer Discretionary",58,26,8,10,66,36,30,553,5.42
2024-01-10,"Consumer Staples",13,14,7,2,20,16,4,221,1.81
2024-01-10,"Energy",8,20,2,12,10,32,-22,270,-8.15
2024-01-10,"Financials",84,33,8,18,92,51,41,891,4.60
2024-01-10,"Healthcare",60,85,17,16,77,101,-24,1068,-2.25
2024-01-10,"Industrials",80,24,9,7,89,31,58,892,6.50
2024-01-10,"Materials",20,9,5,10,25,19,6,272,2.21
2024-01-10,"Real Estate",19,11,7,5,26,16,10,291,3.44
2024-01-10,"Semiconductors",13,4,3,8,16,12,4,114,3.51
2024-01-10,"Technology ex-Semis",28,17,4,5,32,22,10,384,2.60
2024-01-10,"Utilities",8,12,3,1,11,13,-2,120,-1.67
2024-01-11,"Communication/Media",23,12,4,13,27,25,2,341,0.59
2024-01-11,"Consumer Discretionary",46,21,3,16,49,37,12,553,2.17
2024-01-11,"Consumer Staples",17,18,2,9,19,27,-8,221,-3.62
2024-01-11,"Energy",21,8,1,7,22,15,7,270,2.59
2024-01-11,"Financials",89,36,6,21,95,57,38,891,4.26
2024-01-11,"Healthcare",52,76,12,19,64,95,-31,1068,-2.90
2024-01-11,"Industrials",77,35,7,31,84,66,18,892,2.02
2024-01-11,"Materials",12,13,0,12,12,25,-13,272,-4.78
2024-01-11,"Real Estate",24,21,1,7,25,28,-3,291,-1.03
2024-01-11,"Semiconductors",8,4,0,2,8,6,2,114,1.75
2024-01-11,"Technology ex-Semis",26,22,12,9,38,31,7,384,1.82
2024-01-11,"Utilities",2,11,2,15,4,26,-22,120,-18.33
2024-01-12,"Communication/Media",15,30,5,7,20,37,-17,341,-4.99
2024-01-12,"Consumer Discretionary",14,71,4,16,18,87,-69,553,-12.48
2024-01-12,"Consumer Staples",9,26,2,3,11,29,-18,221,-8.14
2024-01-12,"Energy",18,23,11,4,29,27,2,270,0.74
2024-01-12,"Financials",25,72,9,16,34,88,-54,891,-6.06
2024-01-12,"Healthcare",32,100,16,15,48,115,-67,1068,-6.27
2024-01-12,"Industrials",44,82,11,14,55,96,-41,892,-4.60
2024-01-12,"Materials",14,17,4,4,18,21,-3,272,-1.10
2024-01-12,"Real Estate",11,35,6,4,17,39,-22,291,-7.56
2024-01-12,"Semiconductors",3,9,1,3,4,12,-8,114,-7.02
2024-01-12,"Technology ex-Semis",10,35,11,10,21,45,-24,384,-6.25
2024-01-12,"Utilities",7,9,0,2,7,11,-4,120,-3.33
2024-01-16,"Communication/Media",22,15,3,26,25,41,-16,341,-4.69
2024-01-16,"Consumer Discretionary",69,21,3,90,72,111,-39,553,-7.05
2024-01-16,"Consumer Staples",7,19,2,20,9,39,-30,221,-13.57
2024-01-16,"Energy",4,32,2,34,6,66,-60,270,-22.22
2024-01-16,"Financials",53,43,8,190,61,233,-172,891,-19.30
2024-01-16,"Healthcare",54,67,13,82,67,149,-82,1068,-7.68
2024-01-16,"Industrials",45,45,12,79,57,124,-67,892,-7.51
2024-01-16,"Materials",10,13,1,57,11,70,-59,272,-21.69
2024-01-16,"Real Estate",11,24,5,51,16,75,-59,291,-20.27
2024-01-16,"Semiconductors",11,4,1,14,12,18,-6,114,-5.26
2024-01-16,"Technology ex-Semis",15,17,5,30,20,47,-27,384,-7.03
2024-01-16,"Utilities",1,8,0,19,1,27,-26,120,-21.67
2024-01-17,"Communication/Media",37,21,9,14,46,35,11,341,3.23
2024-01-17,"Consumer Discretionary",50,15,5,22,55,37,18,553,3.25
2024-01-17,"Consumer Staples",17,8,1,6,18,14,4,221,1.81
2024-01-17,"Energy",20,7,0,20,20,27,-7,270,-2.59
2024-01-17,"Financials",82,30,11,54,93,84,9,891,1.01
2024-01-17,"Healthcare",77,55,4,49,81,104,-23,1068,-2.15
2024-01-17,"Industrials",54,31,5,71,59,102,-43,892,-4.82
2024-01-17,"Materials",27,3,0,30,27,33,-6,272,-2.21
2024-01-17,"Real Estate",13,13,0,55,13,68,-55,291,-18.90
2024-01-17,"Semiconductors",12,6,1,10,13,16,-3,114,-2.63
2024-01-17,"Technology ex-Semis",30,5,3,22,33,27,6,384,1.56
2024-01-17,"Utilities",8,0,0,16,8,16,-8,120,-6.67
2024-01-18,"Communication/Media",35,7,1,13,36,20,16,341,4.69
2024-01-18,"Consumer Discretionary",46,18,8,10,54,28,26,553,4.70
2024-01-18,"Consumer Staples",22,4,2,7,24,11,13,221,5.88
2024-01-18,"Energy",35,5,3,11,38,16,22,270,8.15
2024-01-18,"Financials",80,23,6,22,86,45,41,891,4.60
2024-01-18,"Healthcare",86,46,6,28,92,74,18,1068,1.69
2024-01-18,"Industrials",107,23,7,14,114,37,77,892,8.63
2024-01-18,"Materials",21,8,3,10,24,18,6,272,2.21
2024-01-18,"Real Estate",17,17,0,10,17,27,-10,291,-3.44
2024-01-18,"Semiconductors",15,4,3,1,18,5,13,114,11.40
2024-01-18,"Technology ex-Semis",18,18,14,9,32,27,5,384,1.30
2024-01-18,"Utilities",10,3,0,8,10,11,-1,120,-0.83
2024-01-19,"Communication/Media",40,8,7,6,47,14,33,341,9.68
2024-01-19,"Consumer Discretionary",50,7,11,14,61,21,40,553,7.23
2024-01-19,"Consumer Staples",18,11,3,10,21,21,0,221,0.00
2024-01-19,"Energy",20,8,2,6,22,14,8,270,2.96
2024-01-19,"Financials",168,17,19,7,187,24,163,891,18.29
2024-01-19,"Healthcare",96,35,11,33,107,68,39,1068,3.65
2024-01-19,"Industrials",105,24,18,13,123,37,86,892,9.64
2024-01-19,"Materials",30,4,0,5,30,9,21,272,7.72
2024-01-19,"Real Estate",54,5,3,6,57,11,46,291,15.81
2024-01-19,"Semiconductors",21,1,8,0,29,1,28,114,24.56
2024-01-19,"Technology ex-Semis",33,7,4,10,37,17,20,384,5.21
2024-01-19,"Utilities",19,0,1,2,20,2,18,120,15.00
2024-01-22,"Communication/Media",32,20,10,3,42,23,19,341,5.57
2024-01-22,"Consumer Discretionary",73,27,11,7,84,34,50,553,9.04
2024-01-22,"Consumer Staples",21,7,8,1,29,8,21,221,9.50
2024-01-22,"Energy",33,13,2,4,35,17,18,270,6.67
2024-01-22,"Financials",117,32,39,5,156,37,119,891,13.36
2024-01-22,"Healthcare",105,38,18,15,123,53,70,1068,6.55
2024-01-22,"Industrials",76,40,33,4,109,44,65,892,7.29
2024-01-22,"Materials",40,8,0,3,40,11,29,272,10.66
2024-01-22,"Real Estate",18,26,8,0,26,26,0,291,0.00
2024-01-22,"Semiconductors",8,5,7,1,15,6,9,114,7.89
2024-01-22,"Technology ex-Semis",25,24,26,1,51,25,26,384,6.77
2024-01-22,"Utilities",10,5,2,3,12,8,4,120,3.33
2024-01-23,"Communication/Media",16,22,13,3,29,25,4,341,1.17
2024-01-23,"Consumer Discretionary",25,54,15,6,40,60,-20,553,-3.62
2024-01-23,"Consumer Staples",16,26,7,6,23,32,-9,221,-4.07
2024-01-23,"Energy",12,15,2,3,14,18,-4,270,-1.48
2024-01-23,"Financials",29,121,25,12,54,133,-79,891,-8.87
2024-01-23,"Healthcare",64,63,15,15,79,78,1,1068,0.09
2024-01-23,"Industrials",29,124,19,8,48,132,-84,892,-9.42
2024-01-23,"Materials",20,20,3,2,23,22,1,272,0.37
2024-01-23,"Real Estate",9,40,5,2,14,42,-28,291,-9.62
2024-01-23,"Semiconductors",4,8,6,0,10,8,2,114,1.75
2024-01-23,"Technology ex-Semis",7,25,6,4,13,29,-16,384,-4.17
2024-01-23,"Utilities",11,6,1,1,12,7,5,120,4.17
2024-01-24,"Communication/Media",10,40,9,6,19,46,-27,341,-7.92
2024-01-24,"Consumer Discretionary",14,67,10,7,24,74,-50,553,-9.04
2024-01-24,"Consumer Staples",8,37,4,6,12,43,-31,221,-14.03
2024-01-24,"Energy",21,19,5,5,26,24,2,270,0.74
2024-01-24,"Financials",19,94,21,12,40,106,-66,891,-7.41
2024-01-24,"Healthcare",32,124,17,30,49,154,-105,1068,-9.83
2024-01-24,"Industrials",21,110,15,12,36,122,-86,892,-9.64
2024-01-24,"Materials",8,25,3,2,11,27,-16,272,-5.88
2024-01-24,"Real Estate",7,51,1,6,8,57,-49,291,-16.84
2024-01-24,"Semiconductors",1,12,3,0,4,12,-8,114,-7.02
2024-01-24,"Technology ex-Semis",4,63,12,6,16,69,-53,384,-13.80
2024-01-24,"Utilities",2,16,1,2,3,18,-15,120,-12.50
2024-01-25,"Communication/Media",16,19,15,5,31,24,7,341,2.05
2024-01-25,"Consumer Discretionary",50,13,6,9,56,22,34,553,6.15
2024-01-25,"Consumer Staples",30,7,2,4,32,11,21,221,9.50
2024-01-25,"Energy",17,5,7,2,24,7,17,270,6.30
2024-01-25,"Financials",41,32,25,22,66,54,12,891,1.35
2024-01-25,"Healthcare",73,46,14,27,87,73,14,1068,1.31
2024-01-25,"Industrials",50,21,14,16,64,37,27,892,3.03
2024-01-25,"Materials",23,11,0,4,23,15,8,272,2.94
2024-01-25,"Real Estate",20,10,1,1,21,11,10,291,3.44
2024-01-25,"Semiconductors",3,13,2,2,5,15,-10,114,-8.77
2024-01-25,"Technology ex-Semis",11,38,6,4,17,42,-25,384,-6.51
2024-01-25,"Utilities",21,4,3,0,24,4,20,120,16.67
2024-01-26,"Communication/Media",8,27,9,3,17,30,-13,341,-3.81
2024-01-26,"Consumer Discretionary",22,44,17,4,39,48,-9,553,-1.63
2024-01-26,"Consumer Staples",11,22,4,3,15,25,-10,221,-4.52
2024-01-26,"Energy",20,6,12,0,32,6,26,270,9.63
2024-01-26,"Financials",45,65,32,9,77,74,3,891,0.34
2024-01-26,"Healthcare",57,80,16,16,73,96,-23,1068,-2.15
2024-01-26,"Industrials",22,63,13,7,35,70,-35,892,-3.92
2024-01-26,"Materials",12,24,5,1,17,25,-8,272,-2.94
2024-01-26,"Real Estate",7,37,4,6,11,43,-32,291,-11.00
2024-01-26,"Semiconductors",1,14,1,6,2,20,-18,114,-15.79
2024-01-26,"Technology ex-Semis",13,33,4,3,17,36,-19,384,-4.95
2024-01-26,"Utilities",5,6,2,0,7,6,1,120,0.83
2024-01-29,"Communication/Media",34,24,2,4,36,28,8,341,2.35
2024-01-29,"Consumer Discretionary",63,16,12,4,75,20,55,553,9.95
2024-01-29,"Consumer Staples",32,13,1,7,33,20,13,221,5.88
2024-01-29,"Energy",17,12,5,2,22,14,8,270,2.96
2024-01-29,"Financials",70,40,31,8,101,48,53,891,5.95
2024-01-29,"Healthcare",171,30,22,11,193,41,152,1068,14.23
2024-01-29,"Industrials",95,32,24,10,119,42,77,892,8.63
2024-01-29,"Materials",32,4,3,3,35,7,28,272,10.29
2024-01-29,"Real Estate",40,10,5,3,45,13,32,291,11.00
2024-01-29,"Semiconductors",11,1,0,1,11,2,9,114,7.89
2024-01-29,"Technology ex-Semis",44,9,8,1,52,10,42,384,10.94
2024-01-29,"Utilities",20,5,1,0,21,5,16,120,13.33
2024-01-30,"Communication/Media",13,44,5,6,18,50,-32,341,-9.38
2024-01-30,"Consumer Discretionary",20,62,8,14,28,76,-48,553,-8.68
2024-01-30,"Consumer Staples",13,17,5,2,18,19,-1,221,-0.45
2024-01-30,"Energy",23,8,10,3,33,11,22,270,8.15
2024-01-30,"Financials",30,82,35,6,65,88,-23,891,-2.58
2024-01-30,"Healthcare",43,140,12,16,55,156,-101,1068,-9.46
2024-01-30,"Industrials",43,69,24,13,67,82,-15,892,-1.68
2024-01-30,"Materials",12,22,8,3,20,25,-5,272,-1.84
2024-01-30,"Real Estate",12,42,3,1,15,43,-28,291,-9.62
2024-01-30,"Semiconductors",5,12,3,1,8,13,-5,114,-4.39
2024-01-30,"Technology ex-Semis",10,55,7,3,17,58,-41,384,-10.68
2024-01-30,"Utilities",3,6,2,1,5,7,-2,120,-1.67
2024-01-31,"Communication/Media",6,72,4,5,10,77,-67,341,-19.65
2024-01-31,"Consumer Discretionary",15,121,14,14,29,135,-106,553,-19.17
2024-01-31,"Consumer Staples",6,58,5,13,11,71,-60,221,-27.15
2024-01-31,"Energy",4,85,4,2,8,87,-79,270,-29.26
2024-01-31,"Financials",10,228,14,42,24,270,-246,891,-27.61
2024-01-31,"Healthcare",23,143,18,21,41,164,-123,1068,-11.52
2024-01-31,"Industrials",10,202,29,10,39,212,-173,892,-19.39
2024-01-31,"Materials",4,63,8,4,12,67,-55,272,-20.22
2024-01-31,"Real Estate",4,57,4,21,8,78,-70,291,-24.05
2024-01-31,"Semiconductors",2,14,0,6,2,20,-18,114,-15.79
2024-01-31,"Technology ex-Semis",4,62,2,11,6,73,-67,384,-17.45
2024-01-31,"Utilities",0,27,4,2,4,29,-25,120,-20.83
2024-02-01,"Communication/Media",35,12,8,4,43,16,27,341,7.92
2024-02-01,"Consumer Discretionary",66,7,14,10,80,17,63,553,11.39
2024-02-01,"Consumer Staples",26,2,9,7,35,9,26,221,11.76
2024-02-01,"Energy",5,24,5,9,10,33,-23,270,-8.52
2024-02-01,"Financials",72,27,7,104,79,131,-52,891,-5.84
2024-02-01,"Healthcare",105,35,14,19,119,54,65,1068,6.09
2024-02-01,"Industrials",104,27,25,28,129,55,74,892,8.30
2024-02-01,"Materials",33,7,6,5,39,12,27,272,9.93
2024-02-01,"Real Estate",72,4,2,21,74,25,49,291,16.84
2024-02-01,"Semiconductors",12,2,2,7,14,9,5,114,4.39
2024-02-01,"Technology ex-Semis",44,17,7,5,51,22,29,384,7.55
2024-02-01,"Utilities",20,2,1,1,21,3,18,120,15.00
2024-02-02,"Communication/Media",26,20,3,13,29,33,-4,341,-1.17
2024-02-02,"Consumer Discretionary",33,20,13,11,46,31,15,553,2.71
2024-02-02,"Consumer Staples",12,10,7,1,19,11,8,221,3.62
2024-02-02,"Energy",11,30,1,11,12,41,-29,270,-10.74
2024-02-02,"Financials",52,51,10,15,62,66,-4,891,-0.45
2024-02-02,"Healthcare",73,48,14,32,87,80,7,1068,0.66
2024-02-02,"Industrials",41,20,26,14,67,34,33,892,3.70
2024-02-02,"Materials",14,6,3,8,17,14,3,272,1.10
2024-02-02,"Real Estate",12,6,0,11,12,17,-5,291,-1.72
2024-02-02,"Semiconductors",12,3,2,4,14,7,7,114,6.14
2024-02-02,"Technology ex-Semis",32,11,3,9,35,20,15,384,3.91
2024-02-02,"Utilities",5,4,0,3,5,7,-2,120,-1.67
2024-02-05,"Communication/Media",20,20,2,14,22,34,-12,341,-3.52
2024-02-05,"Consumer Discretionary",31,36,6,22,37,58,-21,553,-3.80
2024-02-05,"Consumer Staples",9,25,2,9,11,34,-23,221,-10.41
2024-02-05,"Energy",14,10,1,22,15,32,-17,270,-6.30
2024-02-05,"Financials",46,48,8,40,54,88,-34,891,-3.82
2024-02-05,"Healthcare",81,65,15,23,96,88,8,1068,0.75
2024-02-05,"Industrials",45,49,7,24,52,73,-21,892,-2.35
2024-02-05,"Materials",14,18,3,15,17,33,-16,272,-5.88
2024-02-05,"Real Estate",26,12,3,32,29,44,-15,291,-5.15
2024-02-05,"Semiconductors",9,3,3,3,12,6,6,114,5.26
2024-02-05,"Technology ex-Semis",15,23,6,13,21,36,-15,384,-3.91
2024-02-05,"Utilities",1,16,0,16,1,32,-31,120,-25.83
2024-02-06,"Communication/Media",41,13,7,2,48,15,33,341,9.68
2024-02-06,"Consumer Discretionary",84,14,11,8,95,22,73,553,13.20
2024-02-06,"Consumer Staples",33,5,3,6,36,11,25,221,11.31
2024-02-06,"Energy",21,22,2,4,23,26,-3,270,-1.11
2024-02-06,"Financials",76,53,3,30,79,83,-4,891,-0.45
2024-02-06,"Healthcare",167,55,30,16,197,71,126,1068,11.80
2024-02-06,"Industrials",114,25,18,16,132,41,91,892,10.20
2024-02-06,"Materials",34,3,2,6,36,9,27,272,9.93
2024-02-06,"Real Estate",53,6,1,2,54,8,46,291,15.81
2024-02-06,"Semiconductors",11,5,1,2,12,7,5,114,4.39
2024-02-06,"Technology ex-Semis",54,23,4,7,58,30,28,384,7.29
2024-02-06,"Utilities",15,1,0,2,15,3,12,120,10.00
2024-02-07,"Communication/Media",24,25,9,19,33,44,-11,341,-3.23
2024-02-07,"Consumer Discretionary",27,34,8,6,35,40,-5,553,-0.90
2024-02-07,"Consumer Staples",12,21,7,11,19,32,-13,221,-5.88
2024-02-07,"Energy",24,4,3,8,27,12,15,270,5.56
2024-02-07,"Financials",105,33,18,54,123,87,36,891,4.04
2024-02-07,"Healthcare",39,105,14,9,53,114,-61,1068,-5.71
2024-02-07,"Industrials",51,67,28,15,79,82,-3,892,-0.34
2024-02-07,"Materials",24,14,4,0,28,14,14,272,5.15
2024-02-07,"Real Estate",7,13,1,7,8,20,-12,291,-4.12
2024-02-07,"Semiconductors",6,5,2,1,8,6,2,114,1.75
2024-02-07,"Technology ex-Semis",17,20,7,5,24,25,-1,384,-0.26
2024-02-07,"Utilities",6,5,1,4,7,9,-2,120,-1.67
2024-02-08,"Communication/Media",26,25,10,8,36,33,3,341,0.88
2024-02-08,"Consumer Discretionary",70,27,20,7,90,34,56,553,10.13
2024-02-08,"Consumer Staples",26,7,7,4,33,11,22,221,9.95
2024-02-08,"Energy",41,9,6,3,47,12,35,270,12.96
2024-02-08,"Financials",142,36,9,19,151,55,96,891,10.77
2024-02-08,"Healthcare",92,41,26,18,118,59,59,1068,5.52
2024-02-08,"Industrials",91,35,26,11,117,46,71,892,7.96
2024-02-08,"Materials",33,16,10,6,43,22,21,272,7.72
2024-02-08,"Real Estate",66,13,6,4,72,17,55,291,18.90
2024-02-08,"Semiconductors",10,1,5,1,15,2,13,114,11.40
2024-02-08,"Technology ex-Semis",37,16,11,4,48,20,28,384,7.29
2024-02-08,"Utilities",20,4,1,11,21,15,6,120,5.00
2024-02-09,"Communication/Media",39,12,9,3,48,15,33,341,9.68
2024-02-09,"Consumer Discretionary",49,25,25,5,74,30,44,553,7.96
2024-02-09,"Consumer Staples",18,13,5,6,23,19,4,221,1.81
2024-02-09,"Energy",9,15,1,3,10,18,-8,270,-2.96
2024-02-09,"Financials",165,18,18,8,183,26,157,891,17.62
2024-02-09,"Healthcare",90,47,40,13,130,60,70,1068,6.55
2024-02-09,"Industrials",74,25,26,11,100,36,64,892,7.17
2024-02-09,"Materials",24,11,2,7,26,18,8,272,2.94
2024-02-09,"Real Estate",49,7,5,2,54,9,45,291,15.46
2024-02-09,"Semiconductors",7,3,8,1,15,4,11,114,9.65
2024-02-09,"Technology ex-Semis",29,11,24,7,53,18,35,384,9.11
2024-02-09,"Utilities",28,3,3,2,31,5,26,120,21.67
2024-02-12,"Communication/Media",25,24,15,1,40,25,15,341,4.40
2024-02-12,"Consumer Discretionary",24,27,57,1,81,28,53,553,9.58
2024-02-12,"Consumer Staples",30,12,16,2,46,14,32,221,14.48
2024-02-12,"Energy",23,11,10,3,33,14,19,270,7.04
2024-02-12,"Financials",78,52,35,7,113,59,54,891,6.06
2024-02-12,"Healthcare",61,88,50,5,111,93,18,1068,1.69
2024-02-12,"Industrials",39,63,48,4,87,67,20,892,2.24
2024-02-12,"Materials",30,13,19,2,49,15,34,272,12.50
2024-02-12,"Real Estate",26,25,8,1,34,26,8,291,2.75
2024-02-12,"Semiconductors",1,10,15,0,16,10,6,114,5.26
2024-02-12,"Technology ex-Semis",15,47,25,4,40,51,-11,384,-2.86
2024-02-12,"Utilities",21,3,4,0,25,3,22,120,18.33
2024-02-13,"Communication/Media",14,49,5,17,19,66,-47,341,-13.78
2024-02-13,"Consumer Discretionary",10,72,7,16,17,88,-71,553,-12.84
2024-02-13,"Consumer Staples",8,21,3,9,11,30,-19,221,-8.60
2024-02-13,"Energy",8,28,5,7,13,35,-22,270,-8.15
2024-02-13,"Financials",29,105,9,50,38,155,-117,891,-13.13
2024-02-13,"Healthcare",31,151,11,29,42,180,-138,1068,-12.92
2024-02-13,"Industrials",30,121,10,27,40,148,-108,892,-12.11
2024-02-13,"Materials",6,26,3,18,9,44,-35,272,-12.87
2024-02-13,"Real Estate",24,14,3,25,27,39,-12,291,-4.12
2024-02-13,"Semiconductors",2,14,0,3,2,17,-15,114,-13.16
2024-02-13,"Technology ex-Semis",12,29,5,12,17,41,-24,384,-6.25
2024-02-13,"Utilities",4,20,0,4,4,24,-20,120,-16.67
2024-02-14,"Communication/Media",45,13,7,3,52,16,36,341,10.56
2024-02-14,"Consumer Discretionary",42,23,8,4,50,27,23,553,4.16
2024-02-14,"Consumer Staples",18,4,3,5,21,9,12,221,5.43
2024-02-14,"Energy",3,18,1,4,4,22,-18,270,-6.67
2024-02-14,"Financials",130,16,8,10,138,26,112,891,12.57
2024-02-14,"Healthcare",100,38,38,10,138,48,90,1068,8.43
2024-02-14,"Industrials",72,28,25,9,97,37,60,892,6.73
2024-02-14,"Materials",34,5,2,4,36,9,27,272,9.93
2024-02-14,"Real Estate",25,11,8,4,33,15,18,291,6.19
2024-02-14,"Semiconductors",8,0,5,0,13,0,13,114,11.40
2024-02-14,"Technology ex-Semis",36,6,16,5,52,11,41,384,10.68
2024-02-14,"Utilities",10,4,1,2,11,6,5,120,4.17
2024-02-15,"Communication/Media",27,20,20,1,47,21,26,341,7.62
2024-02-15,"Consumer Discretionary",35,33,30,8,65,41,24,553,4.34
2024-02-15,"Consumer Staples",28,12,14,3,42,15,27,221,12.22
2024-02-15,"Energy",36,3,18,1,54,4,50,270,18.52
2024-02-15,"Financials",114,31,38,6,152,37,115,891,12.91
2024-02-15,"Healthcare",73,59,45,8,118,67,51,1068,4.78
2024-02-15,"Industrials",66,39,58,8,124,47,77,892,8.63
2024-02-15,"Materials",35,10,25,2,60,12,48,272,17.65
2024-02-15,"Real Estate",62,8,14,1,76,9,67,291,23.02
2024-02-15,"Semiconductors",5,11,3,0,8,11,-3,114,-2.63
2024-02-15,"Technology ex-Semis",27,24,28,5,55,29,26,384,6.77
2024-02-15,"Utilities",21,6,10,0,31,6,25,120,20.83
2024-02-16,"Communication/Media",11,42,13,9,24,51,-27,341,-7.92
2024-02-16,"Consumer Discretionary",14,63,18,8,32,71,-39,553,-7.05
2024-02-16,"Consumer Staples",9,31,2,2,11,33,-22,221,-9.95
2024-02-16,"Energy",10,27,12,3,22,30,-8,270,-2.96
2024-02-16,"Financials",27,113,24,8,51,121,-70,891,-7.86
2024-02-16,"Healthcare",30,116,42,7,72,123,-51,1068,-4.78
2024-02-16,"Industrials",20,138,15,5,35,143,-108,892,-12.11
2024-02-16,"Materials",13,29,12,0,25,29,-4,272,-1.47
2024-02-16,"Real Estate",11,27,4,4,15,31,-16,291,-5.50
2024-02-16,"Semiconductors",2,18,1,3,3,21,-18,114,-15.79
2024-02-16,"Technology ex-Semis",11,45,10,7,21,52,-31,384,-8.07
2024-02-16,"Utilities",9,9,1,0,10,9,1,120,0.83
2024-02-20,"Communication/Media",18,37,7,7,25,44,-19,341,-5.57
2024-02-20,"Consumer Discretionary",25,57,7,27,32,84,-52,553,-9.40
2024-02-20,"Consumer Staples",13,25,2,2,15,27,-12,221,-5.43
2024-02-20,"Energy",7,35,5,6,12,41,-29,270,-10.74
2024-02-20,"Financials",44,104,13,20,57,124,-67,891,-7.52
2024-02-20,"Healthcare",41,126,32,21,73,147,-74,1068,-6.93
2024-02-20,"Industrials",59,83,5,26,64,109,-45,892,-5.04
2024-02-20,"Materials",16,32,4,8,20,40,-20,272,-7.35
2024-02-20,"Real Estate",19,18,2,4,21,22,-1,291,-0.34
2024-02-20,"Semiconductors",9,10,2,4,11,14,-3,114,-2.63
2024-02-20,"Technology ex-Semis",20,34,3,9,23,43,-20,384,-5.21
2024-02-20,"Utilities",8,11,7,0,15,11,4,120,3.33
2024-02-21,"Communication/Media",18,27,4,9,22,36,-14,341,-4.11
2024-02-21,"Consumer Discretionary",29,38,9,17,38,55,-17,553,-3.07
2024-02-21,"Consumer Staples",11,17,8,2,19,19,0,221,0.00
2024-02-21,"Energy",26,11,16,3,42,14,28,270,10.37
2024-02-21,"Financials",54,64,6,11,60,75,-15,891,-1.68
2024-02-21,"Healthcare",66,95,18,29,84,124,-40,1068,-3.75
2024-02-21,"Industrials",54,53,4,27,58,80,-22,892,-2.47
2024-02-21,"Materials",17,14,6,6,23,20,3,272,1.10
2024-02-21,"Real Estate",18,22,5,3,23,25,-2,291,-0.69
2024-02-21,"Semiconductors",11,1,0,5,11,6,5,114,4.39
2024-02-21,"Technology ex-Semis",17,31,4,38,21,69,-48,384,-12.50
2024-02-21,"Utilities",6,10,8,2,14,12,2,120,1.67
2024-02-22,"Communication/Media",25,24,3,13,28,37,-9,341,-2.64
2024-02-22,"Consumer Discretionary",28,26,15,8,43,34,9,553,1.63
2024-02-22,"Consumer Staples",12,10,3,6,15,16,-1,221,-0.45
2024-02-22,"Energy",13,24,8,4,21,28,-7,270,-2.59
2024-02-22,"Financials",34,56,18,11,52,67,-15,891,-1.68
2024-02-22,"Healthcare",53,86,27,26,80,112,-32,1068,-3.00
2024-02-22,"Industrials",48,48,7,25,55,73,-18,892,-2.02
2024-02-22,"Materials",10,12,10,9,20,21,-1,272,-0.37
2024-02-22,"Real Estate",21,25,11,3,32,28,4,291,1.37
2024-02-22,"Semiconductors",3,10,2,0,5,10,-5,114,-4.39
2024-02-22,"Technology ex-Semis",26,16,6,8,32,24,8,384,2.08
2024-02-22,"Utilities",7,12,2,7,9,19,-10,120,-8.33
2024-02-23,"Communication/Media",18,15,7,6,25,21,4,341,1.17
2024-02-23,"Consumer Discretionary",31,32,7,9,38,41,-3,553,-0.54
2024-02-23,"Consumer Staples",16,3,4,3,20,6,14,221,6.33
2024-02-23,"Energy",21,8,0,4,21,12,9,270,3.33
2024-02-23,"Financials",51,53,21,5,72,58,14,891,1.57
2024-02-23,"Healthcare",64,71,20,14,84,85,-1,1068,-0.09
2024-02-23,"Industrials",55,41,13,17,68,58,10,892,1.12
2024-02-23,"Materials",29,11,4,6,33,17,16,272,5.88
2024-02-23,"Real Estate",10,30,8,6,18,36,-18,291,-6.19
2024-02-23,"Semiconductors",6,6,2,4,8,10,-2,114,-1.75
2024-02-23,"Technology ex-Semis",25,12,9,6,34,18,16,384,4.17
2024-02-23,"Utilities",0,12,6,1,6,13,-7,120,-5.83
2024-02-26,"Communication/Media",24,23,6,6,30,29,1,341,0.29
2024-02-26,"Consumer Discretionary",24,53,4,7,28,60,-32,553,-5.79
2024-02-26,"Consumer Staples",8,15,5,3,13,18,-5,221,-2.26
2024-02-26,"Energy",15,18,4,3,19,21,-2,270,-0.74
2024-02-26,"Financials",44,63,12,17,56,80,-24,891,-2.69
2024-02-26,"Healthcare",76,77,33,26,109,103,6,1068,0.56
2024-02-26,"Industrials",51,43,10,6,61,49,12,892,1.35
2024-02-26,"Materials",19,9,3,7,22,16,6,272,2.21
2024-02-26,"Real Estate",3,25,1,6,4,31,-27,291,-9.28
2024-02-26,"Semiconductors",8,4,4,0,12,4,8,114,7.02
2024-02-26,"Technology ex-Semis",40,15,7,2,47,17,30,384,7.81
2024-02-26,"Utilities",3,24,0,4,3,28,-25,120,-20.83
2024-02-27,"Communication/Media",23,23,7,4,30,27,3,341,0.88
2024-02-27,"Consumer Discretionary",34,29,20,3,54,32,22,553,3.98
2024-02-27,"Consumer Staples",18,15,6,3,24,18,6,221,2.71
2024-02-27,"Energy",16,17,9,2,25,19,6,270,2.22
2024-02-27,"Financials",53,49,11,14,64,63,1,891,0.11
2024-02-27,"Healthcare",69,59,35,6,104,65,39,1068,3.65
2024-02-27,"Industrials",35,68,23,8,58,76,-18,892,-2.02
2024-02-27,"Materials",9,28,11,2,20,30,-10,272,-3.68
2024-02-27,"Real Estate",13,24,5,6,18,30,-12,291,-4.12
2024-02-27,"Semiconductors",5,20,2,2,7,22,-15,114,-13.16
2024-02-27,"Technology ex-Semis",15,27,11,8,26,35,-9,384,-2.34
2024-02-27,"Utilities",10,6,0,2,10,8,2,120,1.67
2024-02-28,"Communication/Media",19,29,5,9,24,38,-14,341,-4.11
2024-02-28,"Consumer Discretionary",30,39,9,9,39,48,-9,553,-1.63
2024-02-28,"Consumer Staples",9,12,5,5,14,17,-3,221,-1.36
2024-02-28,"Energy",7,38,3,7,10,45,-35,270,-12.96
2024-02-28,"Financials",35,86,11,22,46,108,-62,891,-6.96
2024-02-28,"Healthcare",39,139,35,22,74,161,-87,1068,-8.15
2024-02-28,"Industrials",48,60,15,15,63,75,-12,892,-1.35
2024-02-28,"Materials",12,23,7,5,19,28,-9,272,-3.31
2024-02-28,"Real Estate",24,24,3,4,27,28,-1,291,-0.34
2024-02-28,"Semiconductors",11,10,4,1,15,11,4,114,3.51
2024-02-28,"Technology ex-Semis",10,28,7,2,17,30,-13,384,-3.39
2024-02-28,"Utilities",4,12,0,1,4,13,-9,120,-7.50
2024-02-29,"Communication/Media",13,17,13,5,26,22,4,341,1.17
2024-02-29,"Consumer Discretionary",22,35,13,12,35,47,-12,553,-2.17
2024-02-29,"Consumer Staples",12,19,6,4,18,23,-5,221,-2.26
2024-02-29,"Energy",7,21,8,5,15,26,-11,270,-4.07
2024-02-29,"Financials",57,70,16,10,73,80,-7,891,-0.79
2024-02-29,"Healthcare",33,117,26,24,59,141,-82,1068,-7.68
2024-02-29,"Industrials",34,59,24,12,58,71,-13,892,-1.46
2024-02-29,"Materials",18,13,7,4,25,17,8,272,2.94
2024-02-29,"Real Estate",25,27,17,3,42,30,12,291,4.12
2024-02-29,"Semiconductors",8,9,3,4,11,13,-2,114,-1.75
2024-02-29,"Technology ex-Semis",16,26,13,11,29,37,-8,384,-2.08
2024-02-29,"Utilities",2,9,3,3,5,12,-7,120,-5.83
2024-03-01,"Communication/Media",25,25,6,3,31,28,3,341,0.88
2024-03-01,"Consumer Discretionary",26,22,7,5,33,27,6,553,1.08
2024-03-01,"Consumer Staples",16,8,2,3,18,11,7,221,3.17
2024-03-01,"Energy",14,20,15,2,29,22,7,270,2.59
2024-03-01,"Financials",91,43,11,21,102,64,38,891,4.26
2024-03-01,"Healthcare",59,55,30,12,89,67,22,1068,2.06
2024-03-01,"Industrials",50,34,11,13,61,47,14,892,1.57
2024-03-01,"Materials",22,14,12,2,34,16,18,272,6.62
2024-03-01,"Real Estate",42,8,13,2,55,10,45,291,15.46
2024-03-01,"Semiconductors",6,3,9,0,15,3,12,114,10.53
2024-03-01,"Technology ex-Semis",26,19,12,4,38,23,15,384,3.91
2024-03-01,"Utilities",22,6,2,3,24,9,15,120,12.50
2024-03-04,"Communication/Media",18,34,5,8,23,42,-19,341,-5.57
2024-03-04,"Consumer Discretionary",14,77,10,22,24,99,-75,553,-13.56
2024-03-04,"Consumer Staples",10,25,4,4,14,29,-15,221,-6.79
2024-03-04,"Energy",5,47,2,3,7,50,-43,270,-15.93
2024-03-04,"Financials",23,89,41,19,64,108,-44,891,-4.94
2024-03-04,"Healthcare",70,104,22,20,92,124,-32,1068,-3.00
2024-03-04,"Industrials",27,93,25,16,52,109,-57,892,-6.39
2024-03-04,"Materials",11,20,15,4,26,24,2,272,0.74
2024-03-04,"Real Estate",26,26,11,6,37,32,5,291,1.72
2024-03-04,"Semiconductors",2,15,4,1,6,16,-10,114,-8.77
2024-03-04,"Technology ex-Semis",8,34,14,8,22,42,-20,384,-5.21
2024-03-04,"Utilities",19,8,7,0,26,8,18,120,15.00
2024-03-05,"Communication/Media",15,23,4,11,19,34,-15,341,-4.40
2024-03-05,"Consumer Discretionary",20,48,4,16,24,64,-40,553,-7.23
2024-03-05,"Consumer Staples",9,27,8,6,17,33,-16,221,-7.24
2024-03-05,"Energy",10,17,3,1,13,18,-5,270,-1.85
2024-03-05,"Financials",81,54,42,12,123,66,57,891,6.40
2024-03-05,"Healthcare",47,116,17,27,64,143,-79,1068,-7.40
2024-03-05,"Industrials",31,81,7,15,38,96,-58,892,-6.50
2024-03-05,"Materials",9,40,13,1,22,41,-19,272,-6.99
2024-03-05,"Real Estate",13,40,4,4,17,44,-27,291,-9.28
2024-03-05,"Semiconductors",1,15,1,2,2,17,-15,114,-13.16
2024-03-05,"Technology ex-Semis",12,44,2,17,14,61,-47,384,-12.24
2024-03-05,"Utilities",4,26,12,2,16,28,-12,120,-10.00
2024-03-06,"Communication/Media",24,24,2,7,26,31,-5,341,-1.47
2024-03-06,"Consumer Discretionary",27,32,8,12,35,44,-9,553,-1.63
2024-03-06,"Consumer Staples",13,9,5,6,18,15,3,221,1.36
2024-03-06,"Energy",5,18,8,5,13,23,-10,270,-3.70
2024-03-06,"Financials",55,56,31,12,86,68,18,891,2.02
2024-03-06,"Healthcare",66,78,16,20,82,98,-16,1068,-1.50
2024-03-06,"Industrials",51,33,13,16,64,49,15,892,1.68
2024-03-06,"Materials",18,21,12,3,30,24,6,272,2.21
2024-03-06,"Real Estate",10,32,9,1,19,33,-14,291,-4.81
2024-03-06,"Semiconductors",5,2,1,0,6,2,4,114,3.51
2024-03-06,"Technology ex-Semis",16,19,3,5,19,24,-5,384,-1.30
2024-03-06,"Utilities",3,6,1,0,4,6,-2,120,-1.67
2024-03-07,"Communication/Media",35,19,7,13,42,32,10,341,2.93
2024-03-07,"Consumer Discretionary",27,31,7,4,34,35,-1,553,-0.18
2024-03-07,"Consumer Staples",14,16,4,4,18,20,-2,221,-0.90
2024-03-07,"Energy",17,18,12,3,29,21,8,270,2.96
2024-03-07,"Financials",29,110,19,4,48,114,-66,891,-7.41
2024-03-07,"Healthcare",65,94,16,14,81,108,-27,1068,-2.53
2024-03-07,"Industrials",62,40,20,11,82,51,31,892,3.48
2024-03-07,"Materials",13,13,19,0,32,13,19,272,6.99
2024-03-07,"Real Estate",2,25,10,1,12,26,-14,291,-4.81
2024-03-07,"Semiconductors",5,6,8,1,13,7,6,114,5.26
2024-03-07,"Technology ex-Semis",31,22,8,5,39,27,12,384,3.13
2024-03-07,"Utilities",9,13,10,2,19,15,4,120,3.33
2024-03-08,"Communication/Media",12,36,7,4,19,40,-21,341,-6.16
2024-03-08,"Consumer Discretionary",27,62,9,6,36,68,-32,553,-5.79
2024-03-08,"Consumer Staples",11,23,6,3,17,26,-9,221,-4.07
2024-03-08,"Energy",8,29,6,3,14,32,-18,270,-6.67
2024-03-08,"Financials",28,147,16,6,44,153,-109,891,-12.23
2024-03-08,"Healthcare",32,122,18,11,50,133,-83,1068,-7.77
2024-03-08,"Industrials",26,142,19,12,45,154,-109,892,-12.22
2024-03-08,"Materials",5,42,9,0,14,42,-28,272,-10.29
2024-03-08,"Real Estate",12,28,10,4,22,32,-10,291,-3.44
2024-03-08,"Semiconductors",0,37,3,1,3,38,-35,114,-30.70
2024-03-08,"Technology ex-Semis",12,48,10,6,22,54,-32,384,-8.33
2024-03-08,"Utilities",4,8,7,0,11,8,3,120,2.50
2024-03-11,"Communication/Media",28,21,8,5,36,26,10,341,2.93
2024-03-11,"Consumer Discretionary",45,42,7,13,52,55,-3,553,-0.54
2024-03-11,"Consumer Staples",22,17,6,6,28,23,5,221,2.26
2024-03-11,"Energy",24,9,4,4,28,13,15,270,5.56
2024-03-11,"Financials",58,76,13,5,71,81,-10,891,-1.12
2024-03-11,"Healthcare",48,91,16,23,64,114,-50,1068,-4.68
2024-03-11,"Industrials",51,69,7,16,58,85,-27,892,-3.03
2024-03-11,"Materials",20,18,2,3,22,21,1,272,0.37
2024-03-11,"Real Estate",22,25,7,4,29,29,0,291,0.00
2024-03-11,"Semiconductors",8,5,0,4,8,9,-1,114,-0.88
2024-03-11,"Technology ex-Semis",22,35,10,8,32,43,-11,384,-2.86
2024-03-11,"Utilities",2,7,7,1,9,8,1,120,0.83
2024-03-12,"Communication/Media",28,17,7,5,35,22,13,341,3.81
2024-03-12,"Consumer Discretionary",41,35,10,9,51,44,7,553,1.27
2024-03-12,"Consumer Staples",10,11,5,3,15,14,1,221,0.45
2024-03-12,"Energy",11,15,2,4,13,19,-6,270,-2.22
2024-03-12,"Financials",40,69,15,17,55,86,-31,891,-3.48
2024-03-12,"Healthcare",49,71,11,35,60,106,-46,1068,-4.31
2024-03-12,"Industrials",51,40,9,16,60,56,4,892,0.45
2024-03-12,"Materials",9,26,4,4,13,30,-17,272,-6.25
2024-03-12,"Real Estate",15,20,4,2,19,22,-3,291,-1.03
2024-03-12,"Semiconductors",6,8,1,1,7,9,-2,114,-1.75
2024-03-12,"Technology ex-Semis",17,22,5,12,22,34,-12,384,-3.13
2024-03-12,"Utilities",5,15,0,2,5,17,-12,120,-10.00
2024-03-13,"Communication/Media",18,26,7,4,25,30,-5,341,-1.47
2024-03-13,"Consumer Discretionary",33,36,10,12,43,48,-5,553,-0.90
2024-03-13,"Consumer Staples",9,18,8,3,17,21,-4,221,-1.81
2024-03-13,"Energy",9,32,9,2,18,34,-16,270,-5.93
2024-03-13,"Financials",25,101,18,13,43,114,-71,891,-7.97
2024-03-13,"Healthcare",66,79,17,24,83,103,-20,1068,-1.87
2024-03-13,"Industrials",23,47,13,9,36,56,-20,892,-2.24
2024-03-13,"Materials",8,21,8,5,16,26,-10,272,-3.68
2024-03-13,"Real Estate",6,34,9,2,15,36,-21,291,-7.22
2024-03-13,"Semiconductors",2,18,0,2,2,20,-18,114,-15.79
2024-03-13,"Technology ex-Semis",7,28,5,6,12,34,-22,384,-5.73
2024-03-13,"Utilities",3,31,1,2,4,33,-29,120,-24.17
2024-03-14,"Communication/Media",15,30,3,12,18,42,-24,341,-7.04
2024-03-14,"Consumer Discretionary",21,57,2,34,23,91,-68,553,-12.30
2024-03-14,"Consumer Staples",4,35,0,7,4,42,-38,221,-17.19
2024-03-14,"Energy",12,16,10,6,22,22,0,270,0.00
2024-03-14,"Financials",18,92,3,95,21,187,-166,891,-18.63
2024-03-14,"Healthcare",56,83,9,66,65,149,-84,1068,-7.87
2024-03-14,"Industrials",34,88,9,28,43,116,-73,892,-8.18
2024-03-14,"Materials",11,33,1,5,12,38,-26,272,-9.56
2024-03-14,"Real Estate",14,42,2,20,16,62,-46,291,-15.81
2024-03-14,"Semiconductors",1,9,1,8,2,17,-15,114,-13.16
2024-03-14,"Technology ex-Semis",12,33,4,13,16,46,-30,384,-7.81
2024-03-14,"Utilities",8,6,0,8,8,14,-6,120,-5.00
2024-03-15,"Communication/Media",22,28,4,13,26,41,-15,341,-4.40
2024-03-15,"Consumer Discretionary",55,31,3,13,58,44,14,553,2.53
2024-03-15,"Consumer Staples",24,12,6,3,30,15,15,221,6.79
2024-03-15,"Energy",14,20,7,5,21,25,-4,270,-1.48
2024-03-15,"Financials",106,34,9,24,115,58,57,891,6.40
2024-03-15,"Healthcare",108,42,11,32,119,74,45,1068,4.21
2024-03-15,"Industrials",92,41,6,18,98,59,39,892,4.37
2024-03-15,"Materials",12,14,3,5,15,19,-4,272,-1.47
2024-03-15,"Real Estate",29,13,4,15,33,28,5,291,1.72
2024-03-15,"Semiconductors",6,1,0,7,6,8,-2,114,-1.75
2024-03-15,"Technology ex-Semis",46,25,3,10,49,35,14,384,3.65
2024-03-15,"Utilities",8,5,1,5,9,10,-1,120,-0.83
2024-03-18,"Communication/Media",11,34,6,13,17,47,-30,341,-8.80
2024-03-18,"Consumer Discretionary",22,46,11,11,33,57,-24,553,-4.34
2024-03-18,"Consumer Staples",13,20,9,10,22,30,-8,221,-3.62
2024-03-18,"Energy",14,17,4,3,18,20,-2,270,-0.74
2024-03-18,"Financials",30,70,6,23,36,93,-57,891,-6.40
2024-03-18,"Healthcare",53,89,17,25,70,114,-44,1068,-4.12
2024-03-18,"Industrials",34,91,11,10,45,101,-56,892,-6.28
2024-03-18,"Materials",8,40,4,4,12,44,-32,272,-11.76
2024-03-18,"Real Estate",10,32,0,6,10,38,-28,291,-9.62
2024-03-18,"Semiconductors",5,6,0,0,5,6,-1,114,-0.88
2024-03-18,"Technology ex-Semis",24,22,4,4,28,26,2,384,0.52
2024-03-18,"Utilities",5,8,2,3,7,11,-4,120,-3.33
2024-03-19,"Communication/Media",32,16,4,6,36,22,14,341,4.11
2024-03-19,"Consumer Discretionary",64,16,7,7,71,23,48,553,8.68
2024-03-19,"Consumer Staples",16,16,4,2,20,18,2,221,0.90
2024-03-19,"Energy",20,13,6,2,26,15,11,270,4.07
2024-03-19,"Financials",94,48,9,15,103,63,40,891,4.49
2024-03-19,"Healthcare",106,48,13,19,119,67,52,1068,4.87
2024-03-19,"Industrials",93,35,12,11,105,46,59,892,6.61
2024-03-19,"Materials",22,21,4,1,26,22,4,272,1.47
2024-03-19,"Real Estate",27,13,2,1,29,14,15,291,5.15
2024-03-19,"Semiconductors",14,2,0,6,14,8,6,114,5.26
2024-03-19,"Technology ex-Semis",50,13,5,7,55,20,35,384,9.11
2024-03-19,"Utilities",12,3,0,3,12,6,6,120,5.00
2024-03-20,"Communication/Media",55,6,11,1,66,7,59,341,17.30
2024-03-20,"Consumer Discretionary",78,11,19,8,97,19,78,553,14.10
2024-03-20,"Consumer Staples",32,7,13,1,45,8,37,221,16.74
2024-03-20,"Energy",24,6,6,1,30,7,23,270,8.52
2024-03-20,"Financials",161,20,48,12,209,32,177,891,19.87
2024-03-20,"Healthcare",157,32,18,22,175,54,121,1068,11.33
2024-03-20,"Industrials",108,15,26,13,134,28,106,892,11.88
2024-03-20,"Materials",40,2,8,2,48,4,44,272,16.18
2024-03-20,"Real Estate",59,8,12,5,71,13,58,291,19.93
2024-03-20,"Semiconductors",31,1,1,2,32,3,29,114,25.44
2024-03-20,"Technology ex-Semis",52,11,8,4,60,15,45,384,11.72
2024-03-20,"Utilities",22,6,1,1,23,7,16,120,13.33
2024-03-21,"Communication/Media",13,41,8,2,21,43,-22,341,-6.45
2024-03-21,"Consumer Discretionary",27,44,26,10,53,54,-1,553,-0.18
2024-03-21,"Consumer Staples",9,18,4,2,13,20,-7,221,-3.17
2024-03-21,"Energy",9,21,14,0,23,21,2,270,0.74
2024-03-21,"Financials",55,71,65,7,120,78,42,891,4.71
2024-03-21,"Healthcare",37,107,15,14,52,121,-69,1068,-6.46
2024-03-21,"Industrials",46,56,40,2,86,58,28,892,3.14
2024-03-21,"Materials",9,44,13,1,22,45,-23,272,-8.46
2024-03-21,"Real Estate",22,11,29,2,51,13,38,291,13.06
2024-03-21,"Semiconductors",2,10,5,1,7,11,-4,114,-3.51
2024-03-21,"Technology ex-Semis",8,46,10,4,18,50,-32,384,-8.33
2024-03-21,"Utilities",2,17,5,0,7,17,-10,120,-8.33
2024-03-22,"Communication/Media",12,27,5,7,17,34,-17,341,-4.99
2024-03-22,"Consumer Discretionary",19,54,9,18,28,72,-44,553,-7.96
2024-03-22,"Consumer Staples",10,36,3,4,13,40,-27,221,-12.22
2024-03-22,"Energy",11,48,4,0,15,48,-33,270,-12.22
2024-03-22,"Financials",21,178,7,8,28,186,-158,891,-17.73
2024-03-22,"Healthcare",66,61,15,22,81,83,-2,1068,-0.19
2024-03-22,"Industrials",36,114,12,7,48,121,-73,892,-8.18
2024-03-22,"Materials",4,38,3,0,7,38,-31,272,-11.40
2024-03-22,"Real Estate",8,70,3,4,11,74,-63,291,-21.65
2024-03-22,"Semiconductors",5,4,0,1,5,5,0,114,0.00
2024-03-22,"Technology ex-Semis",18,35,4,5,22,40,-18,384,-4.69
2024-03-22,"Utilities",2,17,3,0,5,17,-12,120,-10.00
2024-03-25,"Communication/Media",15,23,7,7,22,30,-8,341,-2.35
2024-03-25,"Consumer Discretionary",18,58,6,5,24,63,-39,553,-7.05
2024-03-25,"Consumer Staples",6,26,4,2,10,28,-18,221,-8.14
2024-03-25,"Energy",10,26,7,3,17,29,-12,270,-4.44
2024-03-25,"Financials",20,67,8,9,28,76,-48,891,-5.39
2024-03-25,"Healthcare",45,92,17,22,62,114,-52,1068,-4.87
2024-03-25,"Industrials",25,84,15,17,40,101,-61,892,-6.84
2024-03-25,"Materials",5,36,4,3,9,39,-30,272,-11.03
2024-03-25,"Real Estate",6,25,3,2,9,27,-18,291,-6.19
2024-03-25,"Semiconductors",6,3,0,1,6,4,2,114,1.75
2024-03-25,"Technology ex-Semis",23,23,3,2,26,25,1,384,0.26
2024-03-25,"Utilities",4,14,2,1,6,15,-9,120,-7.50
2024-03-26,"Communication/Media",17,42,7,1,24,43,-19,341,-5.57
2024-03-26,"Consumer Discretionary",11,56,12,5,23,61,-38,553,-6.87
2024-03-26,"Consumer Staples",5,18,3,2,8,20,-12,221,-5.43
2024-03-26,"Energy",6,48,2,4,8,52,-44,270,-16.30
2024-03-26,"Financials",32,74,5,11,37,85,-48,891,-5.39
2024-03-26,"Healthcare",49,82,18,25,67,107,-40,1068,-3.75
2024-03-26,"Industrials",24,79,15,17,39,96,-57,892,-6.39
2024-03-26,"Materials",3,38,2,4,5,42,-37,272,-13.60
2024-03-26,"Real Estate",6,24,3,9,9,33,-24,291,-8.25
2024-03-26,"Semiconductors",3,11,1,2,4,13,-9,114,-7.89
2024-03-26,"Technology ex-Semis",9,37,4,7,13,44,-31,384,-8.07
2024-03-26,"Utilities",3,13,0,4,3,17,-14,120,-11.67
2024-03-27,"Communication/Media",41,12,4,5,45,17,28,341,8.21
2024-03-27,"Consumer Discretionary",71,14,20,9,91,23,68,553,12.30
2024-03-27,"Consumer Staples",24,14,7,1,31,15,16,221,7.24
2024-03-27,"Energy",34,4,1,3,35,7,28,270,10.37
2024-03-27,"Financials",107,18,38,13,145,31,114,891,12.79
2024-03-27,"Healthcare",135,31,21,14,156,45,111,1068,10.39
2024-03-27,"Industrials",70,24,16,7,86,31,55,892,6.17
2024-03-27,"Materials",18,6,5,1,23,7,16,272,5.88
2024-03-27,"Real Estate",47,7,7,3,54,10,44,291,15.12
2024-03-27,"Semiconductors",14,2,1,1,15,3,12,114,10.53
2024-03-27,"Technology ex-Semis",37,22,5,7,42,29,13,384,3.39
2024-03-27,"Utilities",23,2,4,2,27,4,23,120,19.17
2024-03-28,"Communication/Media",17,31,14,11,31,42,-11,341,-3.23
2024-03-28,"Consumer Discretionary",21,46,17,6,38,52,-14,553,-2.53
2024-03-28,"Consumer Staples",9,22,8,5,17,27,-10,221,-4.52
2024-03-28,"Energy",7,20,3,1,10,21,-11,270,-4.07
2024-03-28,"Financials",29,68,57,9,86,77,9,891,1.01
2024-03-28,"Healthcare",60,95,30,4,90,99,-9,1068,-0.84
2024-03-28,"Industrials",39,68,27,6,66,74,-8,892,-0.90
2024-03-28,"Materials",7,22,10,0,17,22,-5,272,-1.84
2024-03-28,"Real Estate",11,22,12,6,23,28,-5,291,-1.72
2024-03-28,"Semiconductors",4,4,4,2,8,6,2,114,1.75
2024-03-28,"Technology ex-Semis",21,26,11,5,32,31,1,384,0.26
2024-03-28,"Utilities",5,9,15,6,20,15,5,120,4.17
2024-04-01,"Communication/Media",19,37,4,5,23,42,-19,341,-5.57
2024-04-01,"Consumer Discretionary",18,78,12,5,30,83,-53,553,-9.58
2024-04-01,"Consumer Staples",11,45,2,5,13,50,-37,221,-16.74
2024-04-01,"Energy",8,19,14,2,22,21,1,270,0.37
2024-04-01,"Financials",27,225,17,11,44,236,-192,891,-21.55
2024-04-01,"Healthcare",79,100,14,27,93,127,-34,1068,-3.18
2024-04-01,"Industrials",31,134,11,7,42,141,-99,892,-11.10
2024-04-01,"Materials",6,24,10,3,16,27,-11,272,-4.04
2024-04-01,"Real Estate",15,67,2,3,17,70,-53,291,-18.21
2024-04-01,"Semiconductors",2,14,5,0,7,14,-7,114,-6.14
2024-04-01,"Technology ex-Semis",18,33,5,12,23,45,-22,384,-5.73
2024-04-01,"Utilities",7,14,1,4,8,18,-10,120,-8.33
2024-04-02,"Communication/Media",20,25,0,8,20,33,-13,341,-3.81
2024-04-02,"Consumer Discretionary",34,48,6,24,40,72,-32,553,-5.79
2024-04-02,"Consumer Staples",13,14,0,16,13,30,-17,221,-7.69
2024-04-02,"Energy",8,11,10,0,18,11,7,270,2.59
2024-04-02,"Financials",42,60,0,35,42,95,-53,891,-5.95
2024-04-02,"Healthcare",57,74,9,64,66,138,-72,1068,-6.74
2024-04-02,"Industrials",55,50,6,38,61,88,-27,892,-3.03
2024-04-02,"Materials",8,15,8,3,16,18,-2,272,-0.74
2024-04-02,"Real Estate",15,14,2,25,17,39,-22,291,-7.56
2024-04-02,"Semiconductors",6,10,0,3,6,13,-7,114,-6.14
2024-04-02,"Technology ex-Semis",38,13,1,24,39,37,2,384,0.52
2024-04-02,"Utilities",2,14,5,5,7,19,-12,120,-10.00
2024-04-03,"Communication/Media",28,22,5,5,33,27,6,341,1.76
2024-04-03,"Consumer Discretionary",20,37,5,14,25,51,-26,553,-4.70
2024-04-03,"Consumer Staples",12,18,6,11,18,29,-11,221,-4.98
2024-04-03,"Energy",8,12,13,0,21,12,9,270,3.33
2024-04-03,"Financials",59,59,8,13,67,72,-5,891,-0.56
2024-04-03,"Healthcare",77,76,23,19,100,95,5,1068,0.47
2024-04-03,"Industrials",57,38,11,9,68,47,21,892,2.35
2024-04-03,"Materials",11,13,5,0,16,13,3,272,1.10
2024-04-03,"Real Estate",36,11,5,13,41,24,17,291,5.84
2024-04-03,"Semiconductors",13,5,2,6,15,11,4,114,3.51
2024-04-03,"Technology ex-Semis",29,21,6,5,35,26,9,384,2.34
2024-04-03,"Utilities",5,16,1,2,6,18,-12,120,-10.00
2024-04-04,"Communication/Media",8,65,7,7,15,72,-57,341,-16.72
2024-04-04,"Consumer Discretionary",8,66,11,19,19,85,-66,553,-11.93
2024-04-04,"Consumer Staples",3,29,4,5,7,34,-27,221,-12.22
2024-04-04,"Energy",0,43,8,1,8,44,-36,270,-13.33
2024-04-04,"Financials",15,158,17,14,32,172,-140,891,-15.71
2024-04-04,"Healthcare",22,149,20,27,42,176,-134,1068,-12.55
2024-04-04,"Industrials",13,140,19,16,32,156,-124,892,-13.90
2024-04-04,"Materials",3,60,4,4,7,64,-57,272,-20.96
2024-04-04,"Real Estate",7,49,4,7,11,56,-45,291,-15.46
2024-04-04,"Semiconductors",0,33,1,2,1,35,-34,114,-29.82
2024-04-04,"Technology ex-Semis",9,70,7,9,16,79,-63,384,-16.41
2024-04-04,"Utilities",7,19,2,1,9,20,-11,120,-9.17
2024-04-05,"Communication/Media",17,22,3,6,20,28,-8,341,-2.35
2024-04-05,"Consumer Discretionary",43,11,3,20,46,31,15,553,2.71
2024-04-05,"Consumer Staples",17,9,2,13,19,22,-3,221,-1.36
2024-04-05,"Energy",5,12,3,2,8,14,-6,270,-2.22
2024-04-05,"Financials",79,45,2,16,81,61,20,891,2.24
2024-04-05,"Healthcare",93,46,6,20,99,66,33,1068,3.09
2024-04-05,"Industrials",67,19,7,21,74,40,34,892,3.81
2024-04-05,"Materials",13,16,2,5,15,21,-6,272,-2.21
2024-04-05,"Real Estate",40,10,2,16,42,26,16,291,5.50
2024-04-05,"Semiconductors",9,1,0,1,9,2,7,114,6.14
2024-04-05,"Technology ex-Semis",28,11,3,11,31,22,9,384,2.34
2024-04-05,"Utilities",10,7,2,5,12,12,0,120,0.00
2024-04-08,"Communication/Media",21,31,3,3,24,34,-10,341,-2.93
2024-04-08,"Consumer Discretionary",34,28,4,2,38,30,8,553,1.45
2024-04-08,"Consumer Staples",15,16,3,4,18,20,-2,221,-0.90
2024-04-08,"Energy",5,48,4,3,9,51,-42,270,-15.56
2024-04-08,"Financials",105,44,14,4,119,48,71,891,7.97
2024-04-08,"Healthcare",88,68,18,17,106,85,21,1068,1.97
2024-04-08,"Industrials",51,70,13,12,64,82,-18,892,-2.02
2024-04-08,"Materials",8,19,5,2,13,21,-8,272,-2.94
2024-04-08,"Real Estate",47,7,9,4,56,11,45,291,15.46
2024-04-08,"Semiconductors",5,9,0,0,5,9,-4,114,-3.51
2024-04-08,"Technology ex-Semis",27,21,4,5,31,26,5,384,1.30
2024-04-08,"Utilities",17,3,4,0,21,3,18,120,15.00
2024-04-09,"Communication/Media",29,21,5,4,34,25,9,341,2.64
2024-04-09,"Consumer Discretionary",41,32,3,4,44,36,8,553,1.45
2024-04-09,"Consumer Staples",28,9,3,2,31,11,20,221,9.05
2024-04-09,"Energy",9,26,1,3,10,29,-19,270,-7.04
2024-04-09,"Financials",61,57,14,18,75,75,0,891,0.00
2024-04-09,"Healthcare",91,62,22,16,113,78,35,1068,3.28
2024-04-09,"Industrials",79,57,14,14,93,71,22,892,2.47
2024-04-09,"Materials",15,18,8,1,23,19,4,272,1.47
2024-04-09,"Real Estate",49,3,26,0,75,3,72,291,24.74
2024-04-09,"Semiconductors",16,4,2,1,18,5,13,114,11.40
2024-04-09,"Technology ex-Semis",40,29,5,8,45,37,8,384,2.08
2024-04-09,"Utilities",6,4,1,0,7,4,3,120,2.50
2024-04-10,"Communication/Media",23,27,3,26,26,53,-27,341,-7.92
2024-04-10,"Consumer Discretionary",30,27,5,37,35,64,-29,553,-5.24
2024-04-10,"Consumer Staples",13,14,0,20,13,34,-21,221,-9.50
2024-04-10,"Energy",18,6,2,5,20,11,9,270,3.33
2024-04-10,"Financials",69,43,3,164,72,207,-135,891,-15.15
2024-04-10,"Healthcare",83,60,5,37,88,97,-9,1068,-0.84
2024-04-10,"Industrials",58,37,2,62,60,99,-39,892,-4.37
2024-04-10,"Materials",16,21,1,4,17,25,-8,272,-2.94
2024-04-10,"Real Estate",10,23,1,48,11,71,-60,291,-20.62
2024-04-10,"Semiconductors",6,16,2,4,8,20,-12,114,-10.53
2024-04-10,"Technology ex-Semis",20,25,3,18,23,43,-20,384,-5.21
2024-04-10,"Utilities",12,10,1,12,13,22,-9,120,-7.50
2024-04-11,"Communication/Media",29,14,3,6,32,20,12,341,3.52
2024-04-11,"Consumer Discretionary",54,21,4,9,58,30,28,553,5.06
2024-04-11,"Consumer Staples",15,8,1,6,16,14,2,221,0.90
2024-04-11,"Energy",20,28,2,5,22,33,-11,270,-4.07
2024-04-11,"Financials",76,34,5,35,81,69,12,891,1.35
2024-04-11,"Healthcare",92,54,10,21,102,75,27,1068,2.53
2024-04-11,"Industrials",72,20,2,15,74,35,39,892,4.37
2024-04-11,"Materials",14,14,2,5,16,19,-3,272,-1.10
2024-04-11,"Real Estate",30,4,2,8,32,12,20,291,6.87
2024-04-11,"Semiconductors",11,0,1,1,12,1,11,114,9.65
2024-04-11,"Technology ex-Semis",41,19,5,4,46,23,23,384,5.99
2024-04-11,"Utilities",2,8,0,7,2,15,-13,120,-10.83
2024-04-12,"Communication/Media",16,42,2,16,18,58,-40,341,-11.73
2024-04-12,"Consumer Discretionary",16,38,2,28,18,66,-48,553,-8.68
2024-04-12,"Consumer Staples",13,10,0,10,13,20,-7,221,-3.17
2024-04-12,"Energy",1,63,8,7,9,70,-61,270,-22.59
2024-04-12,"Financials",58,69,3,48,61,117,-56,891,-6.29
2024-04-12,"Healthcare",35,87,11,49,46,136,-90,1068,-8.43
2024-04-12,"Industrials",33,91,4,32,37,123,-86,892,-9.64
2024-04-12,"Materials",1,71,2,11,3,82,-79,272,-29.04
2024-04-12,"Real Estate",7,34,0,12,7,46,-39,291,-13.40
2024-04-12,"Semiconductors",2,17,0,7,2,24,-22,114,-19.30
2024-04-12,"Technology ex-Semis",9,32,1,27,10,59,-49,384,-12.76
2024-04-12,"Utilities",1,14,0,8,1,22,-21,120,-17.50
2024-04-15,"Communication/Media",7,24,1,12,8,36,-28,341,-8.21
2024-04-15,"Consumer Discretionary",11,34,1,34,12,68,-56,553,-10.13
2024-04-15,"Consumer Staples",10,16,0,17,10,33,-23,221,-10.41
2024-04-15,"Energy",6,40,0,14,6,54,-48,270,-17.78
2024-04-15,"Financials",21,55,3,66,24,121,-97,891,-10.89
2024-04-15,"Healthcare",33,72,8,56,41,128,-87,1068,-8.15
2024-04-15,"Industrials",21,82,7,34,28,116,-88,892,-9.87
2024-04-15,"Materials",6,29,2,17,8,46,-38,272,-13.97
2024-04-15,"Real Estate",5,22,1,30,6,52,-46,291,-15.81
2024-04-15,"Semiconductors",2,8,0,9,2,17,-15,114,-13.16
2024-04-15,"Technology ex-Semis",5,19,1,32,6,51,-45,384,-11.72
2024-04-15,"Utilities",2,3,0,12,2,15,-13,120,-10.83
2024-04-16,"Communication/Media",25,11,2,19,27,30,-3,341,-0.88
2024-04-16,"Consumer Discretionary",57,10,2,48,59,58,1,553,0.18
2024-04-16,"Consumer Staples",22,3,1,12,23,15,8,221,3.62
2024-04-16,"Energy",21,8,1,19,22,27,-5,270,-1.85
2024-04-16,"Financials",84,22,1,59,85,81,4,891,0.45
2024-04-16,"Healthcare",85,39,8,55,93,94,-1,1068,-0.09
2024-04-16,"Industrials",82,17,3,66,85,83,2,892,0.22
2024-04-16,"Materials",25,5,1,26,26,31,-5,272,-1.84
2024-04-16,"Real Estate",19,4,0,20,19,24,-5,291,-1.72
2024-04-16,"Semiconductors",14,0,3,2,17,2,15,114,13.16
2024-04-16,"Technology ex-Semis",37,6,0,29,37,35,2,384,0.52
2024-04-16,"Utilities",10,0,0,16,10,16,-6,120,-5.00
2024-04-17,"Communication/Media",10,10,0,10,10,20,-10,341,-2.93
2024-04-17,"Consumer Discretionary",18,28,3,12,21,40,-19,553,-3.44
2024-04-17,"Consumer Staples",14,8,1,2,15,10,5,221,2.26
2024-04-17,"Energy",4,14,3,12,7,26,-19,270,-7.04
2024-04-17,"Financials",50,38,0,12,50,50,0,891,0.00
2024-04-17,"Healthcare",45,37,5,38,50,75,-25,1068,-2.34
2024-04-17,"Industrials",23,31,3,41,26,72,-46,892,-5.16
2024-04-17,"Materials",5,18,1,9,6,27,-21,272,-7.72
2024-04-17,"Real Estate",7,14,0,5,7,19,-12,291,-4.12
2024-04-17,"Semiconductors",0,5,0,11,0,16,-16,114,-14.04
2024-04-17,"Technology ex-Semis",14,14,0,5,14,19,-5,384,-1.30
2024-04-17,"Utilities",33,0,0,0,33,0,33,120,27.50
2024-04-18,"Communication/Media",32,11,5,14,37,25,12,341,3.52
2024-04-18,"Consumer Discretionary",31,21,6,17,37,38,-1,553,-0.18
2024-04-18,"Consumer Staples",23,6,2,3,25,9,16,221,7.24
2024-04-18,"Energy",12,16,1,14,13,30,-17,270,-6.30
2024-04-18,"Financials",85,23,6,15,91,38,53,891,5.95
2024-04-18,"Healthcare",70,51,11,44,81,95,-14,1068,-1.31
2024-04-18,"Industrials",50,35,12,31,62,66,-4,892,-0.45
2024-04-18,"Materials",17,20,1,9,18,29,-11,272,-4.04
2024-04-18,"Real Estate",31,9,2,3,33,12,21,291,7.22
2024-04-18,"Semiconductors",4,4,0,15,4,19,-15,114,-13.16
2024-04-18,"Technology ex-Semis",14,7,2,11,16,18,-2,384,-0.52
2024-04-18,"Utilities",18,4,0,1,18,5,13,120,10.83
2024-04-19,"Communication/Media",41,11,5,8,46,19,27,341,7.92
2024-04-19,"Consumer Discretionary",67,12,4,20,71,32,39,553,7.05
2024-04-19,"Consumer Staples",31,6,3,4,34,10,24,221,10.86
2024-04-19,"Energy",46,7,4,7,50,14,36,270,13.33
2024-04-19,"Financials",170,28,15,10,185,38,147,891,16.50
2024-04-19,"Healthcare",99,45,3,30,102,75,27,1068,2.53
2024-04-19,"Industrials",116,20,3,54,119,74,45,892,5.04
2024-04-19,"Materials",36,9,1,12,37,21,16,272,5.88
2024-04-19,"Real Estate",66,1,1,3,67,4,63,291,21.65
2024-04-19,"Semiconductors",1,2,0,13,1,15,-14,114,-12.28
2024-04-19,"Technology ex-Semis",23,6,0,15,23,21,2,384,0.52
2024-04-19,"Utilities",25,2,10,1,35,3,32,120,26.67
2024-04-22,"Communication/Media",33,19,5,3,38,22,16,341,4.69
2024-04-22,"Consumer Discretionary",60,13,6,4,66,17,49,553,8.86
2024-04-22,"Consumer Staples",14,13,8,4,22,17,5,221,2.26
2024-04-22,"Energy",18,8,4,8,22,16,6,270,2.22
2024-04-22,"Financials",95,44,27,4,122,48,74,891,8.31
2024-04-22,"Healthcare",90,46,4,14,94,60,34,1068,3.18
2024-04-22,"Industrials",77,36,5,10,82,46,36,892,4.04
2024-04-22,"Materials",22,6,1,5,23,11,12,272,4.41
2024-04-22,"Real Estate",48,8,7,1,55,9,46,291,15.81
2024-04-22,"Semiconductors",13,1,0,0,13,1,12,114,10.53
2024-04-22,"Technology ex-Semis",57,6,3,3,60,9,51,384,13.28
2024-04-22,"Utilities",6,5,8,0,14,5,9,120,7.50
2024-04-23,"Communication/Media",35,9,5,1,40,10,30,341,8.80
2024-04-23,"Consumer Discretionary",42,19,5,3,47,22,25,553,4.52
2024-04-23,"Consumer Staples",26,10,6,0,32,10,22,221,9.95
2024-04-23,"Energy",49,6,2,2,51,8,43,270,15.93
2024-04-23,"Financials",76,38,36,4,112,42,70,891,7.86
2024-04-23,"Healthcare",90,53,17,7,107,60,47,1068,4.40
2024-04-23,"Industrials",126,29,27,5,153,34,119,892,13.34
2024-04-23,"Materials",39,9,2,7,41,16,25,272,9.19
2024-04-23,"Real Estate",16,11,7,3,23,14,9,291,3.09
2024-04-23,"Semiconductors",19,2,2,1,21,3,18,114,15.79
2024-04-23,"Technology ex-Semis",50,11,13,3,63,14,49,384,12.76
2024-04-23,"Utilities",8,9,7,0,15,9,6,120,5.00
2024-04-24,"Communication/Media",27,17,6,4,33,21,12,341,3.52
2024-04-24,"Consumer Discretionary",28,26,13,8,41,34,7,553,1.27
2024-04-24,"Consumer Staples",13,10,7,1,20,11,9,221,4.07
2024-04-24,"Energy",11,13,2,4,13,17,-4,270,-1.48
2024-04-24,"Financials",56,45,32,11,88,56,32,891,3.59
2024-04-24,"Healthcare",56,59,11,18,67,77,-10,1068,-0.94
2024-04-24,"Industrials",52,44,11,14,63,58,5,892,0.56
2024-04-24,"Materials",19,10,1,5,20,15,5,272,1.84
2024-04-24,"Real Estate",21,15,6,2,27,17,10,291,3.44
2024-04-24,"Semiconductors",9,7,3,0,12,7,5,114,4.39
2024-04-24,"Technology ex-Semis",20,22,1,1,21,23,-2,384,-0.52
2024-04-24,"Utilities",7,2,3,1,10,3,7,120,5.83
2024-04-25,"Communication/Media",32,11,3,4,35,15,20,341,5.87
2024-04-25,"Consumer Discretionary",57,14,8,13,65,27,38,553,6.87
2024-04-25,"Consumer Staples",15,17,7,5,22,22,0,221,0.00
2024-04-25,"Energy",28,8,3,6,31,14,17,270,6.30
2024-04-25,"Financials",58,67,8,28,66,95,-29,891,-3.25
2024-04-25,"Healthcare",109,40,6,32,115,72,43,1068,4.03
2024-04-25,"Industrials",96,19,15,17,111,36,75,892,8.41
2024-04-25,"Materials",35,6,5,8,40,14,26,272,9.56
2024-04-25,"Real Estate",28,15,1,0,29,15,14,291,4.81
2024-04-25,"Semiconductors",16,2,2,1,18,3,15,114,13.16
2024-04-25,"Technology ex-Semis",46,9,2,3,48,12,36,384,9.38
2024-04-25,"Utilities",9,2,4,0,13,2,11,120,9.17
2024-04-26,"Communication/Media",20,24,8,2,28,26,2,341,0.59
2024-04-26,"Consumer Discretionary",46,24,8,5,54,29,25,553,4.52
2024-04-26,"Consumer Staples",4,28,5,2,9,30,-21,221,-9.50
2024-04-26,"Energy",22,12,6,0,28,12,16,270,5.93
2024-04-26,"Financials",41,78,22,15,63,93,-30,891,-3.37
2024-04-26,"Healthcare",98,37,14,12,112,49,63,1068,5.90
2024-04-26,"Industrials",74,43,22,8,96,51,45,892,5.04
2024-04-26,"Materials",19,18,12,2,31,20,11,272,4.04
2024-04-26,"Real Estate",11,29,7,0,18,29,-11,291,-3.78
2024-04-26,"Semiconductors",11,3,3,0,14,3,11,114,9.65
2024-04-26,"Technology ex-Semis",23,25,5,1,28,26,2,384,0.52
2024-04-26,"Utilities",1,30,1,0,2,30,-28,120,-23.33
2024-04-29,"Communication/Media",12,32,7,0,19,32,-13,341,-3.81
2024-04-29,"Consumer Discretionary",27,42,12,4,39,46,-7,553,-1.27
2024-04-29,"Consumer Staples",13,9,1,3,14,12,2,221,0.90
2024-04-29,"Energy",16,14,5,3,21,17,4,270,1.48
2024-04-29,"Financials",35,93,16,12,51,105,-54,891,-6.06
2024-04-29,"Healthcare",77,70,26,10,103,80,23,1068,2.15
2024-04-29,"Industrials",42,62,20,3,62,65,-3,892,-0.34
2024-04-29,"Materials",17,28,14,1,31,29,2,272,0.74
2024-04-29,"Real Estate",6,30,10,2,16,32,-16,291,-5.50
2024-04-29,"Semiconductors",2,3,1,0,3,3,0,114,0.00
2024-04-29,"Technology ex-Semis",16,39,4,1,20,40,-20,384,-5.21
2024-04-29,"Utilities",3,2,4,1,7,3,4,120,3.33
2024-04-30,"Communication/Media",8,57,7,5,15,62,-47,341,-13.78
2024-04-30,"Consumer Discretionary",16,75,8,15,24,90,-66,553,-11.93
2024-04-30,"Consumer Staples",7,26,8,7,15,33,-18,221,-8.14
2024-04-30,"Energy",2,70,5,20,7,90,-83,270,-30.74
2024-04-30,"Financials",35,115,7,25,42,140,-98,891,-11.00
2024-04-30,"Healthcare",49,99,23,11,72,110,-38,1068,-3.56
2024-04-30,"Industrials",21,123,20,24,41,147,-106,892,-11.88
2024-04-30,"Materials",3,51,2,6,5,57,-52,272,-19.12
2024-04-30,"Real Estate",7,42,7,6,14,48,-34,291,-11.68
2024-04-30,"Semiconductors",0,22,8,1,8,23,-15,114,-13.16
2024-04-30,"Technology ex-Semis",8,60,4,10,12,70,-58,384,-15.10
2024-04-30,"Utilities",5,9,2,1,7,10,-3,120,-2.50
2024-05-01,"Communication/Media",17,15,8,3,25,18,7,341,2.05
2024-05-01,"Consumer Discretionary",16,32,11,16,27,48,-21,553,-3.80
2024-05-01,"Consumer Staples",7,19,6,2,13,21,-8,221,-3.62
2024-05-01,"Energy",3,19,1,32,4,51,-47,270,-17.41
2024-05-01,"Financials",70,49,31,16,101,65,36,891,4.04
2024-05-01,"Healthcare",56,68,44,15,100,83,17,1068,1.59
2024-05-01,"Industrials",33,59,17,21,50,80,-30,892,-3.36
2024-05-01,"Materials",5,14,4,7,9,21,-12,272,-4.41
2024-05-01,"Real Estate",7,22,13,6,20,28,-8,291,-2.75
2024-05-01,"Semiconductors",1,14,0,3,1,17,-16,114,-14.04
2024-05-01,"Technology ex-Semis",10,21,4,5,14,26,-12,384,-3.13
2024-05-01,"Utilities",7,5,17,0,24,5,19,120,15.83
2024-05-02,"Communication/Media",22,16,13,6,35,22,13,341,3.81
2024-05-02,"Consumer Discretionary",55,28,18,15,73,43,30,553,5.42
2024-05-02,"Consumer Staples",18,10,4,4,22,14,8,221,3.62
2024-05-02,"Energy",25,6,6,5,31,11,20,270,7.41
2024-05-02,"Financials",77,55,34,12,111,67,44,891,4.94
2024-05-02,"Healthcare",71,59,29,13,100,72,28,1068,2.62
2024-05-02,"Industrials",83,31,25,24,108,55,53,892,5.94
2024-05-02,"Materials",19,11,5,10,24,21,3,272,1.10
2024-05-02,"Real Estate",25,12,10,4,35,16,19,291,6.53
2024-05-02,"Semiconductors",12,4,6,2,18,6,12,114,10.53
2024-05-02,"Technology ex-Semis",32,15,6,7,38,22,16,384,4.17
2024-05-02,"Utilities",4,8,7,0,11,8,3,120,2.50
2024-05-03,"Communication/Media",19,31,22,5,41,36,5,341,1.47
2024-05-03,"Consumer Discretionary",27,70,31,8,58,78,-20,553,-3.62
2024-05-03,"Consumer Staples",7,26,17,1,24,27,-3,221,-1.36
2024-05-03,"Energy",25,14,9,5,34,19,15,270,5.56
2024-05-03,"Financials",39,89,64,9,103,98,5,891,0.56
2024-05-03,"Healthcare",30,125,49,7,79,132,-53,1068,-4.96
2024-05-03,"Industrials",37,86,44,9,81,95,-14,892,-1.57
2024-05-03,"Materials",17,31,5,7,22,38,-16,272,-5.88
2024-05-03,"Real Estate",7,59,25,2,32,61,-29,291,-9.97
2024-05-03,"Semiconductors",9,10,5,2,14,12,2,114,1.75
2024-05-03,"Technology ex-Semis",19,48,22,5,41,53,-12,384,-3.13
2024-05-03,"Utilities",4,6,10,0,14,6,8,120,6.67
2024-05-06,"Communication/Media",14,28,17,3,31,31,0,341,0.00
2024-05-06,"Consumer Discretionary",43,44,21,5,64,49,15,553,2.71
2024-05-06,"Consumer Staples",14,28,10,3,24,31,-7,221,-3.17
2024-05-06,"Energy",13,28,10,1,23,29,-6,270,-2.22
2024-05-06,"Financials",49,73,51,6,100,79,21,891,2.36
2024-05-06,"Healthcare",48,130,25,2,73,132,-59,1068,-5.52
2024-05-06,"Industrials",50,62,41,6,91,68,23,892,2.58
2024-05-06,"Materials",14,27,3,3,17,30,-13,272,-4.78
2024-05-06,"Real Estate",14,26,7,2,21,28,-7,291,-2.41
2024-05-06,"Semiconductors",4,5,5,0,9,5,4,114,3.51
2024-05-06,"Technology ex-Semis",27,11,9,1,36,12,24,384,6.25
2024-05-06,"Utilities",6,12,9,0,15,12,3,120,2.50
2024-05-07,"Communication/Media",9,45,13,10,22,55,-33,341,-9.68
2024-05-07,"Consumer Discretionary",23,75,16,5,39,80,-41,553,-7.41
2024-05-07,"Consumer Staples",9,16,8,3,17,19,-2,221,-0.90
2024-05-07,"Energy",10,25,8,3,18,28,-10,270,-3.70
2024-05-07,"Financials",17,169,44,6,61,175,-114,891,-12.79
2024-05-07,"Healthcare",35,112,37,11,72,123,-51,1068,-4.78
2024-05-07,"Industrials",37,102,30,16,67,118,-51,892,-5.72
2024-05-07,"Materials",13,22,17,3,30,25,5,272,1.84
2024-05-07,"Real Estate",10,55,9,3,19,58,-39,291,-13.40
2024-05-07,"Semiconductors",2,20,7,0,9,20,-11,114,-9.65
2024-05-07,"Technology ex-Semis",9,42,14,4,23,46,-23,384,-5.99
2024-05-07,"Utilities",1,14,2,0,3,14,-11,120,-9.17
2024-05-08,"Communication/Media",17,27,7,8,24,35,-11,341,-3.23
2024-05-08,"Consumer Discretionary",52,26,14,12,66,38,28,553,5.06
2024-05-08,"Consumer Staples",20,12,11,4,31,16,15,221,6.79
2024-05-08,"Energy",20,13,9,5,29,18,11,270,4.07
2024-05-08,"Financials",86,48,32,9,118,57,61,891,6.85
2024-05-08,"Healthcare",39,119,24,27,63,146,-83,1068,-7.77
2024-05-08,"Industrials",56,51,26,16,82,67,15,892,1.68
2024-05-08,"Materials",23,18,8,2,31,20,11,272,4.04
2024-05-08,"Real Estate",18,29,7,3,25,32,-7,291,-2.41
2024-05-08,"Semiconductors",10,7,2,1,12,8,4,114,3.51
2024-05-08,"Technology ex-Semis",32,18,14,6,46,24,22,384,5.73
2024-05-08,"Utilities",7,5,0,1,7,6,1,120,0.83
2024-05-09,"Communication/Media",29,25,17,15,46,40,6,341,1.76
2024-05-09,"Consumer Discretionary",51,24,25,10,76,34,42,553,7.59
2024-05-09,"Consumer Staples",18,7,16,2,34,9,25,221,11.31
2024-05-09,"Energy",22,16,10,1,32,17,15,270,5.56
2024-05-09,"Financials",41,39,43,9,84,48,36,891,4.04
2024-05-09,"Healthcare",72,84,36,15,108,99,9,1068,0.84
2024-05-09,"Industrials",36,39,39,10,75,49,26,892,2.91
2024-05-09,"Materials",24,11,18,4,42,15,27,272,9.93
2024-05-09,"Real Estate",32,18,15,0,47,18,29,291,9.97
2024-05-09,"Semiconductors",3,12,5,4,8,16,-8,114,-7.02
2024-05-09,"Technology ex-Semis",15,26,19,7,34,33,1,384,0.26
2024-05-09,"Utilities",9,4,4,0,13,4,9,120,7.50
2024-05-10,"Communication/Media",19,40,11,7,30,47,-17,341,-4.99
2024-05-10,"Consumer Discretionary",20,77,20,8,40,85,-45,553,-8.14
2024-05-10,"Consumer Staples",10,27,8,1,18,28,-10,221,-4.52
2024-05-10,"Energy",2,57,6,4,8,61,-53,270,-19.63
2024-05-10,"Financials",29,86,21,7,50,93,-43,891,-4.83
2024-05-10,"Healthcare",36,134,30,33,66,167,-101,1068,-9.46
2024-05-10,"Industrials",18,98,26,15,44,113,-69,892,-7.74
2024-05-10,"Materials",9,37,7,2,16,39,-23,272,-8.46
2024-05-10,"Real Estate",15,25,8,1,23,26,-3,291,-1.03
2024-05-10,"Semiconductors",3,16,2,0,5,16,-11,114,-9.65
2024-05-10,"Technology ex-Semis",18,44,10,7,28,51,-23,384,-5.99
2024-05-10,"Utilities",2,13,2,2,4,15,-11,120,-9.17
2024-05-13,"Communication/Media",14,41,12,1,26,42,-16,341,-4.69
2024-05-13,"Consumer Discretionary",24,76,37,7,61,83,-22,553,-3.98
2024-05-13,"Consumer Staples",7,36,6,2,13,38,-25,221,-11.31
2024-05-13,"Energy",6,29,1,3,7,32,-25,270,-9.26
2024-05-13,"Financials",18,205,27,8,45,213,-168,891,-18.86
2024-05-13,"Healthcare",58,99,27,21,85,120,-35,1068,-3.28
2024-05-13,"Industrials",22,160,23,4,45,164,-119,892,-13.34
2024-05-13,"Materials",11,32,7,3,18,35,-17,272,-6.25
2024-05-13,"Real Estate",9,49,15,3,24,52,-28,291,-9.62
2024-05-13,"Semiconductors",2,14,0,0,2,14,-12,114,-10.53
2024-05-13,"Technology ex-Semis",16,45,13,4,29,49,-20,384,-5.21
2024-05-13,"Utilities",1,19,1,1,2,20,-18,120,-15.00
2024-05-14,"Communication/Media",18,24,15,4,33,28,5,341,1.47
2024-05-14,"Consumer Discretionary",27,46,25,7,52,53,-1,553,-0.18
2024-05-14,"Consumer Staples",9,19,5,4,14,23,-9,221,-4.07
2024-05-14,"Energy",25,10,9,2,34,12,22,270,8.15
2024-05-14,"Financials",41,52,20,7,61,59,2,891,0.22
2024-05-14,"Healthcare",54,83,51,16,105,99,6,1068,0.56
2024-05-14,"Industrials",38,61,31,7,69,68,1,892,0.11
2024-05-14,"Materials",12,19,13,2,25,21,4,272,1.47
2024-05-14,"Real Estate",13,26,15,1,28,27,1,291,0.34
2024-05-14,"Semiconductors",11,4,7,2,18,6,12,114,10.53
2024-05-14,"Technology ex-Semis",23,27,15,4,38,31,7,384,1.82
2024-05-14,"Utilities",3,17,2,0,5,17,-12,120,-10.00
2024-05-15,"Communication/Media",20,32,9,2,29,34,-5,341,-1.47
2024-05-15,"Consumer Discretionary",16,58,12,6,28,64,-36,553,-6.51
2024-05-15,"Consumer Staples",10,24,7,4,17,28,-11,221,-4.98
2024-05-15,"Energy",23,9,6,4,29,13,16,270,5.93
2024-05-15,"Financials",34,88,41,3,75,91,-16,891,-1.80
2024-05-15,"Healthcare",47,104,51,19,98,123,-25,1068,-2.34
2024-05-15,"Industrials",37,63,27,6,64,69,-5,892,-0.56
2024-05-15,"Materials",16,30,14,4,30,34,-4,272,-1.47
2024-05-15,"Real Estate",5,40,14,0,19,40,-21,291,-7.22
2024-05-15,"Semiconductors",9,8,2,1,11,9,2,114,1.75
2024-05-15,"Technology ex-Semis",19,21,23,2,42,23,19,384,4.95
2024-05-15,"Utilities",2,11,0,1,2,12,-10,120,-8.33
2024-05-16,"Communication/Media",15,26,12,4,27,30,-3,341,-0.88
2024-05-16,"Consumer Discretionary",20,60,13,6,33,66,-33,553,-5.97
2024-05-16,"Consumer Staples",15,21,4,2,19,23,-4,221,-1.81
2024-05-16,"Energy",7,23,3,0,10,23,-13,270,-4.81
2024-05-16,"Financials",38,81,13,9,51,90,-39,891,-4.38
2024-05-16,"Healthcare",64,84,23,13,87,97,-10,1068,-0.94
2024-05-16,"Industrials",33,101,21,11,54,112,-58,892,-6.50
2024-05-16,"Materials",9,23,7,4,16,27,-11,272,-4.04
2024-05-16,"Real Estate",13,31,7,1,20,32,-12,291,-4.12
2024-05-16,"Semiconductors",2,16,7,0,9,16,-7,114,-6.14
2024-05-16,"Technology ex-Semis",13,45,14,2,27,47,-20,384,-5.21
2024-05-16,"Utilities",6,10,0,1,6,11,-5,120,-4.17
2024-05-17,"Communication/Media",15,22,6,4,21,26,-5,341,-1.47
2024-05-17,"Consumer Discretionary",19,52,11,5,30,57,-27,553,-4.88
2024-05-17,"Consumer Staples",11,21,1,6,12,27,-15,221,-6.79
2024-05-17,"Energy",23,13,10,2,33,15,18,270,6.67
2024-05-17,"Financials",36,73,19,4,55,77,-22,891,-2.47
2024-05-17,"Healthcare",39,122,15,15,54,137,-83,1068,-7.77
2024-05-17,"Industrials",27,64,12,5,39,69,-30,892,-3.36
2024-05-17,"Materials",15,25,23,0,38,25,13,272,4.78
2024-05-17,"Real Estate",8,20,6,1,14,21,-7,291,-2.41
2024-05-17,"Semiconductors",3,8,4,1,7,9,-2,114,-1.75
2024-05-17,"Technology ex-Semis",12,30,7,5,19,35,-16,384,-4.17
2024-05-17,"Utilities",5,9,1,1,6,10,-4,120,-3.33
2024-05-20,"Communication/Media",12,39,10,5,22,44,-22,341,-6.45
2024-05-20,"Consumer Discretionary",21,52,7,5,28,57,-29,553,-5.24
2024-05-20,"Consumer Staples",9,22,1,4,10,26,-16,221,-7.24
2024-05-20,"Energy",18,12,10,6,28,18,10,270,3.70
2024-05-20,"Financials",26,178,11,9,37,187,-150,891,-16.84
2024-05-20,"Healthcare",56,83,26,18,82,101,-19,1068,-1.78
2024-05-20,"Industrials",27,75,19,14,46,89,-43,892,-4.82
2024-05-20,"Materials",10,20,17,0,27,20,7,272,2.57
2024-05-20,"Real Estate",11,52,3,3,14,55,-41,291,-14.09
2024-05-20,"Semiconductors",4,4,4,1,8,5,3,114,2.63
2024-05-20,"Technology ex-Semis",23,23,7,5,30,28,2,384,0.52
2024-05-20,"Utilities",7,15,0,1,7,16,-9,120,-7.50
2024-05-21,"Communication/Media",17,36,3,10,20,46,-26,341,-7.62
2024-05-21,"Consumer Discretionary",27,35,8,17,35,52,-17,553,-3.07
2024-05-21,"Consumer Staples",15,17,3,3,18,20,-2,221,-0.90
2024-05-21,"Energy",11,24,4,2,15,26,-11,270,-4.07
2024-05-21,"Financials",50,64,10,9,60,73,-13,891,-1.46
2024-05-21,"Healthcare",59,89,18,12,77,101,-24,1068,-2.25
2024-05-21,"Industrials",59,61,6,22,65,83,-18,892,-2.02
2024-05-21,"Materials",10,21,3,2,13,23,-10,272,-3.68
2024-05-21,"Real Estate",15,24,3,2,18,26,-8,291,-2.75
2024-05-21,"Semiconductors",5,4,0,2,5,6,-1,114,-0.88
2024-05-21,"Technology ex-Semis",12,35,4,6,16,41,-25,384,-6.51
2024-05-21,"Utilities",11,4,1,2,12,6,6,120,5.00
2024-05-22,"Communication/Media",23,22,3,4,26,26,0,341,0.00
2024-05-22,"Consumer Discretionary",16,34,5,18,21,52,-31,553,-5.61
2024-05-22,"Consumer Staples",8,19,1,7,9,26,-17,221,-7.69
2024-05-22,"Energy",11,44,0,13,11,57,-46,270,-17.04
2024-05-22,"Financials",42,93,12,15,54,108,-54,891,-6.06
2024-05-22,"Healthcare",56,78,22,19,78,97,-19,1068,-1.78
2024-05-22,"Industrials",46,66,8,10,54,76,-22,892,-2.47
2024-05-22,"Materials",9,56,2,2,11,58,-47,272,-17.28
2024-05-22,"Real Estate",11,36,4,3,15,39,-24,291,-8.25
2024-05-22,"Semiconductors",4,7,3,4,7,11,-4,114,-3.51
2024-05-22,"Technology ex-Semis",12,34,5,4,17,38,-21,384,-5.47
2024-05-22,"Utilities",1,23,0,5,1,28,-27,120,-22.50
2024-05-23,"Communication/Media",9,30,4,16,13,46,-33,341,-9.68
2024-05-23,"Consumer Discretionary",25,32,5,25,30,57,-27,553,-4.88
2024-05-23,"Consumer Staples",6,15,1,9,7,24,-17,221,-7.69
2024-05-23,"Energy",4,32,2,7,6,39,-33,270,-12.22
2024-05-23,"Financials",27,124,7,44,34,168,-134,891,-15.04
2024-05-23,"Healthcare",28,101,4,34,32,135,-103,1068,-9.64
2024-05-23,"Industrials",13,91,6,25,19,116,-97,892,-10.87
2024-05-23,"Materials",10,28,1,8,11,36,-25,272,-9.19
2024-05-23,"Real Estate",8,20,2,18,10,38,-28,291,-9.62
2024-05-23,"Semiconductors",0,29,4,2,4,31,-27,114,-23.68
2024-05-23,"Technology ex-Semis",9,72,9,9,18,81,-63,384,-16.41
2024-05-23,"Utilities",1,11,0,13,1,24,-23,120,-19.17
2024-05-24,"Communication/Media",43,9,1,7,44,16,28,341,8.21
2024-05-24,"Consumer Discretionary",75,17,7,4,82,21,61,553,11.03
2024-05-24,"Consumer Staples",16,8,0,4,16,12,4,221,1.81
2024-05-24,"Energy",18,12,0,3,18,15,3,270,1.11
2024-05-24,"Financials",91,28,7,10,98,38,60,891,6.73
2024-05-24,"Healthcare",69,54,8,27,77,81,-4,1068,-0.37
2024-05-24,"Industrials",78,30,14,10,92,40,52,892,5.83
2024-05-24,"Materials",20,11,3,5,23,16,7,272,2.57
2024-05-24,"Real Estate",25,13,3,7,28,20,8,291,2.75
2024-05-24,"Semiconductors",7,2,1,1,8,3,5,114,4.39
2024-05-24,"Technology ex-Semis",19,10,5,9,24,19,5,384,1.30
2024-05-24,"Utilities",15,3,0,2,15,5,10,120,8.33
2024-05-28,"Communication/Media",10,23,4,6,14,29,-15,341,-4.40
2024-05-28,"Consumer Discretionary",35,39,3,11,38,50,-12,553,-2.17
2024-05-28,"Consumer Staples",11,18,2,14,13,32,-19,221,-8.60
2024-05-28,"Energy",27,11,5,3,32,14,18,270,6.67
2024-05-28,"Financials",31,71,11,25,42,96,-54,891,-6.06
2024-05-28,"Healthcare",60,65,16,40,76,105,-29,1068,-2.72
2024-05-28,"Industrials",32,83,12,28,44,111,-67,892,-7.51
2024-05-28,"Materials",8,31,5,5,13,36,-23,272,-8.46
2024-05-28,"Real Estate",5,20,4,10,9,30,-21,291,-7.22
2024-05-28,"Semiconductors",7,8,1,1,8,9,-1,114,-0.88
2024-05-28,"Technology ex-Semis",16,35,6,9,22,44,-22,384,-5.73
2024-05-28,"Utilities",3,12,0,2,3,14,-11,120,-9.17
2024-05-29,"Communication/Media",28,22,0,12,28,34,-6,341,-1.76
2024-05-29,"Consumer Discretionary",37,27,4,19,41,46,-5,553,-0.90
2024-05-29,"Consumer Staples",13,8,1,18,14,26,-12,221,-5.43
2024-05-29,"Energy",6,32,3,7,9,39,-30,270,-11.11
2024-05-29,"Financials",57,45,4,85,61,130,-69,891,-7.74
2024-05-29,"Healthcare",98,62,10,42,108,104,4,1068,0.37
2024-05-29,"Industrials",43,59,2,40,45,99,-54,892,-6.05
2024-05-29,"Materials",6,20,1,9,7,29,-22,272,-8.09
2024-05-29,"Real Estate",26,12,1,28,27,40,-13,291,-4.47
2024-05-29,"Semiconductors",5,23,2,1,7,24,-17,114,-14.91
2024-05-29,"Technology ex-Semis",22,19,5,18,27,37,-10,384,-2.60
2024-05-29,"Utilities",6,7,1,11,7,18,-11,120,-9.17
2024-05-30,"Communication/Media",33,19,5,6,38,25,13,341,3.81
2024-05-30,"Consumer Discretionary",58,16,5,10,63,26,37,553,6.69
2024-05-30,"Consumer Staples",30,16,1,2,31,18,13,221,5.88
2024-05-30,"Energy",25,9,5,3,30,12,18,270,6.67
2024-05-30,"Financials",131,35,10,17,141,52,89,891,9.99
2024-05-30,"Healthcare",77,50,13,23,90,73,17,1068,1.59
2024-05-30,"Industrials",93,32,10,12,103,44,59,892,6.61
2024-05-30,"Materials",35,10,3,4,38,14,24,272,8.82
2024-05-30,"Real Estate",74,4,3,2,77,6,71,291,24.40
2024-05-30,"Semiconductors",6,11,1,2,7,13,-6,114,-5.26
2024-05-30,"Technology ex-Semis",23,34,4,23,27,57,-30,384,-7.81
2024-05-30,"Utilities",28,1,0,0,28,1,27,120,22.50
2024-05-31,"Communication/Media",38,11,10,6,48,17,31,341,9.09
2024-05-31,"Consumer Discretionary",85,18,19,10,104,28,76,553,13.74
2024-05-31,"Consumer Staples",25,9,10,4,35,13,22,221,9.95
2024-05-31,"Energy",32,12,5,1,37,13,24,270,8.89
2024-05-31,"Financials",140,47,21,16,161,63,98,891,11.00
2024-05-31,"Healthcare",88,64,14,28,102,92,10,1068,0.94
2024-05-31,"Industrials",111,44,7,10,118,54,64,892,7.17
2024-05-31,"Materials",34,12,2,4,36,16,20,272,7.35
2024-05-31,"Real Estate",59,10,11,4,70,14,56,291,19.24
2024-05-31,"Semiconductors",10,0,1,2,11,2,9,114,7.89
2024-05-31,"Technology ex-Semis",35,23,6,13,41,36,5,384,1.30
2024-05-31,"Utilities",18,2,3,2,21,4,17,120,14.17
2024-06-03,"Communication/Media",19,21,5,7,24,28,-4,341,-1.17
2024-06-03,"Consumer Discretionary",35,35,18,9,53,44,9,553,1.63
2024-06-03,"Consumer Staples",14,18,7,4,21,22,-1,221,-0.45
2024-06-03,"Energy",4,33,2,24,6,57,-51,270,-18.89
2024-06-03,"Financials",67,56,12,27,79,83,-4,891,-0.45
2024-06-03,"Healthcare",91,91,23,33,114,124,-10,1068,-0.94
2024-06-03,"Industrials",34,84,23,28,57,112,-55,892,-6.17
2024-06-03,"Materials",11,22,5,10,16,32,-16,272,-5.88
2024-06-03,"Real Estate",12,15,12,4,24,19,5,291,1.72
2024-06-03,"Semiconductors",5,8,0,4,5,12,-7,114,-6.14
2024-06-03,"Technology ex-Semis",16,23,3,10,19,33,-14,384,-3.65
2024-06-03,"Utilities",5,8,2,1,7,9,-2,120,-1.67
2024-06-04,"Communication/Media",16,21,5,7,21,28,-7,341,-2.05
2024-06-04,"Consumer Discretionary",31,55,6,19,37,74,-37,553,-6.69
2024-06-04,"Consumer Staples",18,17,5,4,23,21,2,221,0.90
2024-06-04,"Energy",18,17,2,30,20,47,-27,270,-10.00
2024-06-04,"Financials",50,58,7,76,57,134,-77,891,-8.64
2024-06-04,"Healthcare",69,64,12,26,81,90,-9,1068,-0.84
2024-06-04,"Industrials",40,59,13,57,53,116,-63,892,-7.06
2024-06-04,"Materials",7,25,1,42,8,67,-59,272,-21.69
2024-06-04,"Real Estate",9,24,4,4,13,28,-15,291,-5.15
2024-06-04,"Semiconductors",6,7,1,5,7,12,-5,114,-4.39
2024-06-04,"Technology ex-Semis",18,7,5,6,23,13,10,384,2.60
2024-06-04,"Utilities",12,3,4,7,16,10,6,120,5.00
2024-06-05,"Communication/Media",30,16,7,7,37,23,14,341,4.11
2024-06-05,"Consumer Discretionary",53,17,8,15,61,32,29,553,5.24
2024-06-05,"Consumer Staples",16,9,1,6,17,15,2,221,0.90
2024-06-05,"Energy",21,12,2,3,23,15,8,270,2.96
2024-06-05,"Financials",115,23,9,27,124,50,74,891,8.31
2024-06-05,"Healthcare",119,30,16,17,135,47,88,1068,8.24
2024-06-05,"Industrials",107,20,9,16,116,36,80,892,8.97
2024-06-05,"Materials",34,9,3,9,37,18,19,272,6.99
2024-06-05,"Real Estate",11,16,1,3,12,19,-7,291,-2.41
2024-06-05,"Semiconductors",24,1,6,1,30,2,28,114,24.56
2024-06-05,"Technology ex-Semis",53,7,7,6,60,13,47,384,12.24
2024-06-05,"Utilities",6,9,1,0,7,9,-2,120,-1.67
2024-06-06,"Communication/Media",14,20,5,7,19,27,-8,341,-2.35
2024-06-06,"Consumer Discretionary",27,39,7,5,34,44,-10,553,-1.81
2024-06-06,"Consumer Staples",5,20,2,6,7,26,-19,221,-8.60
2024-06-06,"Energy",23,8,1,3,24,11,13,270,4.81
2024-06-06,"Financials",91,51,14,19,105,70,35,891,3.93
2024-06-06,"Healthcare",59,93,25,25,84,118,-34,1068,-3.18
2024-06-06,"Industrials",50,64,8,19,58,83,-25,892,-2.80
2024-06-06,"Materials",41,18,3,2,44,20,24,272,8.82
2024-06-06,"Real Estate",17,14,6,6,23,20,3,291,1.03
2024-06-06,"Semiconductors",1,10,1,1,2,11,-9,114,-7.89
2024-06-06,"Technology ex-Semis",26,27,12,6,38,33,5,384,1.30
2024-06-06,"Utilities",2,4,1,7,3,11,-8,120,-6.67
2024-06-07,"Communication/Media",14,42,3,13,17,55,-38,341,-11.14
2024-06-07,"Consumer Discretionary",31,46,4,20,35,66,-31,553,-5.61
2024-06-07,"Consumer Staples",8,25,3,9,11,34,-23,221,-10.41
2024-06-07,"Energy",11,12,1,10,12,22,-10,270,-3.70
2024-06-07,"Financials",58,53,5,26,63,79,-16,891,-1.80
2024-06-07,"Healthcare",54,87,11,28,65,115,-50,1068,-4.68
2024-06-07,"Industrials",49,56,6,41,55,97,-42,892,-4.71
2024-06-07,"Materials",8,18,3,19,11,37,-26,272,-9.56
2024-06-07,"Real Estate",16,11,2,8,18,19,-1,291,-0.34
2024-06-07,"Semiconductors",3,10,1,4,4,14,-10,114,-8.77
2024-06-07,"Technology ex-Semis",18,28,5,6,23,34,-11,384,-2.86
2024-06-07,"Utilities",6,5,0,8,6,13,-7,120,-5.83
2024-06-10,"Communication/Media",31,17,3,16,34,33,1,341,0.29
2024-06-10,"Consumer Discretionary",64,23,5,31,69,54,15,553,2.71
2024-06-10,"Consumer Staples",29,13,0,15,29,28,1,221,0.45
2024-06-10,"Energy",56,7,6,4,62,11,51,270,18.89
2024-06-10,"Financials",95,44,10,56,105,100,5,891,0.56
2024-06-10,"Healthcare",145,46,14,34,159,80,79,1068,7.40
2024-06-10,"Industrials",130,30,13,30,143,60,83,892,9.30
2024-06-10,"Materials",49,8,0,16,49,24,25,272,9.19
2024-06-10,"Real Estate",33,13,3,14,36,27,9,291,3.09
2024-06-10,"Semiconductors",34,0,8,0,42,0,42,114,36.84
2024-06-10,"Technology ex-Semis",46,7,9,7,55,14,41,384,10.68
2024-06-10,"Utilities",23,3,1,11,24,14,10,120,8.33
2024-06-11,"Communication/Media",24,19,6,3,30,22,8,341,2.35
2024-06-11,"Consumer Discretionary",57,19,4,20,61,39,22,553,3.98
2024-06-11,"Consumer Staples",35,6,3,9,38,15,23,221,10.41
2024-06-11,"Energy",29,9,2,15,31,24,7,270,2.59
2024-06-11,"Financials",97,37,2,59,99,96,3,891,0.34
2024-06-11,"Healthcare",117,41,10,18,127,59,68,1068,6.37
2024-06-11,"Industrials",91,35,4,25,95,60,35,892,3.92
2024-06-11,"Materials",32,6,1,11,33,17,16,272,5.88
2024-06-11,"Real Estate",16,24,0,10,16,34,-18,291,-6.19
2024-06-11,"Semiconductors",6,2,1,1,7,3,4,114,3.51
2024-06-11,"Technology ex-Semis",32,11,3,11,35,22,13,384,3.39
2024-06-11,"Utilities",9,3,0,5,9,8,1,120,0.83
2024-06-12,"Communication/Media",8,43,8,6,16,49,-33,341,-9.68
2024-06-12,"Consumer Discretionary",18,78,32,8,50,86,-36,553,-6.51
2024-06-12,"Consumer Staples",3,42,6,3,9,45,-36,221,-16.29
2024-06-12,"Energy",10,55,6,4,16,59,-43,270,-15.93
2024-06-12,"Financials",33,97,29,14,62,111,-49,891,-5.50
2024-06-12,"Healthcare",40,153,31,9,71,162,-91,1068,-8.52
2024-06-12,"Industrials",32,103,37,8,69,111,-42,892,-4.71
2024-06-12,"Materials",11,42,4,2,15,44,-29,272,-10.66
2024-06-12,"Real Estate",10,80,25,0,35,80,-45,291,-15.46
2024-06-12,"Semiconductors",4,11,12,0,16,11,5,114,4.39
2024-06-12,"Technology ex-Semis",11,57,19,2,30,59,-29,384,-7.55
2024-06-12,"Utilities",1,21,4,3,5,24,-19,120,-15.83
2024-06-13,"Communication/Media",19,36,6,11,25,47,-22,341,-6.45
2024-06-13,"Consumer Discretionary",44,48,6,26,50,74,-24,553,-4.34
2024-06-13,"Consumer Staples",17,13,1,10,18,23,-5,221,-2.26
2024-06-13,"Energy",10,25,1,9,11,34,-23,270,-8.52
2024-06-13,"Financials",75,67,3,30,78,97,-19,891,-2.13
2024-06-13,"Healthcare",61,70,12,23,73,93,-20,1068,-1.87
2024-06-13,"Industrials",73,65,6,33,79,98,-19,892,-2.13
2024-06-13,"Materials",10,9,1,22,11,31,-20,272,-7.35
2024-06-13,"Real Estate",22,20,1,5,23,25,-2,291,-0.69
2024-06-13,"Semiconductors",3,11,1,2,4,13,-9,114,-7.89
2024-06-13,"Technology ex-Semis",7,48,1,9,8,57,-49,384,-12.76
2024-06-13,"Utilities",6,2,0,7,6,9,-3,120,-2.50
2024-06-14,"Communication/Media",28,11,3,14,31,25,6,341,1.76
2024-06-14,"Consumer Discretionary",42,36,1,38,43,74,-31,553,-5.61
2024-06-14,"Consumer Staples",17,8,4,15,21,23,-2,221,-0.90
2024-06-14,"Energy",2,14,1,22,3,36,-33,270,-12.22
2024-06-14,"Financials",75,40,2,64,77,104,-27,891,-3.03
2024-06-14,"Healthcare",69,86,10,32,79,118,-39,1068,-3.65
2024-06-14,"Industrials",61,62,5,71,66,133,-67,892,-7.51
2024-06-14,"Materials",25,5,0,14,25,19,6,272,2.21
2024-06-14,"Real Estate",24,12,2,10,26,22,4,291,1.37
2024-06-14,"Semiconductors",3,9,0,6,3,15,-12,114,-10.53
2024-06-14,"Technology ex-Semis",27,25,5,12,32,37,-5,384,-1.30
2024-06-14,"Utilities",17,5,0,4,17,9,8,120,6.67
2024-06-17,"Communication/Media",32,16,3,20,35,36,-1,341,-0.29
2024-06-17,"Consumer Discretionary",92,17,10,6,102,23,79,553,14.29
2024-06-17,"Consumer Staples",35,9,4,6,39,15,24,221,10.86
2024-06-17,"Energy",29,1,2,9,31,10,21,270,7.78
2024-06-17,"Financials",198,28,10,38,208,66,142,891,15.94
2024-06-17,"Healthcare",78,70,9,50,87,120,-33,1068,-3.09
2024-06-17,"Industrials",122,25,12,26,134,51,83,892,9.30
2024-06-17,"Materials",38,9,2,14,40,23,17,272,6.25
2024-06-17,"Real Estate",25,12,2,14,27,26,1,291,0.34
2024-06-17,"Semiconductors",15,1,0,5,15,6,9,114,7.89
2024-06-17,"Technology ex-Semis",22,10,2,10,24,20,4,384,1.04
2024-06-17,"Utilities",7,7,0,7,7,14,-7,120,-5.83
2024-06-18,"Communication/Media",23,28,6,8,29,36,-7,341,-2.05
2024-06-18,"Consumer Discretionary",22,34,7,7,29,41,-12,553,-2.17
2024-06-18,"Consumer Staples",8,26,3,4,11,30,-19,221,-8.60
2024-06-18,"Energy",13,21,5,1,18,22,-4,270,-1.48
2024-06-18,"Financials",46,82,16,11,62,93,-31,891,-3.48
2024-06-18,"Healthcare",32,94,15,53,47,147,-100,1068,-9.36
2024-06-18,"Industrials",44,69,10,11,54,80,-26,892,-2.91
2024-06-18,"Materials",21,10,2,3,23,13,10,272,3.68
2024-06-18,"Real Estate",13,36,3,2,16,38,-22,291,-7.56
2024-06-18,"Semiconductors",4,6,2,2,6,8,-2,114,-1.75
2024-06-18,"Technology ex-Semis",15,38,5,13,20,51,-31,384,-8.07
2024-06-18,"Utilities",15,7,0,7,15,14,1,120,0.83
2024-06-20,"Communication/Media",31,24,3,10,34,34,0,341,0.00
2024-06-20,"Consumer Discretionary",37,32,8,10,45,42,3,553,0.54
2024-06-20,"Consumer Staples",14,13,2,7,16,20,-4,221,-1.81
2024-06-20,"Energy",27,8,0,4,27,12,15,270,5.56
2024-06-20,"Financials",89,42,15,13,104,55,49,891,5.50
2024-06-20,"Healthcare",85,44,11,45,96,89,7,1068,0.66
2024-06-20,"Industrials",47,71,11,14,58,85,-27,892,-3.03
2024-06-20,"Materials",33,7,2,1,35,8,27,272,9.93
2024-06-20,"Real Estate",24,19,4,3,28,22,6,291,2.06
2024-06-20,"Semiconductors",2,19,0,7,2,26,-24,114,-21.05
2024-06-20,"Technology ex-Semis",28,20,5,7,33,27,6,384,1.56
2024-06-20,"Utilities",13,6,0,3,13,9,4,120,3.33
2024-06-21,"Communication/Media",34,12,9,4,43,16,27,341,7.92
2024-06-21,"Consumer Discretionary",64,24,6,8,70,32,38,553,6.87
2024-06-21,"Consumer Staples",26,7,3,8,29,15,14,221,6.33
2024-06-21,"Energy",18,11,5,3,23,14,9,270,3.33
2024-06-21,"Financials",71,47,13,20,84,67,17,891,1.91
2024-06-21,"Healthcare",134,38,18,17,152,55,97,1068,9.08
2024-06-21,"Industrials",89,22,12,23,101,45,56,892,6.28
2024-06-21,"Materials",20,20,0,10,20,30,-10,272,-3.68
2024-06-21,"Real Estate",22,20,9,4,31,24,7,291,2.41
2024-06-21,"Semiconductors",11,4,2,4,13,8,5,114,4.39
2024-06-21,"Technology ex-Semis",51,17,6,4,57,21,36,384,9.38
2024-06-21,"Utilities",7,9,0,1,7,10,-3,120,-2.50
2024-06-24,"Communication/Media",22,29,4,4,26,33,-7,341,-2.05
2024-06-24,"Consumer Discretionary",44,44,12,2,56,46,10,553,1.81
2024-06-24,"Consumer Staples",21,14,7,6,28,20,8,221,3.62
2024-06-24,"Energy",39,4,12,1,51,5,46,270,17.04
2024-06-24,"Financials",79,70,32,7,111,77,34,891,3.82
2024-06-24,"Healthcare",69,67,24,12,93,79,14,1068,1.31
2024-06-24,"Industrials",53,80,34,12,87,92,-5,892,-0.56
2024-06-24,"Materials",22,20,2,2,24,22,2,272,0.74
2024-06-24,"Real Estate",12,25,20,3,32,28,4,291,1.37
2024-06-24,"Semiconductors",1,15,1,1,2,16,-14,114,-12.28
2024-06-24,"Technology ex-Semis",11,34,8,11,19,45,-26,384,-6.77
2024-06-24,"Utilities",31,3,2,0,33,3,30,120,25.00
2024-06-25,"Communication/Media",32,15,6,5,38,20,18,341,5.28
2024-06-25,"Consumer Discretionary",24,55,11,6,35,61,-26,553,-4.70
2024-06-25,"Consumer Staples",11,24,4,3,15,27,-12,221,-5.43
2024-06-25,"Energy",11,10,6,2,17,12,5,270,1.85
2024-06-25,"Financials",41,136,15,14,56,150,-94,891,-10.55
2024-06-25,"Healthcare",28,87,10,19,38,106,-68,1068,-6.37
2024-06-25,"Industrials",51,59,7,24,58,83,-25,892,-2.80
2024-06-25,"Materials",10,25,0,11,10,36,-26,272,-9.56
2024-06-25,"Real Estate",11,52,1,4,12,56,-44,291,-15.12
2024-06-25,"Semiconductors",12,4,0,4,12,8,4,114,3.51
2024-06-25,"Technology ex-Semis",18,24,10,2,28,26,2,384,0.52
2024-06-25,"Utilities",5,15,0,1,5,16,-11,120,-9.17
2024-06-26,"Communication/Media",45,5,5,4,50,9,41,341,12.02
2024-06-26,"Consumer Discretionary",54,40,3,10,57,50,7,553,1.27
2024-06-26,"Consumer Staples",16,9,4,6,20,15,5,221,2.26
2024-06-26,"Energy",20,21,6,1,26,22,4,270,1.48
2024-06-26,"Financials",129,40,12,16,141,56,85,891,9.54
2024-06-26,"Healthcare",112,55,9,23,121,78,43,1068,4.03
2024-06-26,"Industrials",83,41,10,17,93,58,35,892,3.92
2024-06-26,"Materials",46,4,2,9,48,13,35,272,12.87
2024-06-26,"Real Estate",32,13,0,9,32,22,10,291,3.44
2024-06-26,"Semiconductors",9,5,0,3,9,8,1,114,0.88
2024-06-26,"Technology ex-Semis",38,23,10,2,48,25,23,384,5.99
2024-06-26,"Utilities",16,5,1,1,17,6,11,120,9.17
2024-06-27,"Communication/Media",31,21,9,4,40,25,15,341,4.40
2024-06-27,"Consumer Discretionary",47,27,9,12,56,39,17,553,3.07
2024-06-27,"Consumer Staples",25,12,4,1,29,13,16,221,7.24
2024-06-27,"Energy",14,21,3,1,17,22,-5,270,-1.85
2024-06-27,"Financials",90,41,33,7,123,48,75,891,8.42
2024-06-27,"Healthcare",132,52,14,17,146,69,77,1068,7.21
2024-06-27,"Industrials",73,35,12,8,85,43,42,892,4.71
2024-06-27,"Materials",7,16,8,4,15,20,-5,272,-1.84
2024-06-27,"Real Estate",48,9,1,6,49,15,34,291,11.68
2024-06-27,"Semiconductors",11,2,1,0,12,2,10,114,8.77
2024-06-27,"Technology ex-Semis",23,14,18,5,41,19,22,384,5.73
2024-06-27,"Utilities",16,0,2,0,18,0,18,120,15.00
2024-06-28,"Communication/Media",22,22,8,1,30,23,7,341,2.05
2024-06-28,"Consumer Discretionary",17,34,16,11,33,45,-12,553,-2.17
2024-06-28,"Consumer Staples",9,15,3,4,12,19,-7,221,-3.17
2024-06-28,"Energy",6,33,4,2,10,35,-25,270,-9.26
2024-06-28,"Financials",42,57,123,14,165,71,94,891,10.55
2024-06-28,"Healthcare",79,61,17,27,96,88,8,1068,0.75
2024-06-28,"Industrials",38,72,16,12,54,84,-30,892,-3.36
2024-06-28,"Materials",8,21,4,6,12,27,-15,272,-5.51
2024-06-28,"Real Estate",24,11,14,14,38,25,13,291,4.47
2024-06-28,"Semiconductors",6,8,6,0,12,8,4,114,3.51
2024-06-28,"Technology ex-Semis",15,24,14,4,29,28,1,384,0.26
2024-06-28,"Utilities",4,7,3,3,7,10,-3,120,-2.50
2024-07-01,"Communication/Media",21,35,5,11,26,46,-20,341,-5.87
2024-07-01,"Consumer Discretionary",7,71,6,30,13,101,-88,553,-15.91
2024-07-01,"Consumer Staples",8,24,3,6,11,30,-19,221,-8.60
2024-07-01,"Energy",7,32,5,0,12,32,-20,270,-7.41
2024-07-01,"Financials",37,126,24,28,61,154,-93,891,-10.44
2024-07-01,"Healthcare",73,103,19,18,92,121,-29,1068,-2.72
2024-07-01,"Industrials",30,110,12,38,42,148,-106,892,-11.88
2024-07-01,"Materials",4,29,1,3,5,32,-27,272,-9.93
2024-07-01,"Real Estate",12,31,3,20,15,51,-36,291,-12.37
2024-07-01,"Semiconductors",13,6,0,3,13,9,4,114,3.51
2024-07-01,"Technology ex-Semis",25,23,13,3,38,26,12,384,3.13
2024-07-01,"Utilities",2,22,0,9,2,31,-29,120,-24.17
2024-07-02,"Communication/Media",21,21,9,4,30,25,5,341,1.47
2024-07-02,"Consumer Discretionary",37,33,5,20,42,53,-11,553,-1.99
2024-07-02,"Consumer Staples",23,10,2,7,25,17,8,221,3.62
2024-07-02,"Energy",11,30,9,2,20,32,-12,270,-4.44
2024-07-02,"Financials",63,46,24,6,87,52,35,891,3.93
2024-07-02,"Healthcare",46,95,9,30,55,125,-70,1068,-6.55
2024-07-02,"Industrials",98,39,9,11,107,50,57,892,6.39
2024-07-02,"Materials",34,5,4,4,38,9,29,272,10.66
2024-07-02,"Real Estate",37,14,6,3,43,17,26,291,8.93
2024-07-02,"Semiconductors",14,4,3,1,17,5,12,114,10.53
2024-07-02,"Technology ex-Semis",29,18,15,4,44,22,22,384,5.73
2024-07-02,"Utilities",8,7,2,3,10,10,0,120,0.00
2024-07-03,"Communication/Media",24,27,7,4,31,31,0,341,0.00
2024-07-03,"Consumer Discretionary",40,40,6,6,46,46,0,553,0.00
2024-07-03,"Consumer Staples",12,21,4,3,16,24,-8,221,-3.62
2024-07-03,"Energy",17,20,21,3,38,23,15,270,5.56
2024-07-03,"Financials",59,157,27,5,86,162,-76,891,-8.53
2024-07-03,"Healthcare",79,74,7,14,86,88,-2,1068,-0.19
2024-07-03,"Industrials",76,67,12,2,88,69,19,892,2.13
2024-07-03,"Materials",27,12,12,2,39,14,25,272,9.19
2024-07-03,"Real Estate",14,42,3,3,17,45,-28,291,-9.62
2024-07-03,"Semiconductors",12,11,4,1,16,12,4,114,3.51
2024-07-03,"Technology ex-Semis",6,38,2,0,8,38,-30,384,-7.81
2024-07-03,"Utilities",9,16,1,0,10,16,-6,120,-5.00
2024-07-05,"Communication/Media",32,16,3,1,35,17,18,341,5.28
2024-07-05,"Consumer Discretionary",38,29,5,10,43,39,4,553,0.72
2024-07-05,"Consumer Staples",23,11,2,3,25,14,11,221,4.98
2024-07-05,"Energy",8,52,2,5,10,57,-47,270,-17.41
2024-07-05,"Financials",50,143,11,13,61,156,-95,891,-10.66
2024-07-05,"Healthcare",110,25,12,16,122,41,81,1068,7.58
2024-07-05,"Industrials",61,68,6,16,67,84,-17,892,-1.91
2024-07-05,"Materials",15,16,19,1,34,17,17,272,6.25
2024-07-05,"Real Estate",24,31,5,4,29,35,-6,291,-2.06
2024-07-05,"Semiconductors",3,10,4,0,7,10,-3,114,-2.63
2024-07-05,"Technology ex-Semis",31,27,5,3,36,30,6,384,1.56
2024-07-05,"Utilities",8,10,3,3,11,13,-2,120,-1.67
2024-07-08,"Communication/Media",17,34,13,5,30,39,-9,341,-2.64
2024-07-08,"Consumer Discretionary",53,44,15,2,68,46,22,553,3.98
2024-07-08,"Consumer Staples",19,18,4,0,23,18,5,221,2.26
2024-07-08,"Energy",18,17,4,8,22,25,-3,270,-1.11
2024-07-08,"Financials",25,93,19,8,44,101,-57,891,-6.40
2024-07-08,"Healthcare",74,102,23,10,97,112,-15,1068,-1.40
2024-07-08,"Industrials",51,69,21,10,72,79,-7,892,-0.78
2024-07-08,"Materials",23,20,2,2,25,22,3,272,1.10
2024-07-08,"Real Estate",21,26,7,2,28,28,0,291,0.00
2024-07-08,"Semiconductors",4,8,5,0,9,8,1,114,0.88
2024-07-08,"Technology ex-Semis",19,33,10,0,29,33,-4,384,-1.04
2024-07-08,"Utilities",5,11,2,1,7,12,-5,120,-4.17
2024-07-09,"Communication/Media",24,31,7,5,31,36,-5,341,-1.47
2024-07-09,"Consumer Discretionary",20,39,6,11,26,50,-24,553,-4.34
2024-07-09,"Consumer Staples",8,17,1,8,9,25,-16,221,-7.24
2024-07-09,"Energy",13,28,4,10,17,38,-21,270,-7.78
2024-07-09,"Financials",50,75,16,13,66,88,-22,891,-2.47
2024-07-09,"Healthcare",86,54,31,8,117,62,55,1068,5.15
2024-07-09,"Industrials",32,74,6,19,38,93,-55,892,-6.17
2024-07-09,"Materials",7,27,2,3,9,30,-21,272,-7.72
2024-07-09,"Real Estate",11,18,5,3,16,21,-5,291,-1.72
2024-07-09,"Semiconductors",3,18,3,1,6,19,-13,114,-11.40
2024-07-09,"Technology ex-Semis",9,48,3,5,12,53,-41,384,-10.68
2024-07-09,"Utilities",10,7,3,6,13,13,0,120,0.00
2024-07-10,"Communication/Media",24,22,10,4,34,26,8,341,2.35
2024-07-10,"Consumer Discretionary",72,29,10,9,82,38,44,553,7.96
2024-07-10,"Consumer Staples",30,17,4,6,34,23,11,221,4.98
2024-07-10,"Energy",28,6,9,2,37,8,29,270,10.74
2024-07-10,"Financials",95,31,49,10,144,41,103,891,11.56
2024-07-10,"Healthcare",79,62,33,21,112,83,29,1068,2.72
2024-07-10,"Industrials",134,27,19,13,153,40,113,892,12.67
2024-07-10,"Materials",34,13,8,1,42,14,28,272,10.29
2024-07-10,"Real Estate",18,17,11,1,29,18,11,291,3.78
2024-07-10,"Semiconductors",4,4,5,1,9,5,4,114,3.51
2024-07-10,"Technology ex-Semis",22,20,4,6,26,26,0,384,0.00
2024-07-10,"Utilities",18,0,8,0,26,0,26,120,21.67
2024-07-11,"Communication/Media",25,29,15,4,40,33,7,341,2.05
2024-07-11,"Consumer Discretionary",81,19,42,4,123,23,100,553,18.08
2024-07-11,"Consumer Staples",26,11,24,0,50,11,39,221,17.65
2024-07-11,"Energy",37,9,17,3,54,12,42,270,15.56
2024-07-11,"Financials",44,43,160,3,204,46,158,891,17.73
2024-07-11,"Healthcare",91,66,94,5,185,71,114,1068,10.67
2024-07-11,"Industrials",82,28,85,2,167,30,137,892,15.36
2024-07-11,"Materials",22,16,20,0,42,16,26,272,9.56
2024-07-11,"Real Estate",14,21,73,2,87,23,64,291,21.99
2024-07-11,"Semiconductors",2,16,2,0,4,16,-12,114,-10.53
2024-07-11,"Technology ex-Semis",16,31,12,1,28,32,-4,384,-1.04
2024-07-11,"Utilities",4,3,38,0,42,3,39,120,32.50
2024-07-12,"Communication/Media",20,29,16,0,36,29,7,341,2.05
2024-07-12,"Consumer Discretionary",20,50,37,0,57,50,7,553,1.27
2024-07-12,"Consumer Staples",13,25,21,1,34,26,8,221,3.62
2024-07-12,"Energy",17,20,8,3,25,23,2,270,0.74
2024-07-12,"Financials",23,84,50,2,73,86,-13,891,-1.46
2024-07-12,"Healthcare",40,78,66,3,106,81,25,1068,2.34
2024-07-12,"Industrials",30,68,79,5,109,73,36,892,4.04
2024-07-12,"Materials",12,14,19,1,31,15,16,272,5.88
2024-07-12,"Real Estate",7,35,21,1,28,36,-8,291,-2.75
2024-07-12,"Semiconductors",2,9,2,0,4,9,-5,114,-4.39
2024-07-12,"Technology ex-Semis",23,24,15,0,38,24,14,384,3.65
2024-07-12,"Utilities",4,10,14,0,18,10,8,120,6.67
2024-07-15,"Communication/Media",17,27,19,0,36,27,9,341,2.64
2024-07-15,"Consumer Discretionary",16,64,25,7,41,71,-30,553,-5.42
2024-07-15,"Consumer Staples",7,33,13,1,20,34,-14,221,-6.33
2024-07-15,"Energy",10,22,34,0,44,22,22,270,8.15
2024-07-15,"Financials",27,62,53,5,80,67,13,891,1.46
2024-07-15,"Healthcare",25,97,47,4,72,101,-29,1068,-2.72
2024-07-15,"Industrials",33,76,98,3,131,79,52,892,5.83
2024-07-15,"Materials",7,36,21,1,28,37,-9,272,-3.31
2024-07-15,"Real Estate",9,9,12,1,21,10,11,291,3.78
2024-07-15,"Semiconductors",1,13,5,2,6,15,-9,114,-7.89
2024-07-15,"Technology ex-Semis",9,34,38,5,47,39,8,384,2.08
2024-07-15,"Utilities",1,28,2,1,3,29,-26,120,-21.67
2024-07-16,"Communication/Media",25,12,30,4,55,16,39,341,11.44
2024-07-16,"Consumer Discretionary",38,21,65,5,103,26,77,553,13.92
2024-07-16,"Consumer Staples",15,5,16,2,31,7,24,221,10.86
2024-07-16,"Energy",17,11,12,1,29,12,17,270,6.30
2024-07-16,"Financials",20,41,55,2,75,43,32,891,3.59
2024-07-16,"Healthcare",51,56,99,3,150,59,91,1068,8.52
2024-07-16,"Industrials",41,25,83,2,124,27,97,892,10.87
2024-07-16,"Materials",12,8,30,1,42,9,33,272,12.13
2024-07-16,"Real Estate",4,12,15,0,19,12,7,291,2.41
2024-07-16,"Semiconductors",6,2,11,1,17,3,14,114,12.28
2024-07-16,"Technology ex-Semis",15,13,30,0,45,13,32,384,8.33
2024-07-16,"Utilities",3,3,5,0,8,3,5,120,4.17
2024-07-17,"Communication/Media",8,36,9,2,17,38,-21,341,-6.16
2024-07-17,"Consumer Discretionary",16,63,19,4,35,67,-32,553,-5.79
2024-07-17,"Consumer Staples",7,22,14,3,21,25,-4,221,-1.81
2024-07-17,"Energy",4,42,16,3,20,45,-25,270,-9.26
2024-07-17,"Financials",10,60,25,3,35,63,-28,891,-3.14
2024-07-17,"Healthcare",21,148,40,9,61,157,-96,1068,-8.99
2024-07-17,"Industrials",18,129,23,6,41,135,-94,892,-10.54
2024-07-17,"Materials",3,48,13,2,16,50,-34,272,-12.50
2024-07-17,"Real Estate",6,28,8,2,14,30,-16,291,-5.50
2024-07-17,"Semiconductors",1,36,4,12,5,48,-43,114,-37.72
2024-07-17,"Technology ex-Semis",8,36,13,9,21,45,-24,384,-6.25
2024-07-17,"Utilities",4,9,6,3,10,12,-2,120,-1.67
2024-07-18,"Communication/Media",6,74,8,4,14,78,-64,341,-18.77
2024-07-18,"Consumer Discretionary",10,108,8,12,18,120,-102,553,-18.44
2024-07-18,"Consumer Staples",3,56,5,3,8,59,-51,221,-23.08
2024-07-18,"Energy",0,42,2,7,2,49,-47,270,-17.41
2024-07-18,"Financials",10,180,12,7,22,187,-165,891,-18.52
2024-07-18,"Healthcare",12,268,23,16,35,284,-249,1068,-23.31
2024-07-18,"Industrials",7,166,18,16,25,182,-157,892,-17.60
2024-07-18,"Materials",3,60,6,11,9,71,-62,272,-22.79
2024-07-18,"Real Estate",1,77,2,0,3,77,-74,291,-25.43
2024-07-18,"Semiconductors",3,20,1,8,4,28,-24,114,-21.05
2024-07-18,"Technology ex-Semis",1,79,3,6,4,85,-81,384,-21.09
2024-07-18,"Utilities",0,28,0,0,0,28,-28,120,-23.33
2024-07-19,"Communication/Media",9,42,2,6,11,48,-37,341,-10.85
2024-07-19,"Consumer Discretionary",24,81,7,9,31,90,-59,553,-10.67
2024-07-19,"Consumer Staples",4,25,0,3,4,28,-24,221,-10.86
2024-07-19,"Energy",15,33,2,2,17,35,-18,270,-6.67
2024-07-19,"Financials",16,126,7,9,23,135,-112,891,-12.57
2024-07-19,"Healthcare",26,111,12,13,38,124,-86,1068,-8.05
2024-07-19,"Industrials",24,120,6,14,30,134,-104,892,-11.66
2024-07-19,"Materials",12,29,0,2,12,31,-19,272,-6.99
2024-07-19,"Real Estate",4,38,3,1,7,39,-32,291,-11.00
2024-07-19,"Semiconductors",0,26,0,6,0,32,-32,114,-28.07
2024-07-19,"Technology ex-Semis",15,29,3,8,18,37,-19,384,-4.95
2024-07-19,"Utilities",7,3,0,1,7,4,3,120,2.50
2024-07-22,"Communication/Media",31,13,3,5,34,18,16,341,4.69
2024-07-22,"Consumer Discretionary",52,14,6,13,58,27,31,553,5.61
2024-07-22,"Consumer Staples",19,7,1,3,20,10,10,221,4.52
2024-07-22,"Energy",13,19,5,1,18,20,-2,270,-0.74
2024-07-22,"Financials",105,32,4,4,109,36,73,891,8.19
2024-07-22,"Healthcare",79,38,20,8,99,46,53,1068,4.96
2024-07-22,"Industrials",86,23,8,9,94,32,62,892,6.95
2024-07-22,"Materials",15,11,7,3,22,14,8,272,2.94
2024-07-22,"Real Estate",13,10,2,5,15,15,0,291,0.00
2024-07-22,"Semiconductors",14,2,1,1,15,3,12,114,10.53
2024-07-22,"Technology ex-Semis",24,16,4,6,28,22,6,384,1.56
2024-07-22,"Utilities",13,3,1,0,14,3,11,120,9.17
2024-07-23,"Communication/Media",13,23,11,3,24,26,-2,341,-0.59
2024-07-23,"Consumer Discretionary",18,37,11,8,29,45,-16,553,-2.89
2024-07-23,"Consumer Staples",7,17,4,2,11,19,-8,221,-3.62
2024-07-23,"Energy",7,19,1,7,8,26,-18,270,-6.67
2024-07-23,"Financials",23,48,10,8,33,56,-23,891,-2.58
2024-07-23,"Healthcare",64,83,46,15,110,98,12,1068,1.12
2024-07-23,"Industrials",31,51,20,8,51,59,-8,892,-0.90
2024-07-23,"Materials",19,12,6,3,25,15,10,272,3.68
2024-07-23,"Real Estate",7,19,1,2,8,21,-13,291,-4.47
2024-07-23,"Semiconductors",7,1,0,1,7,2,5,114,4.39
2024-07-23,"Technology ex-Semis",13,25,12,5,25,30,-5,384,-1.30
2024-07-23,"Utilities",1,13,2,1,3,14,-11,120,-9.17
2024-07-24,"Communication/Media",9,55,2,10,11,65,-54,341,-15.84
2024-07-24,"Consumer Discretionary",12,79,5,19,17,98,-81,553,-14.65
2024-07-24,"Consumer Staples",10,28,3,6,13,34,-21,221,-9.50
2024-07-24,"Energy",7,51,0,9,7,60,-53,270,-19.63
2024-07-24,"Financials",15,202,8,24,23,226,-203,891,-22.78
2024-07-24,"Healthcare",38,131,26,14,64,145,-81,1068,-7.58
2024-07-24,"Industrials",14,161,18,18,32,179,-147,892,-16.48
2024-07-24,"Materials",6,61,5,5,11,66,-55,272,-20.22
2024-07-24,"Real Estate",1,91,2,5,3,96,-93,291,-31.96
2024-07-24,"Semiconductors",2,13,1,10,3,23,-20,114,-17.54
2024-07-24,"Technology ex-Semis",5,76,2,18,7,94,-87,384,-22.66
2024-07-24,"Utilities",2,18,1,1,3,19,-16,120,-13.33
2024-07-25,"Communication/Media",21,21,6,4,27,25,2,341,0.59
2024-07-25,"Consumer Discretionary",41,19,13,24,54,43,11,553,1.99
2024-07-25,"Consumer Staples",12,23,7,1,19,24,-5,221,-2.26
2024-07-25,"Energy",30,16,4,16,34,32,2,270,0.74
2024-07-25,"Financials",35,48,4,11,39,59,-20,891,-2.24
2024-07-25,"Healthcare",49,97,41,19,90,116,-26,1068,-2.43
2024-07-25,"Industrials",42,36,21,28,63,64,-1,892,-0.11
2024-07-25,"Materials",21,12,4,20,25,32,-7,272,-2.57
2024-07-25,"Real Estate",6,27,1,9,7,36,-29,291,-9.97
2024-07-25,"Semiconductors",3,3,0,12,3,15,-12,114,-10.53
2024-07-25,"Technology ex-Semis",19,16,6,8,25,24,1,384,0.26
2024-07-25,"Utilities",1,22,1,0,2,22,-20,120,-16.67
2024-07-26,"Communication/Media",24,11,13,4,37,15,22,341,6.45
2024-07-26,"Consumer Discretionary",65,20,22,3,87,23,64,553,11.57
2024-07-26,"Consumer Staples",22,11,7,3,29,14,15,221,6.79
2024-07-26,"Energy",24,11,5,10,29,21,8,270,2.96
2024-07-26,"Financials",64,36,21,10,85,46,39,891,4.38
2024-07-26,"Healthcare",59,72,26,12,85,84,1,1068,0.09
2024-07-26,"Industrials",54,45,24,7,78,52,26,892,2.91
2024-07-26,"Materials",21,5,8,2,29,7,22,272,8.09
2024-07-26,"Real Estate",24,6,5,4,29,10,19,291,6.53
2024-07-26,"Semiconductors",13,1,0,0,13,1,12,114,10.53
2024-07-26,"Technology ex-Semis",22,12,4,2,26,14,12,384,3.13
2024-07-26,"Utilities",8,6,0,0,8,6,2,120,1.67
2024-07-29,"Communication/Media",21,26,7,7,28,33,-5,341,-1.47
2024-07-29,"Consumer Discretionary",43,36,13,7,56,43,13,553,2.35
2024-07-29,"Consumer Staples",11,18,4,3,15,21,-6,221,-2.71
2024-07-29,"Energy",7,14,2,14,9,28,-19,270,-7.04
2024-07-29,"Financials",32,173,13,8,45,181,-136,891,-15.26
2024-07-29,"Healthcare",35,138,19,22,54,160,-106,1068,-9.93
2024-07-29,"Industrials",31,106,10,10,41,116,-75,892,-8.41
2024-07-29,"Materials",22,17,1,5,23,22,1,272,0.37
2024-07-29,"Real Estate",7,40,4,2,11,42,-31,291,-10.65
2024-07-29,"Semiconductors",2,13,1,3,3,16,-13,114,-11.40
2024-07-29,"Technology ex-Semis",11,55,7,6,18,61,-43,384,-11.20
2024-07-29,"Utilities",3,13,0,0,3,13,-10,120,-8.33
2024-07-30,"Communication/Media",17,17,8,8,25,25,0,341,0.00
2024-07-30,"Consumer Discretionary",26,35,12,8,38,43,-5,553,-0.90
2024-07-30,"Consumer Staples",18,8,2,5,20,13,7,221,3.17
2024-07-30,"Energy",35,6,6,6,41,12,29,270,10.74
2024-07-30,"Financials",49,50,14,5,63,55,8,891,0.90
2024-07-30,"Healthcare",45,94,17,31,62,125,-63,1068,-5.90
2024-07-30,"Industrials",26,63,19,22,45,85,-40,892,-4.48
2024-07-30,"Materials",15,15,2,4,17,19,-2,272,-0.74
2024-07-30,"Real Estate",23,11,3,0,26,11,15,291,5.15
2024-07-30,"Semiconductors",3,9,0,9,3,18,-15,114,-13.16
2024-07-30,"Technology ex-Semis",11,29,6,13,17,42,-25,384,-6.51
2024-07-30,"Utilities",12,2,3,2,15,4,11,120,9.17
2024-07-31,"Communication/Media",11,34,11,5,22,39,-17,341,-4.99
2024-07-31,"Consumer Discretionary",8,49,34,10,42,59,-17,553,-3.07
2024-07-31,"Consumer Staples",5,25,9,8,14,33,-19,221,-8.60
2024-07-31,"Energy",19,26,10,3,29,29,0,270,0.00
2024-07-31,"Financials",29,120,17,13,46,133,-87,891,-9.76
2024-07-31,"Healthcare",49,83,23,18,72,101,-29,1068,-2.72
2024-07-31,"Industrials",27,62,39,9,66,71,-5,892,-0.56
2024-07-31,"Materials",20,14,8,2,28,16,12,272,4.41
2024-07-31,"Real Estate",11,47,6,4,17,51,-34,291,-11.68
2024-07-31,"Semiconductors",26,2,1,1,27,3,24,114,21.05
2024-07-31,"Technology ex-Semis",20,25,6,3,26,28,-2,384,-0.52
2024-07-31,"Utilities",4,15,4,10,8,25,-17,120,-14.17
2024-08-01,"Communication/Media",17,53,7,18,24,71,-47,341,-13.78
2024-08-01,"Consumer Discretionary",13,90,10,29,23,119,-96,553,-17.36
2024-08-01,"Consumer Staples",9,26,2,4,11,30,-19,221,-8.60
2024-08-01,"Energy",9,45,8,25,17,70,-53,270,-19.63
2024-08-01,"Financials",25,136,13,30,38,166,-128,891,-14.37
2024-08-01,"Healthcare",38,116,11,39,49,155,-106,1068,-9.93
2024-08-01,"Industrials",13,151,14,49,27,200,-173,892,-19.39
2024-08-01,"Materials",4,39,5,20,9,59,-50,272,-18.38
2024-08-01,"Real Estate",11,34,3,13,14,47,-33,291,-11.34
2024-08-01,"Semiconductors",1,10,1,13,2,23,-21,114,-18.42
2024-08-01,"Technology ex-Semis",3,59,3,37,6,96,-90,384,-23.44
2024-08-01,"Utilities",10,8,0,1,10,9,1,120,0.83
2024-08-02,"Communication/Media",13,18,3,26,16,44,-28,341,-8.21
2024-08-02,"Consumer Discretionary",34,20,4,62,38,82,-44,553,-7.96
2024-08-02,"Consumer Staples",13,10,5,11,18,21,-3,221,-1.36
2024-08-02,"Energy",12,20,0,57,12,77,-65,270,-24.07
2024-08-02,"Financials",35,36,4,79,39,115,-76,891,-8.53
2024-08-02,"Healthcare",76,55,10,70,86,125,-39,1068,-3.65
2024-08-02,"Industrials",54,48,5,103,59,151,-92,892,-10.31
2024-08-02,"Materials",15,17,2,34,17,51,-34,272,-12.50
2024-08-02,"Real Estate",18,19,7,15,25,34,-9,291,-3.09
2024-08-02,"Semiconductors",8,4,1,14,9,18,-9,114,-7.89
2024-08-02,"Technology ex-Semis",25,14,3,57,28,71,-43,384,-11.20
2024-08-02,"Utilities",10,6,1,8,11,14,-3,120,-2.50
2024-08-05,"Communication/Media",20,11,1,63,21,74,-53,341,-15.54
2024-08-05,"Consumer Discretionary",58,15,1,97,59,112,-53,553,-9.58
2024-08-05,"Consumer Staples",20,17,3,25,23,42,-19,221,-8.60
2024-08-05,"Energy",25,0,4,45,29,45,-16,270,-5.93
2024-08-05,"Financials",66,20,5,139,71,159,-88,891,-9.88
2024-08-05,"Healthcare",110,39,6,201,116,240,-124,1068,-11.61
2024-08-05,"Industrials",80,6,2,141,82,147,-65,892,-7.29
2024-08-05,"Materials",26,3,0,56,26,59,-33,272,-12.13
2024-08-05,"Real Estate",11,24,0,54,11,78,-67,291,-23.02
2024-08-05,"Semiconductors",8,1,0,10,8,11,-3,114,-2.63
2024-08-05,"Technology ex-Semis",39,8,1,53,40,61,-21,384,-5.47
2024-08-05,"Utilities",14,17,1,18,15,35,-20,120,-16.67
2024-08-06,"Communication/Media",30,15,3,8,33,23,10,341,2.93
2024-08-06,"Consumer Discretionary",39,36,5,11,44,47,-3,553,-0.54
2024-08-06,"Consumer Staples",15,12,4,3,19,15,4,221,1.81
2024-08-06,"Energy",29,10,3,3,32,13,19,270,7.04
2024-08-06,"Financials",54,27,12,8,66,35,31,891,3.48
2024-08-06,"Healthcare",75,53,18,18,93,71,22,1068,2.06
2024-08-06,"Industrials",51,43,6,12,57,55,2,892,0.22
2024-08-06,"Materials",18,13,2,0,20,13,7,272,2.57
2024-08-06,"Real Estate",40,11,4,3,44,14,30,291,10.31
2024-08-06,"Semiconductors",7,1,0,0,7,1,6,114,5.26
2024-08-06,"Technology ex-Semis",21,29,5,4,26,33,-7,384,-1.82
2024-08-06,"Utilities",6,9,0,4,6,13,-7,120,-5.83
2024-08-07,"Communication/Media",6,46,5,5,11,51,-40,341,-11.73
2024-08-07,"Consumer Discretionary",5,69,10,6,15,75,-60,553,-10.85
2024-08-07,"Consumer Staples",8,27,7,4,15,31,-16,221,-7.24
2024-08-07,"Energy",3,42,3,2,6,44,-38,270,-14.07
2024-08-07,"Financials",25,116,8,8,33,124,-91,891,-10.21
2024-08-07,"Healthcare",22,110,13,48,35,158,-123,1068,-11.52
2024-08-07,"Industrials",18,97,8,20,26,117,-91,892,-10.20
2024-08-07,"Materials",2,36,3,3,5,39,-34,272,-12.50
2024-08-07,"Real Estate",8,48,6,4,14,52,-38,291,-13.06
2024-08-07,"Semiconductors",0,14,0,1,0,15,-15,114,-13.16
2024-08-07,"Technology ex-Semis",8,50,7,3,15,53,-38,384,-9.90
2024-08-07,"Utilities",5,12,2,0,7,12,-5,120,-4.17
2024-08-08,"Communication/Media",63,8,8,7,71,15,56,341,16.42
2024-08-08,"Consumer Discretionary",111,9,7,11,118,20,98,553,17.72
2024-08-08,"Consumer Staples",31,3,2,9,33,12,21,221,9.50
2024-08-08,"Energy",67,7,5,3,72,10,62,270,22.96
2024-08-08,"Financials",158,20,8,11,166,31,135,891,15.15
2024-08-08,"Healthcare",169,23,18,31,187,54,133,1068,12.45
2024-08-08,"Industrials",184,22,9,19,193,41,152,892,17.04
2024-08-08,"Materials",29,3,2,2,31,5,26,272,9.56
2024-08-08,"Real Estate",40,9,1,4,41,13,28,291,9.62
2024-08-08,"Semiconductors",56,0,2,1,58,1,57,114,50.00
2024-08-08,"Technology ex-Semis",79,5,6,6,85,11,74,384,19.27
2024-08-08,"Utilities",14,7,2,3,16,10,6,120,5.00
2024-08-09,"Communication/Media",19,18,7,5,26,23,3,341,0.88
2024-08-09,"Consumer Discretionary",42,23,10,8,52,31,21,553,3.80
2024-08-09,"Consumer Staples",21,4,3,3,24,7,17,221,7.69
2024-08-09,"Energy",24,8,3,1,27,9,18,270,6.67
2024-08-09,"Financials",90,41,10,16,100,57,43,891,4.83
2024-08-09,"Healthcare",69,52,15,17,84,69,15,1068,1.40
2024-08-09,"Industrials",74,26,6,17,80,43,37,892,4.15
2024-08-09,"Materials",28,8,1,6,29,14,15,272,5.51
2024-08-09,"Real Estate",36,14,3,1,39,15,24,291,8.25
2024-08-09,"Semiconductors",2,2,2,0,4,2,2,114,1.75
2024-08-09,"Technology ex-Semis",38,14,12,5,50,19,31,384,8.07
2024-08-09,"Utilities",23,3,4,3,27,6,21,120,17.50
2024-08-12,"Communication/Media",14,28,8,6,22,34,-12,341,-3.52
2024-08-12,"Consumer Discretionary",24,37,10,18,34,55,-21,553,-3.80
2024-08-12,"Consumer Staples",12,14,1,4,13,18,-5,221,-2.26
2024-08-12,"Energy",27,15,6,2,33,17,16,270,5.93
2024-08-12,"Financials",21,112,11,30,32,142,-110,891,-12.35
2024-08-12,"Healthcare",69,60,12,24,81,84,-3,1068,-0.28
2024-08-12,"Industrials",41,49,11,22,52,71,-19,892,-2.13
2024-08-12,"Materials",22,14,3,4,25,18,7,272,2.57
2024-08-12,"Real Estate",20,23,6,13,26,36,-10,291,-3.44
2024-08-12,"Semiconductors",2,1,3,0,5,1,4,114,3.51
2024-08-12,"Technology ex-Semis",13,29,6,4,19,33,-14,384,-3.65
2024-08-12,"Utilities",6,5,2,3,8,8,0,120,0.00
2024-08-13,"Communication/Media",34,10,3,4,37,14,23,341,6.74
2024-08-13,"Consumer Discretionary",96,17,12,10,108,27,81,553,14.65
2024-08-13,"Consumer Staples",25,8,5,4,30,12,18,221,8.14
2024-08-13,"Energy",11,12,3,4,14,16,-2,270,-0.74
2024-08-13,"Financials",99,20,9,5,108,25,83,891,9.32
2024-08-13,"Healthcare",131,35,12,13,143,48,95,1068,8.90
2024-08-13,"Industrials",132,16,10,5,142,21,121,892,13.57
2024-08-13,"Materials",41,9,3,2,44,11,33,272,12.13
2024-08-13,"Real Estate",36,11,1,3,37,14,23,291,7.90
2024-08-13,"Semiconductors",14,0,1,0,15,0,15,114,13.16
2024-08-13,"Technology ex-Semis",40,13,4,4,44,17,27,384,7.03
2024-08-13,"Utilities",12,2,1,0,13,2,11,120,9.17
2024-08-14,"Communication/Media",10,23,7,3,17,26,-9,341,-2.64
2024-08-14,"Consumer Discretionary",17,50,9,4,26,54,-28,553,-5.06
2024-08-14,"Consumer Staples",16,18,4,1,20,19,1,221,0.45
2024-08-14,"Energy",10,14,4,0,14,14,0,270,0.00
2024-08-14,"Financials",36,55,31,2,67,57,10,891,1.12
2024-08-14,"Healthcare",45,84,24,22,69,106,-37,1068,-3.46
2024-08-14,"Industrials",32,61,16,5,48,66,-18,892,-2.02
2024-08-14,"Materials",13,18,2,1,15,19,-4,272,-1.47
2024-08-14,"Real Estate",7,10,4,1,11,11,0,291,0.00
2024-08-14,"Semiconductors",3,11,2,0,5,11,-6,114,-5.26
2024-08-14,"Technology ex-Semis",11,34,7,0,18,34,-16,384,-4.17
2024-08-14,"Utilities",7,4,5,1,12,5,7,120,5.83
2024-08-15,"Communication/Media",20,32,12,2,32,34,-2,341,-0.59
2024-08-15,"Consumer Discretionary",25,22,22,4,47,26,21,553,3.80
2024-08-15,"Consumer Staples",13,16,7,1,20,17,3,221,1.36
2024-08-15,"Energy",11,16,5,1,16,17,-1,270,-0.37
2024-08-15,"Financials",35,76,19,7,54,83,-29,891,-3.25
2024-08-15,"Healthcare",77,53,26,5,103,58,45,1068,4.21
2024-08-15,"Industrials",41,44,22,2,63,46,17,892,1.91
2024-08-15,"Materials",13,14,6,0,19,14,5,272,1.84
2024-08-15,"Real Estate",11,26,11,1,22,27,-5,291,-1.72
2024-08-15,"Semiconductors",11,2,6,0,17,2,15,114,13.16
2024-08-15,"Technology ex-Semis",20,19,10,2,30,21,9,384,2.34
2024-08-15,"Utilities",7,3,5,1,12,4,8,120,6.67
2024-08-16,"Communication/Media",24,28,9,2,33,30,3,341,0.88
2024-08-16,"Consumer Discretionary",29,32,12,2,41,34,7,553,1.27
2024-08-16,"Consumer Staples",13,23,1,1,14,24,-10,221,-4.52
2024-08-16,"Energy",9,14,4,1,13,15,-2,270,-0.74
2024-08-16,"Financials",49,42,15,5,64,47,17,891,1.91
2024-08-16,"Healthcare",66,57,13,13,79,70,9,1068,0.84
2024-08-16,"Industrials",31,66,17,5,48,71,-23,892,-2.58
2024-08-16,"Materials",18,8,12,0,30,8,22,272,8.09
2024-08-16,"Real Estate",20,16,4,3,24,19,5,291,1.72
2024-08-16,"Semiconductors",2,4,2,0,4,4,0,114,0.00
2024-08-16,"Technology ex-Semis",19,16,5,2,24,18,6,384,1.56
2024-08-16,"Utilities",4,9,1,1,5,10,-5,120,-4.17
2024-08-19,"Communication/Media",16,17,4,1,20,18,2,341,0.59
2024-08-19,"Consumer Discretionary",31,41,16,0,47,41,6,553,1.08
2024-08-19,"Consumer Staples",13,10,6,0,19,10,9,221,4.07
2024-08-19,"Energy",6,23,12,3,18,26,-8,270,-2.96
2024-08-19,"Financials",31,29,20,0,51,29,22,891,2.47
2024-08-19,"Healthcare",108,51,35,5,143,56,87,1068,8.15
2024-08-19,"Industrials",44,17,14,1,58,18,40,892,4.48
2024-08-19,"Materials",11,9,12,1,23,10,13,272,4.78
2024-08-19,"Real Estate",19,10,4,0,23,10,13,291,4.47
2024-08-19,"Semiconductors",11,4,4,0,15,4,11,114,9.65
2024-08-19,"Technology ex-Semis",20,18,14,0,34,18,16,384,4.17
2024-08-19,"Utilities",5,2,2,0,7,2,5,120,4.17
2024-08-20,"Communication/Media",8,33,8,4,16,37,-21,341,-6.16
2024-08-20,"Consumer Discretionary",21,60,4,3,25,63,-38,553,-6.87
2024-08-20,"Consumer Staples",8,27,1,0,9,27,-18,221,-8.14
2024-08-20,"Energy",3,44,2,1,5,45,-40,270,-14.81
2024-08-20,"Financials",16,116,16,5,32,121,-89,891,-9.99
2024-08-20,"Healthcare",41,104,16,9,57,113,-56,1068,-5.24
2024-08-20,"Industrials",23,93,12,4,35,97,-62,892,-6.95
2024-08-20,"Materials",6,40,12,0,18,40,-22,272,-8.09
2024-08-20,"Real Estate",7,33,2,1,9,34,-25,291,-8.59
2024-08-20,"Semiconductors",0,14,2,0,2,14,-12,114,-10.53
2024-08-20,"Technology ex-Semis",9,48,11,1,20,49,-29,384,-7.55
2024-08-20,"Utilities",3,10,2,1,5,11,-6,120,-5.00
2024-08-21,"Communication/Media",10,17,8,2,18,19,-1,341,-0.29
2024-08-21,"Consumer Discretionary",39,24,13,1,52,25,27,553,4.88
2024-08-21,"Consumer Staples",11,15,7,2,18,17,1,221,0.45
2024-08-21,"Energy",11,20,2,2,13,22,-9,270,-3.33
2024-08-21,"Financials",58,38,18,10,76,48,28,891,3.14
2024-08-21,"Healthcare",53,41,23,3,76,44,32,1068,3.00
2024-08-21,"Industrials",49,36,18,2,67,38,29,892,3.25
2024-08-21,"Materials",10,7,7,0,17,7,10,272,3.68
2024-08-21,"Real Estate",26,10,8,1,34,11,23,291,7.90
2024-08-21,"Semiconductors",3,2,3,0,6,2,4,114,3.51
2024-08-21,"Technology ex-Semis",17,13,8,0,25,13,12,384,3.13
2024-08-21,"Utilities",3,10,4,1,7,11,-4,120,-3.33
2024-08-22,"Communication/Media",6,56,6,5,12,61,-49,341,-14.37
2024-08-22,"Consumer Discretionary",9,93,10,7,19,100,-81,553,-14.65
2024-08-22,"Consumer Staples",4,38,9,3,13,41,-28,221,-12.67
2024-08-22,"Energy",4,35,1,4,5,39,-34,270,-12.59
2024-08-22,"Financials",24,75,6,2,30,77,-47,891,-5.27
2024-08-22,"Healthcare",26,182,19,5,45,187,-142,1068,-13.30
2024-08-22,"Industrials",11,127,21,3,32,130,-98,892,-10.99
2024-08-22,"Materials",5,33,3,1,8,34,-26,272,-9.56
2024-08-22,"Real Estate",8,37,5,1,13,38,-25,291,-8.59
2024-08-22,"Semiconductors",2,43,0,1,2,44,-42,114,-36.84
2024-08-22,"Technology ex-Semis",3,97,18,2,21,99,-78,384,-20.31
2024-08-22,"Utilities",3,14,1,1,4,15,-11,120,-9.17
2024-08-23,"Communication/Media",21,19,14,1,35,20,15,341,4.40
2024-08-23,"Consumer Discretionary",37,21,19,2,56,23,33,553,5.97
2024-08-23,"Consumer Staples",14,12,5,0,19,12,7,221,3.17
2024-08-23,"Energy",25,7,6,0,31,7,24,270,8.89
2024-08-23,"Financials",36,24,48,3,84,27,57,891,6.40
2024-08-23,"Healthcare",61,57,27,11,88,68,20,1068,1.87
2024-08-23,"Industrials",44,32,29,0,73,32,41,892,4.60
2024-08-23,"Materials",12,6,11,2,23,8,15,272,5.51
2024-08-23,"Real Estate",13,9,23,0,36,9,27,291,9.28
2024-08-23,"Semiconductors",14,2,2,0,16,2,14,114,12.28
2024-08-23,"Technology ex-Semis",13,14,10,4,23,18,5,384,1.30
2024-08-23,"Utilities",3,6,5,0,8,6,2,120,1.67
2024-08-26,"Communication/Media",12,28,9,3,21,31,-10,341,-2.93
2024-08-26,"Consumer Discretionary",15,68,19,2,34,70,-36,553,-6.51
2024-08-26,"Consumer Staples",7,34,7,1,14,35,-21,221,-9.50
2024-08-26,"Energy",7,40,10,1,17,41,-24,270,-8.89
2024-08-26,"Financials",23,134,39,2,62,136,-74,891,-8.31
2024-08-26,"Healthcare",36,89,28,4,64,93,-29,1068,-2.72
2024-08-26,"Industrials",14,126,31,8,45,134,-89,892,-9.98
2024-08-26,"Materials",8,45,12,1,20,46,-26,272,-9.56
2024-08-26,"Real Estate",4,33,19,1,23,34,-11,291,-3.78
2024-08-26,"Semiconductors",2,26,3,0,5,26,-21,114,-18.42
2024-08-26,"Technology ex-Semis",14,35,10,1,24,36,-12,384,-3.13
2024-08-26,"Utilities",1,10,3,0,4,10,-6,120,-5.00
2024-08-27,"Communication/Media",9,37,2,1,11,38,-27,341,-7.92
2024-08-27,"Consumer Discretionary",21,34,4,3,25,37,-12,553,-2.17
2024-08-27,"Consumer Staples",8,20,5,1,13,21,-8,221,-3.62
2024-08-27,"Energy",12,36,2,0,14,36,-22,270,-8.15
2024-08-27,"Financials",22,45,11,2,33,47,-14,891,-1.57
2024-08-27,"Healthcare",53,114,22,5,75,119,-44,1068,-4.12
2024-08-27,"Industrials",33,79,4,7,37,86,-49,892,-5.49
2024-08-27,"Materials",9,19,5,0,14,19,-5,272,-1.84
2024-08-27,"Real Estate",15,21,3,2,18,23,-5,291,-1.72
2024-08-27,"Semiconductors",10,3,1,1,11,4,7,114,6.14
2024-08-27,"Technology ex-Semis",18,26,7,0,25,26,-1,384,-0.26
2024-08-27,"Utilities",3,23,1,0,4,23,-19,120,-15.83
2024-08-28,"Communication/Media",12,43,2,2,14,45,-31,341,-9.09
2024-08-28,"Consumer Discretionary",21,74,6,8,27,82,-55,553,-9.95
2024-08-28,"Consumer Staples",15,21,8,4,23,25,-2,221,-0.90
2024-08-28,"Energy",16,25,2,1,18,26,-8,270,-2.96
2024-08-28,"Financials",27,66,13,2,40,68,-28,891,-3.14
2024-08-28,"Healthcare",40,106,21,19,61,125,-64,1068,-5.99
2024-08-28,"Industrials",22,87,8,6,30,93,-63,892,-7.06
2024-08-28,"Materials",7,32,4,1,11,33,-22,272,-8.09
2024-08-28,"Real Estate",6,37,2,0,8,37,-29,291,-9.97
2024-08-28,"Semiconductors",0,9,1,1,1,10,-9,114,-7.89
2024-08-28,"Technology ex-Semis",8,46,4,4,12,50,-38,384,-9.90
2024-08-28,"Utilities",4,12,1,1,5,13,-8,120,-6.67
2024-08-29,"Communication/Media",12,30,14,1,26,31,-5,341,-1.47
2024-08-29,"Consumer Discretionary",21,69,15,4,36,73,-37,553,-6.69
2024-08-29,"Consumer Staples",7,21,2,1,9,22,-13,221,-5.88
2024-08-29,"Energy",18,8,2,0,20,8,12,270,4.44
2024-08-29,"Financials",33,50,41,4,74,54,20,891,2.24
2024-08-29,"Healthcare",38,106,29,6,67,112,-45,1068,-4.21
2024-08-29,"Industrials",27,67,23,2,50,69,-19,892,-2.13
2024-08-29,"Materials",7,13,9,1,16,14,2,272,0.74
2024-08-29,"Real Estate",9,25,11,0,20,25,-5,291,-1.72
2024-08-29,"Semiconductors",8,14,7,0,15,14,1,114,0.88
2024-08-29,"Technology ex-Semis",10,32,17,2,27,34,-7,384,-1.82
2024-08-29,"Utilities",6,7,1,0,7,7,0,120,0.00
2024-08-30,"Communication/Media",21,27,6,2,27,29,-2,341,-0.59
2024-08-30,"Consumer Discretionary",37,21,16,3,53,24,29,553,5.24
2024-08-30,"Consumer Staples",15,14,5,5,20,19,1,221,0.45
2024-08-30,"Energy",16,8,14,0,30,8,22,270,8.15
2024-08-30,"Financials",42,31,61,6,103,37,66,891,7.41
2024-08-30,"Healthcare",84,57,27,8,111,65,46,1068,4.31
2024-08-30,"Industrials",51,31,51,4,102,35,67,892,7.51
2024-08-30,"Materials",11,10,11,1,22,11,11,272,4.04
2024-08-30,"Real Estate",11,16,15,1,26,17,9,291,3.09
2024-08-30,"Semiconductors",9,1,7,0,16,1,15,114,13.16
2024-08-30,"Technology ex-Semis",16,15,17,5,33,20,13,384,3.39
2024-08-30,"Utilities",7,4,4,0,11,4,7,120,5.83
2024-09-03,"Communication/Media",10,47,6,7,16,54,-38,341,-11.14
2024-09-03,"Consumer Discretionary",17,71,4,7,21,78,-57,553,-10.31
2024-09-03,"Consumer Staples",11,22,10,2,21,24,-3,221,-1.36
2024-09-03,"Energy",4,33,2,20,6,53,-47,270,-17.41
2024-09-03,"Financials",22,132,26,2,48,134,-86,891,-9.65
2024-09-03,"Healthcare",22,153,24,25,46,178,-132,1068,-12.36
2024-09-03,"Industrials",24,112,13,8,37,120,-83,892,-9.30
2024-09-03,"Materials",5,36,2,13,7,49,-42,272,-15.44
2024-09-03,"Real Estate",12,28,7,6,19,34,-15,291,-5.15
2024-09-03,"Semiconductors",0,12,0,2,0,14,-14,114,-12.28
2024-09-03,"Technology ex-Semis",3,56,5,8,8,64,-56,384,-14.58
2024-09-03,"Utilities",2,15,8,0,10,15,-5,120,-4.17
2024-09-04,"Communication/Media",28,19,11,12,39,31,8,341,2.35
2024-09-04,"Consumer Discretionary",39,27,9,16,48,43,5,553,0.90
2024-09-04,"Consumer Staples",15,5,5,5,20,10,10,221,4.52
2024-09-04,"Energy",3,25,2,18,5,43,-38,270,-14.07
2024-09-04,"Financials",24,84,11,5,35,89,-54,891,-6.06
2024-09-04,"Healthcare",83,57,17,31,100,88,12,1068,1.12
2024-09-04,"Industrials",45,35,7,25,52,60,-8,892,-0.90
2024-09-04,"Materials",7,13,2,7,9,20,-11,272,-4.04
2024-09-04,"Real Estate",13,32,3,3,16,35,-19,291,-6.53
2024-09-04,"Semiconductors",6,3,1,5,7,8,-1,114,-0.88
2024-09-04,"Technology ex-Semis",27,14,1,19,28,33,-5,384,-1.30
2024-09-04,"Utilities",4,6,6,0,10,6,4,120,3.33
2024-09-05,"Communication/Media",19,22,6,10,25,32,-7,341,-2.05
2024-09-05,"Consumer Discretionary",23,38,5,13,28,51,-23,553,-4.16
2024-09-05,"Consumer Staples",10,20,5,4,15,24,-9,221,-4.07
2024-09-05,"Energy",14,11,1,22,15,33,-18,270,-6.67
2024-09-05,"Financials",34,88,10,11,44,99,-55,891,-6.17
2024-09-05,"Healthcare",70,80,18,19,88,99,-11,1068,-1.03
2024-09-05,"Industrials",41,69,5,46,46,115,-69,892,-7.74
2024-09-05,"Materials",15,21,2,9,17,30,-13,272,-4.78
2024-09-05,"Real Estate",8,39,7,1,15,40,-25,291,-8.59
2024-09-05,"Semiconductors",4,3,0,3,4,6,-2,114,-1.75
2024-09-05,"Technology ex-Semis",13,22,4,6,17,28,-11,384,-2.86
2024-09-05,"Utilities",1,25,3,2,4,27,-23,120,-19.17
2024-09-06,"Communication/Media",12,33,3,16,15,49,-34,341,-9.97
2024-09-06,"Consumer Discretionary",17,48,4,32,21,80,-59,553,-10.67
2024-09-06,"Consumer Staples",7,20,5,6,12,26,-14,221,-6.33
2024-09-06,"Energy",5,15,0,28,5,43,-38,270,-14.07
2024-09-06,"Financials",28,93,8,32,36,125,-89,891,-9.99
2024-09-06,"Healthcare",43,92,9,40,52,132,-80,1068,-7.49
2024-09-06,"Industrials",19,54,8,64,27,118,-91,892,-10.20
2024-09-06,"Materials",10,13,1,19,11,32,-21,272,-7.72
2024-09-06,"Real Estate",9,19,1,6,10,25,-15,291,-5.15
2024-09-06,"Semiconductors",1,3,0,19,1,22,-21,114,-18.42
2024-09-06,"Technology ex-Semis",9,23,8,38,17,61,-44,384,-11.46
2024-09-06,"Utilities",2,22,1,4,3,26,-23,120,-19.17
2024-09-09,"Communication/Media",14,13,8,15,22,28,-6,341,-1.76
2024-09-09,"Consumer Discretionary",38,26,12,19,50,45,5,553,0.90
2024-09-09,"Consumer Staples",13,15,2,9,15,24,-9,221,-4.07
2024-09-09,"Energy",17,6,0,13,17,19,-2,270,-0.74
2024-09-09,"Financials",38,42,10,15,48,57,-9,891,-1.01
2024-09-09,"Healthcare",98,62,32,29,130,91,39,1068,3.65
2024-09-09,"Industrials",67,22,9,36,76,58,18,892,2.02
2024-09-09,"Materials",20,5,3,4,23,9,14,272,5.15
2024-09-09,"Real Estate",23,9,6,4,29,13,16,291,5.50
2024-09-09,"Semiconductors",12,3,2,6,14,9,5,114,4.39
2024-09-09,"Technology ex-Semis",36,18,4,7,40,25,15,384,3.91
2024-09-09,"Utilities",9,2,3,3,12,5,7,120,5.83
2024-09-10,"Communication/Media",36,11,6,13,42,24,18,341,5.28
2024-09-10,"Consumer Discretionary",53,20,8,25,61,45,16,553,2.89
2024-09-10,"Consumer Staples",22,14,1,7,23,21,2,221,0.90
2024-09-10,"Energy",20,5,1,22,21,27,-6,270,-2.22
2024-09-10,"Financials",98,33,7,37,105,70,35,891,3.93
2024-09-10,"Healthcare",112,49,20,29,132,78,54,1068,5.06
2024-09-10,"Industrials",105,25,16,23,121,48,73,892,8.18
2024-09-10,"Materials",34,12,1,18,35,30,5,272,1.84
2024-09-10,"Real Estate",34,7,8,3,42,10,32,291,11.00
2024-09-10,"Semiconductors",29,0,1,8,30,8,22,114,19.30
2024-09-10,"Technology ex-Semis",49,9,3,17,52,26,26,384,6.77
2024-09-10,"Utilities",7,2,7,1,14,3,11,120,9.17
2024-09-11,"Communication/Media",51,11,5,19,56,30,26,341,7.62
2024-09-11,"Consumer Discretionary",99,16,10,23,109,39,70,553,12.66
2024-09-11,"Consumer Staples",31,11,3,9,34,20,14,221,6.33
2024-09-11,"Energy",55,6,2,9,57,15,42,270,15.56
2024-09-11,"Financials",136,25,11,49,147,74,73,891,8.19
2024-09-11,"Healthcare",130,45,23,29,153,74,79,1068,7.40
2024-09-11,"Industrials",208,13,17,61,225,74,151,892,16.93
2024-09-11,"Materials",68,2,8,12,76,14,62,272,22.79
2024-09-11,"Real Estate",43,4,2,7,45,11,34,291,11.68
2024-09-11,"Semiconductors",47,0,1,2,48,2,46,114,40.35
2024-09-11,"Technology ex-Semis",68,11,2,7,70,18,52,384,13.54
2024-09-11,"Utilities",10,8,4,0,14,8,6,120,5.00
2024-09-12,"Communication/Media",41,23,5,6,46,29,17,341,4.99
2024-09-12,"Consumer Discretionary",54,23,18,3,72,26,46,553,8.32
2024-09-12,"Consumer Staples",24,6,1,4,25,10,15,221,6.79
2024-09-12,"Energy",33,2,4,0,37,2,35,270,12.96
2024-09-12,"Financials",103,34,13,8,116,42,74,891,8.31
2024-09-12,"Healthcare",63,67,19,20,82,87,-5,1068,-0.47
2024-09-12,"Industrials",101,34,28,7,129,41,88,892,9.87
2024-09-12,"Materials",30,9,13,3,43,12,31,272,11.40
2024-09-12,"Real Estate",38,10,13,2,51,12,39,291,13.40
2024-09-12,"Semiconductors",6,5,0,0,6,5,1,114,0.88
2024-09-12,"Technology ex-Semis",29,25,13,2,42,27,15,384,3.91
2024-09-12,"Utilities",5,4,4,4,9,8,1,120,0.83
2024-09-13,"Communication/Media",22,15,14,0,36,15,21,341,6.16
2024-09-13,"Consumer Discretionary",54,25,38,5,92,30,62,553,11.21
2024-09-13,"Consumer Staples",18,8,16,3,34,11,23,221,10.41
2024-09-13,"Energy",21,19,6,1,27,20,7,270,2.59
2024-09-13,"Financials",125,30,24,6,149,36,113,891,12.68
2024-09-13,"Healthcare",85,60,35,9,120,69,51,1068,4.78
2024-09-13,"Industrials",62,48,43,2,105,50,55,892,6.17
2024-09-13,"Materials",15,11,24,2,39,13,26,272,9.56
2024-09-13,"Real Estate",26,7,20,1,46,8,38,291,13.06
2024-09-13,"Semiconductors",13,2,0,1,13,3,10,114,8.77
2024-09-13,"Technology ex-Semis",21,15,15,2,36,17,19,384,4.95
2024-09-13,"Utilities",14,6,9,0,23,6,17,120,14.17
2024-09-16,"Communication/Media",24,19,16,3,40,22,18,341,5.28
2024-09-16,"Consumer Discretionary",25,61,16,5,41,66,-25,553,-4.52
2024-09-16,"Consumer Staples",4,14,9,1,13,15,-2,221,-0.90
2024-09-16,"Energy",37,6,7,0,44,6,38,270,14.07
2024-09-16,"Financials",62,44,49,10,111,54,57,891,6.40
2024-09-16,"Healthcare",42,103,37,19,79,122,-43,1068,-4.03
2024-09-16,"Industrials",41,54,42,4,83,58,25,892,2.80
2024-09-16,"Materials",17,19,11,2,28,21,7,272,2.57
2024-09-16,"Real Estate",7,24,17,1,24,25,-1,291,-0.34
2024-09-16,"Semiconductors",8,3,2,0,10,3,7,114,6.14
2024-09-16,"Technology ex-Semis",15,24,9,7,24,31,-7,384,-1.82
2024-09-16,"Utilities",6,9,11,0,17,9,8,120,6.67
2024-09-17,"Communication/Media",12,42,17,3,29,45,-16,341,-4.69
2024-09-17,"Consumer Discretionary",27,44,30,2,57,46,11,553,1.99
2024-09-17,"Consumer Staples",10,26,12,6,22,32,-10,221,-4.52
2024-09-17,"Energy",30,11,12,1,42,12,30,270,11.11
2024-09-17,"Financials",28,90,64,1,92,91,1,891,0.11
2024-09-17,"Healthcare",36,121,31,18,67,139,-72,1068,-6.74
2024-09-17,"Industrials",26,58,51,12,77,70,7,892,0.78
2024-09-17,"Materials",5,23,13,1,18,24,-6,272,-2.21
2024-09-17,"Real Estate",4,55,13,2,17,57,-40,291,-13.75
2024-09-17,"Semiconductors",4,7,5,1,9,8,1,114,0.88
2024-09-17,"Technology ex-Semis",9,29,11,3,20,32,-12,384,-3.13
2024-09-17,"Utilities",1,27,6,2,7,29,-22,120,-18.33
2024-09-18,"Communication/Media",4,50,16,4,20,54,-34,341,-9.97
2024-09-18,"Consumer Discretionary",6,88,23,7,29,95,-66,553,-11.93
2024-09-18,"Consumer Staples",4,28,11,0,15,28,-13,221,-5.88
2024-09-18,"Energy",4,32,11,0,15,32,-17,270,-6.30
2024-09-18,"Financials",16,126,66,4,82,130,-48,891,-5.39
2024-09-18,"Healthcare",18,140,27,19,45,159,-114,1068,-10.67
2024-09-18,"Industrials",12,152,61,10,73,162,-89,892,-9.98
2024-09-18,"Materials",7,44,13,2,20,46,-26,272,-9.56
2024-09-18,"Real Estate",7,42,11,2,18,44,-26,291,-8.93
2024-09-18,"Semiconductors",2,21,2,0,4,21,-17,114,-14.91
2024-09-18,"Technology ex-Semis",4,57,8,4,12,61,-49,384,-12.76
2024-09-18,"Utilities",0,14,3,0,3,14,-11,120,-9.17
2024-09-19,"Communication/Media",11,27,11,4,22,31,-9,341,-2.64
2024-09-19,"Consumer Discretionary",15,41,21,6,36,47,-11,553,-1.99
2024-09-19,"Consumer Staples",10,15,4,3,14,18,-4,221,-1.81
2024-09-19,"Energy",7,17,12,0,19,17,2,270,0.74
2024-09-19,"Financials",20,45,44,7,64,52,12,891,1.35
2024-09-19,"Healthcare",39,77,27,13,66,90,-24,1068,-2.25
2024-09-19,"Industrials",17,47,36,4,53,51,2,892,0.22
2024-09-19,"Materials",6,15,10,3,16,18,-2,272,-0.74
2024-09-19,"Real Estate",7,14,12,3,19,17,2,291,0.69
2024-09-19,"Semiconductors",2,3,3,1,5,4,1,114,0.88
2024-09-19,"Technology ex-Semis",11,34,16,3,27,37,-10,384,-2.60
2024-09-19,"Utilities",4,5,1,2,5,7,-2,120,-1.67
2024-09-20,"Communication/Media",10,55,10,10,20,65,-45,341,-13.20
2024-09-20,"Consumer Discretionary",15,66,10,5,25,71,-46,553,-8.32
2024-09-20,"Consumer Staples",16,32,3,4,19,36,-17,221,-7.69
2024-09-20,"Energy",7,17,10,1,17,18,-1,270,-0.37
2024-09-20,"Financials",23,136,18,16,41,152,-111,891,-12.46
2024-09-20,"Healthcare",61,124,17,29,78,153,-75,1068,-7.02
2024-09-20,"Industrials",25,94,23,10,48,104,-56,892,-6.28
2024-09-20,"Materials",5,29,6,3,11,32,-21,272,-7.72
2024-09-20,"Real Estate",8,37,1,1,9,38,-29,291,-9.97
2024-09-20,"Semiconductors",1,17,2,2,3,19,-16,114,-14.04
2024-09-20,"Technology ex-Semis",16,39,10,3,26,42,-16,384,-4.17
2024-09-20,"Utilities",6,9,3,1,9,10,-1,120,-0.83
2024-09-23,"Communication/Media",16,32,7,4,23,36,-13,341,-3.81
2024-09-23,"Consumer Discretionary",23,42,8,6,31,48,-17,553,-3.07
2024-09-23,"Consumer Staples",12,20,1,6,13,26,-13,221,-5.88
2024-09-23,"Energy",4,18,14,1,18,19,-1,270,-0.37
2024-09-23,"Financials",28,103,7,9,35,112,-77,891,-8.64
2024-09-23,"Healthcare",36,163,13,41,49,204,-155,1068,-14.51
2024-09-23,"Industrials",35,81,21,4,56,85,-29,892,-3.25
2024-09-23,"Materials",11,36,4,5,15,41,-26,272,-9.56
2024-09-23,"Real Estate",12,38,4,1,16,39,-23,291,-7.90
2024-09-23,"Semiconductors",6,8,4,0,10,8,2,114,1.75
2024-09-23,"Technology ex-Semis",11,38,7,5,18,43,-25,384,-6.51
2024-09-23,"Utilities",5,7,2,2,7,9,-2,120,-1.67
2024-09-24,"Communication/Media",27,14,13,6,40,20,20,341,5.87
2024-09-24,"Consumer Discretionary",23,55,21,4,44,59,-15,553,-2.71
2024-09-24,"Consumer Staples",9,15,2,1,11,16,-5,221,-2.26
2024-09-24,"Energy",5,44,10,0,15,44,-29,270,-10.74
2024-09-24,"Financials",32,120,16,8,48,128,-80,891,-8.98
2024-09-24,"Healthcare",56,71,8,34,64,105,-41,1068,-3.84
2024-09-24,"Industrials",34,71,18,13,52,84,-32,892,-3.59
2024-09-24,"Materials",9,18,30,0,39,18,21,272,7.72
2024-09-24,"Real Estate",14,20,5,7,19,27,-8,291,-2.75
2024-09-24,"Semiconductors",8,9,1,1,9,10,-1,114,-0.88
2024-09-24,"Technology ex-Semis",16,21,11,5,27,26,1,384,0.26
2024-09-24,"Utilities",5,21,1,2,6,23,-17,120,-14.17
2024-09-25,"Communication/Media",11,42,4,7,15,49,-34,341,-9.97
2024-09-25,"Consumer Discretionary",12,76,4,9,16,85,-69,553,-12.48
2024-09-25,"Consumer Staples",3,29,2,2,5,31,-26,221,-11.76
2024-09-25,"Energy",3,60,1,3,4,63,-59,270,-21.85
2024-09-25,"Financials",23,103,10,12,33,115,-82,891,-9.20
2024-09-25,"Healthcare",38,104,10,56,48,160,-112,1068,-10.49
2024-09-25,"Industrials",25,158,14,11,39,169,-130,892,-14.57
2024-09-25,"Materials",3,40,4,3,7,43,-36,272,-13.24
2024-09-25,"Real Estate",2,52,1,3,3,55,-52,291,-17.87
2024-09-25,"Semiconductors",3,10,2,1,5,11,-6,114,-5.26
2024-09-25,"Technology ex-Semis",10,53,17,4,27,57,-30,384,-7.81
2024-09-25,"Utilities",3,14,1,4,4,18,-14,120,-11.67
2024-09-26,"Communication/Media",23,24,18,2,41,26,15,341,4.40
2024-09-26,"Consumer Discretionary",21,41,26,1,47,42,5,553,0.90
2024-09-26,"Consumer Staples",14,16,7,4,21,20,1,221,0.45
2024-09-26,"Energy",13,30,1,18,14,48,-34,270,-12.59
2024-09-26,"Financials",44,74,13,9,57,83,-26,891,-2.92
2024-09-26,"Healthcare",79,68,21,13,100,81,19,1068,1.78
2024-09-26,"Industrials",33,77,31,3,64,80,-16,892,-1.79
2024-09-26,"Materials",11,12,23,2,34,14,20,272,7.35
2024-09-26,"Real Estate",7,27,0,9,7,36,-29,291,-9.97
2024-09-26,"Semiconductors",8,7,14,0,22,7,15,114,13.16
2024-09-26,"Technology ex-Semis",16,30,20,2,36,32,4,384,1.04
2024-09-26,"Utilities",3,15,1,0,4,15,-11,120,-9.17
2024-09-27,"Communication/Media",12,27,9,3,21,30,-9,341,-2.64
2024-09-27,"Consumer Discretionary",15,54,28,3,43,57,-14,553,-2.53
2024-09-27,"Consumer Staples",11,21,10,3,21,24,-3,221,-1.36
2024-09-27,"Energy",23,11,3,1,26,12,14,270,5.19
2024-09-27,"Financials",37,73,8,8,45,81,-36,891,-4.04
2024-09-27,"Healthcare",74,92,19,15,93,107,-14,1068,-1.31
2024-09-27,"Industrials",25,85,23,5,48,90,-42,892,-4.71
2024-09-27,"Materials",4,56,10,2,14,58,-44,272,-16.18
2024-09-27,"Real Estate",6,25,4,4,10,29,-19,291,-6.53
2024-09-27,"Semiconductors",2,18,4,1,6,19,-13,114,-11.40
2024-09-27,"Technology ex-Semis",15,44,15,3,30,47,-17,384,-4.43
2024-09-27,"Utilities",6,4,1,2,7,6,1,120,0.83
2024-09-30,"Communication/Media",14,30,12,2,26,32,-6,341,-1.76
2024-09-30,"Consumer Discretionary",26,56,16,3,42,59,-17,553,-3.07
2024-09-30,"Consumer Staples",15,22,5,7,20,29,-9,221,-4.07
2024-09-30,"Energy",13,13,2,5,15,18,-3,270,-1.11
2024-09-30,"Financials",95,57,16,21,111,78,33,891,3.70
2024-09-30,"Healthcare",85,54,24,18,109,72,37,1068,3.46
2024-09-30,"Industrials",55,54,19,8,74,62,12,892,1.35
2024-09-30,"Materials",11,19,5,2,16,21,-5,272,-1.84
2024-09-30,"Real Estate",41,15,4,10,45,25,20,291,6.87
2024-09-30,"Semiconductors",2,9,3,0,5,9,-4,114,-3.51
2024-09-30,"Technology ex-Semis",28,29,11,3,39,32,7,384,1.82
2024-09-30,"Utilities",7,4,2,2,9,6,3,120,2.50
2024-10-01,"Communication/Media",17,33,2,2,19,35,-16,341,-4.69
2024-10-01,"Consumer Discretionary",17,49,5,11,22,60,-38,553,-6.87
2024-10-01,"Consumer Staples",15,20,3,4,18,24,-6,221,-2.71
2024-10-01,"Energy",34,14,16,2,50,16,34,270,12.59
2024-10-01,"Financials",38,73,8,34,46,107,-61,891,-6.85
2024-10-01,"Healthcare",59,92,15,34,74,126,-52,1068,-4.87
2024-10-01,"Industrials",49,77,15,7,64,84,-20,892,-2.24
2024-10-01,"Materials",8,33,1,1,9,34,-25,272,-9.19
2024-10-01,"Real Estate",7,17,3,18,10,35,-25,291,-8.59
2024-10-01,"Semiconductors",1,36,1,1,2,37,-35,114,-30.70
2024-10-01,"Technology ex-Semis",8,74,4,9,12,83,-71,384,-18.49
2024-10-01,"Utilities",6,9,1,0,7,9,-2,120,-1.67
2024-10-02,"Communication/Media",20,25,5,8,25,33,-8,341,-2.35
2024-10-02,"Consumer Discretionary",31,40,4,12,35,52,-17,553,-3.07
2024-10-02,"Consumer Staples",10,24,2,5,12,29,-17,221,-7.69
2024-10-02,"Energy",10,11,20,2,30,13,17,270,6.30
2024-10-02,"Financials",54,58,11,28,65,86,-21,891,-2.36
2024-10-02,"Healthcare",83,43,19,24,102,67,35,1068,3.28
2024-10-02,"Industrials",33,70,16,14,49,84,-35,892,-3.92
2024-10-02,"Materials",6,20,5,1,11,21,-10,272,-3.68
2024-10-02,"Real Estate",11,10,1,13,12,23,-11,291,-3.78
2024-10-02,"Semiconductors",9,4,0,0,9,4,5,114,4.39
2024-10-02,"Technology ex-Semis",33,16,2,3,35,19,16,384,4.17
2024-10-02,"Utilities",4,19,2,0,6,19,-13,120,-10.83
2024-10-03,"Communication/Media",17,24,2,12,19,36,-17,341,-4.99
2024-10-03,"Consumer Discretionary",32,35,2,20,34,55,-21,553,-3.80
2024-10-03,"Consumer Staples",8,15,2,16,10,31,-21,221,-9.50
2024-10-03,"Energy",13,10,32,0,45,10,35,270,12.96
2024-10-03,"Financials",105,28,6,53,111,81,30,891,3.37
2024-10-03,"Healthcare",40,84,8,29,48,113,-65,1068,-6.09
2024-10-03,"Industrials",44,73,6,18,50,91,-41,892,-4.60
2024-10-03,"Materials",13,14,0,8,13,22,-9,272,-3.31
2024-10-03,"Real Estate",27,13,3,12,30,25,5,291,1.72
2024-10-03,"Semiconductors",6,5,2,3,8,8,0,114,0.00
2024-10-03,"Technology ex-Semis",21,29,3,4,24,33,-9,384,-2.34
2024-10-03,"Utilities",3,18,2,6,5,24,-19,120,-15.83
2024-10-04,"Communication/Media",37,23,1,7,38,30,8,341,2.35
2024-10-04,"Consumer Discretionary",56,27,9,2,65,29,36,553,6.51
2024-10-04,"Consumer Staples",23,11,2,5,25,16,9,221,4.07
2024-10-04,"Energy",3,23,27,0,30,23,7,270,2.59
2024-10-04,"Financials",105,39,25,11,130,50,80,891,8.98
2024-10-04,"Healthcare",87,51,19,11,106,62,44,1068,4.12
2024-10-04,"Industrials",68,32,17,13,85,45,40,892,4.48
2024-10-04,"Materials",15,17,4,1,19,18,1,272,0.37
2024-10-04,"Real Estate",26,13,2,18,28,31,-3,291,-1.03
2024-10-04,"Semiconductors",4,8,4,0,8,8,0,114,0.00
2024-10-04,"Technology ex-Semis",30,19,6,1,36,20,16,384,4.17
2024-10-04,"Utilities",13,0,0,14,13,14,-1,120,-0.83
2024-10-07,"Communication/Media",16,34,2,9,18,43,-25,341,-7.33
2024-10-07,"Consumer Discretionary",25,43,9,16,34,59,-25,553,-4.52
2024-10-07,"Consumer Staples",14,16,0,5,14,21,-7,221,-3.17
2024-10-07,"Energy",8,18,10,1,18,19,-1,270,-0.37
2024-10-07,"Financials",62,80,11,33,73,113,-40,891,-4.49
2024-10-07,"Healthcare",46,100,8,45,54,145,-91,1068,-8.52
2024-10-07,"Industrials",75,47,17,9,92,56,36,892,4.04
2024-10-07,"Materials",12,18,5,1,17,19,-2,272,-0.74
2024-10-07,"Real Estate",22,12,0,15,22,27,-5,291,-1.72
2024-10-07,"Semiconductors",3,3,3,1,6,4,2,114,1.75
2024-10-07,"Technology ex-Semis",7,39,9,9,16,48,-32,384,-8.33
2024-10-07,"Utilities",3,11,0,13,3,24,-21,120,-17.50
2024-10-08,"Communication/Media",31,12,6,3,37,15,22,341,6.45
2024-10-08,"Consumer Discretionary",45,26,10,8,55,34,21,553,3.80
2024-10-08,"Consumer Staples",23,7,3,9,26,16,10,221,4.52
2024-10-08,"Energy",14,31,1,2,15,33,-18,270,-6.67
2024-10-08,"Financials",50,56,10,8,60,64,-4,891,-0.45
2024-10-08,"Healthcare",71,59,9,28,80,87,-7,1068,-0.66
2024-10-08,"Industrials",65,69,11,10,76,79,-3,892,-0.34
2024-10-08,"Materials",23,7,0,8,23,15,8,272,2.94
2024-10-08,"Real Estate",29,13,1,8,30,21,9,291,3.09
2024-10-08,"Semiconductors",6,7,2,0,8,7,1,114,0.88
2024-10-08,"Technology ex-Semis",38,23,12,3,50,26,24,384,6.25
2024-10-08,"Utilities",5,5,1,3,6,8,-2,120,-1.67
2024-10-09,"Communication/Media",28,27,6,4,34,31,3,341,0.88
2024-10-09,"Consumer Discretionary",41,41,6,8,47,49,-2,553,-0.36
2024-10-09,"Consumer Staples",11,16,1,2,12,18,-6,221,-2.71
2024-10-09,"Energy",11,10,0,4,11,14,-3,270,-1.11
2024-10-09,"Financials",78,42,13,11,91,53,38,891,4.26
2024-10-09,"Healthcare",83,73,18,25,101,98,3,1068,0.28
2024-10-09,"Industrials",55,47,16,10,71,57,14,892,1.57
2024-10-09,"Materials",22,11,2,6,24,17,7,272,2.57
2024-10-09,"Real Estate",24,13,2,1,26,14,12,291,4.12
2024-10-09,"Semiconductors",15,1,3,2,18,3,15,114,13.16
2024-10-09,"Technology ex-Semis",20,20,16,7,36,27,9,384,2.34
2024-10-09,"Utilities",3,6,0,2,3,8,-5,120,-4.17
2024-10-10,"Communication/Media",29,20,4,5,33,25,8,341,2.35
2024-10-10,"Consumer Discretionary",63,34,1,25,64,59,5,553,0.90
2024-10-10,"Consumer Staples",20,12,2,9,22,21,1,221,0.45
2024-10-10,"Energy",15,10,2,3,17,13,4,270,1.48
2024-10-10,"Financials",102,57,14,23,116,80,36,891,4.04
2024-10-10,"Healthcare",106,49,9,39,115,88,27,1068,2.53
2024-10-10,"Industrials",74,51,10,29,84,80,4,892,0.45
2024-10-10,"Materials",41,10,2,3,43,13,30,272,11.03
2024-10-10,"Real Estate",29,11,0,22,29,33,-4,291,-1.37
2024-10-10,"Semiconductors",10,3,0,4,10,7,3,114,2.63
2024-10-10,"Technology ex-Semis",20,19,9,10,29,29,0,384,0.00
2024-10-10,"Utilities",5,7,0,6,5,13,-8,120,-6.67
2024-10-11,"Communication/Media",41,18,8,6,49,24,25,341,7.33
2024-10-11,"Consumer Discretionary",93,20,10,8,103,28,75,553,13.56
2024-10-11,"Consumer Staples",30,7,0,2,30,9,21,221,9.50
2024-10-11,"Energy",12,13,1,1,13,14,-1,270,-0.37
2024-10-11,"Financials",106,33,55,6,161,39,122,891,13.69
2024-10-11,"Healthcare",191,31,14,11,205,42,163,1068,15.26
2024-10-11,"Industrials",148,30,24,6,172,36,136,892,15.25
2024-10-11,"Materials",23,12,5,3,28,15,13,272,4.78
2024-10-11,"Real Estate",56,8,2,3,58,11,47,291,16.15
2024-10-11,"Semiconductors",13,4,7,4,20,8,12,114,10.53
2024-10-11,"Technology ex-Semis",59,11,11,3,70,14,56,384,14.58
2024-10-11,"Utilities",39,2,1,2,40,4,36,120,30.00
2024-10-14,"Communication/Media",14,18,6,5,20,23,-3,341,-0.88
2024-10-14,"Consumer Discretionary",48,31,8,6,56,37,19,553,3.44
2024-10-14,"Consumer Staples",39,13,2,1,41,14,27,221,12.22
2024-10-14,"Energy",8,13,4,7,12,20,-8,270,-2.96
2024-10-14,"Financials",53,48,24,2,77,50,27,891,3.03
2024-10-14,"Healthcare",71,61,32,11,103,72,31,1068,2.90
2024-10-14,"Industrials",42,52,24,12,66,64,2,892,0.22
2024-10-14,"Materials",28,10,6,1,34,11,23,272,8.46
2024-10-14,"Real Estate",37,8,1,2,38,10,28,291,9.62
2024-10-14,"Semiconductors",6,5,9,1,15,6,9,114,7.89
2024-10-14,"Technology ex-Semis",18,19,17,1,35,20,15,384,3.91
2024-10-14,"Utilities",28,4,3,0,31,4,27,120,22.50
2024-10-15,"Communication/Media",21,29,10,3,31,32,-1,341,-0.29
2024-10-15,"Consumer Discretionary",22,64,12,11,34,75,-41,553,-7.41
2024-10-15,"Consumer Staples",4,26,7,12,11,38,-27,221,-12.22
2024-10-15,"Energy",6,25,0,23,6,48,-42,270,-15.56
2024-10-15,"Financials",12,110,83,3,95,113,-18,891,-2.02
2024-10-15,"Healthcare",67,79,40,16,107,95,12,1068,1.12
2024-10-15,"Industrials",18,153,26,17,44,170,-126,892,-14.13
2024-10-15,"Materials",8,24,5,7,13,31,-18,272,-6.62
2024-10-15,"Real Estate",16,23,10,3,26,26,0,291,0.00
2024-10-15,"Semiconductors",1,24,5,11,6,35,-29,114,-25.44
2024-10-15,"Technology ex-Semis",11,48,8,3,19,51,-32,384,-8.33
2024-10-15,"Utilities",3,7,12,0,15,7,8,120,6.67
2024-10-16,"Communication/Media",32,23,14,1,46,24,22,341,6.45
2024-10-16,"Consumer Discretionary",36,27,11,8,47,35,12,553,2.17
2024-10-16,"Consumer Staples",15,10,9,2,24,12,12,221,5.43
2024-10-16,"Energy",24,8,1,1,25,9,16,270,5.93
2024-10-16,"Financials",36,44,39,6,75,50,25,891,2.81
2024-10-16,"Healthcare",106,56,48,10,154,66,88,1068,8.24
2024-10-16,"Industrials",54,38,35,8,89,46,43,892,4.82
2024-10-16,"Materials",12,29,7,2,19,31,-12,272,-4.41
2024-10-16,"Real Estate",28,10,8,3,36,13,23,291,7.90
2024-10-16,"Semiconductors",6,11,1,5,7,16,-9,114,-7.89
2024-10-16,"Technology ex-Semis",26,21,18,1,44,22,22,384,5.73
2024-10-16,"Utilities",14,6,8,0,22,6,16,120,13.33
2024-10-17,"Communication/Media",23,22,10,4,33,26,7,341,2.05
2024-10-17,"Consumer Discretionary",32,33,17,9,49,42,7,553,1.27
2024-10-17,"Consumer Staples",10,14,4,2,14,16,-2,221,-0.90
2024-10-17,"Energy",39,19,2,4,41,23,18,270,6.67
2024-10-17,"Financials",27,63,36,5,63,68,-5,891,-0.56
2024-10-17,"Healthcare",48,124,21,14,69,138,-69,1068,-6.46
2024-10-17,"Industrials",32,69,24,15,56,84,-28,892,-3.14
2024-10-17,"Materials",10,11,9,6,19,17,2,272,0.74
2024-10-17,"Real Estate",7,15,4,1,11,16,-5,291,-1.72
2024-10-17,"Semiconductors",5,15,1,0,6,15,-9,114,-7.89
2024-10-17,"Technology ex-Semis",21,36,7,3,28,39,-11,384,-2.86
2024-10-17,"Utilities",2,13,1,1,3,14,-11,120,-9.17
2024-10-18,"Communication/Media",11,33,12,3,23,36,-13,341,-3.81
2024-10-18,"Consumer Discretionary",25,51,13,2,38,53,-15,553,-2.71
2024-10-18,"Consumer Staples",15,14,6,2,21,16,5,221,2.26
2024-10-18,"Energy",17,18,1,9,18,27,-9,270,-3.33
2024-10-18,"Financials",27,159,33,4,60,163,-103,891,-11.56
2024-10-18,"Healthcare",76,64,51,9,127,73,54,1068,5.06
2024-10-18,"Industrials",35,80,19,8,54,88,-34,892,-3.81
2024-10-18,"Materials",9,24,16,0,25,24,1,272,0.37
2024-10-18,"Real Estate",15,23,9,1,24,24,0,291,0.00
2024-10-18,"Semiconductors",4,11,0,3,4,14,-10,114,-8.77
2024-10-18,"Technology ex-Semis",6,39,13,5,19,44,-25,384,-6.51
2024-10-18,"Utilities",4,3,3,0,7,3,4,120,3.33
2024-10-21,"Communication/Media",13,55,6,4,19,59,-40,341,-11.73
2024-10-21,"Consumer Discretionary",19,98,12,18,31,116,-85,553,-15.37
2024-10-21,"Consumer Staples",5,38,2,4,7,42,-35,221,-15.84
2024-10-21,"Energy",4,32,2,4,6,36,-30,270,-11.11
2024-10-21,"Financials",20,194,6,24,26,218,-192,891,-21.55
2024-10-21,"Healthcare",36,159,40,17,76,176,-100,1068,-9.36
2024-10-21,"Industrials",22,135,13,17,35,152,-117,892,-13.12
2024-10-21,"Materials",5,55,9,10,14,65,-51,272,-18.75
2024-10-21,"Real Estate",5,69,5,10,10,79,-69,291,-23.71
2024-10-21,"Semiconductors",13,8,1,3,14,11,3,114,2.63
2024-10-21,"Technology ex-Semis",23,35,9,8,32,43,-11,384,-2.86
2024-10-21,"Utilities",0,21,3,4,3,25,-22,120,-18.33
2024-10-22,"Communication/Media",18,30,3,10,21,40,-19,341,-5.57
2024-10-22,"Consumer Discretionary",35,45,7,25,42,70,-28,553,-5.06
2024-10-22,"Consumer Staples",18,10,3,28,21,38,-17,221,-7.69
2024-10-22,"Energy",11,10,1,9,12,19,-7,270,-2.59
2024-10-22,"Financials",57,61,10,21,67,82,-15,891,-1.68
2024-10-22,"Healthcare",78,76,28,23,106,99,7,1068,0.66
2024-10-22,"Industrials",45,71,7,37,52,108,-56,892,-6.28
2024-10-22,"Materials",10,14,5,22,15,36,-21,272,-7.72
2024-10-22,"Real Estate",21,11,0,7,21,18,3,291,1.03
2024-10-22,"Semiconductors",10,2,1,2,11,4,7,114,6.14
2024-10-22,"Technology ex-Semis",18,32,5,7,23,39,-16,384,-4.17
2024-10-22,"Utilities",7,3,0,1,7,4,3,120,2.50
2024-10-23,"Communication/Media",13,32,2,8,15,40,-25,341,-7.33
2024-10-23,"Consumer Discretionary",23,38,7,34,30,72,-42,553,-7.59
2024-10-23,"Consumer Staples",16,12,1,13,17,25,-8,221,-3.62
2024-10-23,"Energy",18,13,1,17,19,30,-11,270,-4.07
2024-10-23,"Financials",45,44,11,25,56,69,-13,891,-1.46
2024-10-23,"Healthcare",41,88,18,29,59,117,-58,1068,-5.43
2024-10-23,"Industrials",37,41,11,41,48,82,-34,892,-3.81
2024-10-23,"Materials",11,12,1,12,12,24,-12,272,-4.41
2024-10-23,"Real Estate",22,15,9,13,31,28,3,291,1.03
2024-10-23,"Semiconductors",7,8,0,9,7,17,-10,114,-8.77
2024-10-23,"Technology ex-Semis",8,44,0,16,8,60,-52,384,-13.54
2024-10-23,"Utilities",8,2,3,6,11,8,3,120,2.50
2024-10-24,"Communication/Media",22,27,6,13,28,40,-12,341,-3.52
2024-10-24,"Consumer Discretionary",31,38,9,20,40,58,-18,553,-3.25
2024-10-24,"Consumer Staples",21,14,5,3,26,17,9,221,4.07
2024-10-24,"Energy",45,6,1,2,46,8,38,270,14.07
2024-10-24,"Financials",66,43,16,28,82,71,11,891,1.23
2024-10-24,"Healthcare",45,99,14,23,59,122,-63,1068,-5.90
2024-10-24,"Industrials",56,54,17,31,73,85,-12,892,-1.35
2024-10-24,"Materials",41,14,0,11,41,25,16,272,5.88
2024-10-24,"Real Estate",23,25,5,7,28,32,-4,291,-1.37
2024-10-24,"Semiconductors",13,4,1,1,14,5,9,114,7.89
2024-10-24,"Technology ex-Semis",13,24,6,10,19,34,-15,384,-3.91
2024-10-24,"Utilities",4,12,2,1,6,13,-7,120,-5.83
2024-10-25,"Communication/Media",14,38,5,11,19,49,-30,341,-8.80
2024-10-25,"Consumer Discretionary",31,63,14,15,45,78,-33,553,-5.97
2024-10-25,"Consumer Staples",3,25,6,6,9,31,-22,221,-9.95
2024-10-25,"Energy",14,22,2,2,16,24,-8,270,-2.96
2024-10-25,"Financials",17,123,14,25,31,148,-117,891,-13.13
2024-10-25,"Healthcare",41,120,17,29,58,149,-91,1068,-8.52
2024-10-25,"Industrials",29,86,14,21,43,107,-64,892,-7.17
2024-10-25,"Materials",4,28,4,2,8,30,-22,272,-8.09
2024-10-25,"Real Estate",3,63,1,10,4,73,-69,291,-23.71
2024-10-25,"Semiconductors",4,16,4,0,8,16,-8,114,-7.02
2024-10-25,"Technology ex-Semis",7,41,4,8,11,49,-38,384,-9.90
2024-10-25,"Utilities",2,27,1,1,3,28,-25,120,-20.83
2024-10-28,"Communication/Media",29,22,12,4,41,26,15,341,4.40
2024-10-28,"Consumer Discretionary",62,24,16,8,78,32,46,553,8.32
2024-10-28,"Consumer Staples",17,14,8,1,25,15,10,221,4.52
2024-10-28,"Energy",48,9,0,18,48,27,21,270,7.78
2024-10-28,"Financials",130,35,31,16,161,51,110,891,12.35
2024-10-28,"Healthcare",90,76,39,9,129,85,44,1068,4.12
2024-10-28,"Industrials",66,44,20,13,86,57,29,892,3.25
2024-10-28,"Materials",19,20,6,4,25,24,1,272,0.37
2024-10-28,"Real Estate",20,10,3,8,23,18,5,291,1.72
2024-10-28,"Semiconductors",12,11,6,0,18,11,7,114,6.14
2024-10-28,"Technology ex-Semis",30,28,9,4,39,32,7,384,1.82
2024-10-28,"Utilities",8,8,1,1,9,9,0,120,0.00
2024-10-29,"Communication/Media",27,28,10,3,37,31,6,341,1.76
2024-10-29,"Consumer Discretionary",47,34,9,21,56,55,1,553,0.18
2024-10-29,"Consumer Staples",22,15,5,8,27,23,4,221,1.81
2024-10-29,"Energy",13,15,1,13,14,28,-14,270,-5.19
2024-10-29,"Financials",74,63,15,19,89,82,7,891,0.79
2024-10-29,"Healthcare",72,83,25,25,97,108,-11,1068,-1.03
2024-10-29,"Industrials",92,56,16,24,108,80,28,892,3.14
2024-10-29,"Materials",14,17,1,16,15,33,-18,272,-6.62
2024-10-29,"Real Estate",36,11,5,17,41,28,13,291,4.47
2024-10-29,"Semiconductors",22,6,7,2,29,8,21,114,18.42
2024-10-29,"Technology ex-Semis",47,26,14,9,61,35,26,384,6.77
2024-10-29,"Utilities",7,14,2,6,9,20,-11,120,-9.17
2024-10-30,"Communication/Media",17,39,11,10,28,49,-21,341,-6.16
2024-10-30,"Consumer Discretionary",32,54,20,12,52,66,-14,553,-2.53
2024-10-30,"Consumer Staples",14,15,4,10,18,25,-7,221,-3.17
2024-10-30,"Energy",15,19,8,2,23,21,2,270,0.74
2024-10-30,"Financials",48,105,30,13,78,118,-40,891,-4.49
2024-10-30,"Healthcare",47,114,38,30,85,144,-59,1068,-5.52
2024-10-30,"Industrials",36,86,27,21,63,107,-44,892,-4.93
2024-10-30,"Materials",7,19,8,5,15,24,-9,272,-3.31
2024-10-30,"Real Estate",19,20,8,7,27,27,0,291,0.00
2024-10-30,"Semiconductors",4,18,0,5,4,23,-19,114,-16.67
2024-10-30,"Technology ex-Semis",13,63,16,7,29,70,-41,384,-10.68
2024-10-30,"Utilities",2,11,1,6,3,17,-14,120,-11.67
2024-10-31,"Communication/Media",16,38,8,14,24,52,-28,341,-8.21
2024-10-31,"Consumer Discretionary",17,79,11,26,28,105,-77,553,-13.92
2024-10-31,"Consumer Staples",3,24,5,10,8,34,-26,221,-11.76
2024-10-31,"Energy",11,18,3,12,14,30,-16,270,-5.93
2024-10-31,"Financials",35,187,15,31,50,218,-168,891,-18.86
2024-10-31,"Healthcare",41,121,18,57,59,178,-119,1068,-11.14
2024-10-31,"Industrials",35,97,16,51,51,148,-97,892,-10.87
2024-10-31,"Materials",15,29,2,16,17,45,-28,272,-10.29
2024-10-31,"Real Estate",11,46,11,13,22,59,-37,291,-12.71
2024-10-31,"Semiconductors",4,19,0,22,4,41,-37,114,-32.46
2024-10-31,"Technology ex-Semis",11,59,4,19,15,78,-63,384,-16.41
2024-10-31,"Utilities",5,10,0,5,5,15,-10,120,-8.33
2024-11-01,"Communication/Media",15,22,6,9,21,31,-10,341,-2.93
2024-11-01,"Consumer Discretionary",30,31,8,10,38,41,-3,553,-0.54
2024-11-01,"Consumer Staples",20,13,5,1,25,14,11,221,4.98
2024-11-01,"Energy",5,40,2,23,7,63,-56,270,-20.74
2024-11-01,"Financials",29,67,12,33,41,100,-59,891,-6.62
2024-11-01,"Healthcare",92,63,28,18,120,81,39,1068,3.65
2024-11-01,"Industrials",31,49,20,28,51,77,-26,892,-2.91
2024-11-01,"Materials",19,15,1,7,20,22,-2,272,-0.74
2024-11-01,"Real Estate",6,25,2,21,8,46,-38,291,-13.06
2024-11-01,"Semiconductors",8,6,2,3,10,9,1,114,0.88
2024-11-01,"Technology ex-Semis",22,26,1,11,23,37,-14,384,-3.65
2024-11-01,"Utilities",1,12,6,16,7,28,-21,120,-17.50
2024-11-04,"Communication/Media",21,31,2,8,23,39,-16,341,-4.69
2024-11-04,"Consumer Discretionary",37,33,15,10,52,43,9,553,1.63
2024-11-04,"Consumer Staples",11,18,8,5,19,23,-4,221,-1.81
2024-11-04,"Energy",32,9,3,1,35,10,25,270,9.26
2024-11-04,"Financials",78,54,10,32,88,86,2,891,0.22
2024-11-04,"Healthcare",72,81,33,21,105,102,3,1068,0.28
2024-11-04,"Industrials",52,53,15,16,67,69,-2,892,-0.22
2024-11-04,"Materials",14,16,6,8,20,24,-4,272,-1.47
2024-11-04,"Real Estate",45,10,2,11,47,21,26,291,8.93
2024-11-04,"Semiconductors",3,12,2,6,5,18,-13,114,-11.40
2024-11-04,"Technology ex-Semis",29,18,6,10,35,28,7,384,1.82
2024-11-04,"Utilities",17,5,1,12,18,17,1,120,0.83
2024-11-05,"Communication/Media",45,17,8,3,53,20,33,341,9.68
2024-11-05,"Consumer Discretionary",89,11,18,8,107,19,88,553,15.91
2024-11-05,"Consumer Staples",40,6,12,1,52,7,45,221,20.36
2024-11-05,"Energy",33,2,7,0,40,2,38,270,14.07
2024-11-05,"Financials",172,28,18,12,190,40,150,891,16.84
2024-11-05,"Healthcare",145,48,31,20,176,68,108,1068,10.11
2024-11-05,"Industrials",144,22,29,10,173,32,141,892,15.81
2024-11-05,"Materials",48,5,5,5,53,10,43,272,15.81
2024-11-05,"Real Estate",58,8,8,7,66,15,51,291,17.53
2024-11-05,"Semiconductors",27,5,3,5,30,10,20,114,17.54
2024-11-05,"Technology ex-Semis",56,12,10,4,66,16,50,384,13.02
2024-11-05,"Utilities",50,3,3,4,53,7,46,120,38.33
2024-11-06,"Communication/Media",26,33,31,6,57,39,18,341,5.28
2024-11-06,"Consumer Discretionary",39,52,77,16,116,68,48,553,8.68
2024-11-06,"Consumer Staples",13,20,13,7,26,27,-1,221,-0.45
2024-11-06,"Energy",28,7,55,4,83,11,72,270,26.67
2024-11-06,"Financials",52,28,235,18,287,46,241,891,27.05
2024-11-06,"Healthcare",68,62,88,24,156,86,70,1068,6.55
2024-11-06,"Industrials",56,44,158,25,214,69,145,892,16.26
2024-11-06,"Materials",29,8,34,19,63,27,36,272,13.24
2024-11-06,"Real Estate",11,31,44,11,55,42,13,291,4.47
2024-11-06,"Semiconductors",17,10,13,3,30,13,17,114,14.91
2024-11-06,"Technology ex-Semis",21,19,49,4,70,23,47,384,12.24
2024-11-06,"Utilities",11,4,19,7,30,11,19,120,15.83
2024-11-07,"Communication/Media",16,24,20,13,36,37,-1,341,-0.29
2024-11-07,"Consumer Discretionary",18,43,19,8,37,51,-14,553,-2.53
2024-11-07,"Consumer Staples",13,23,7,6,20,29,-9,221,-4.07
2024-11-07,"Energy",17,22,14,3,31,25,6,270,2.22
2024-11-07,"Financials",34,154,19,10,53,164,-111,891,-12.46
2024-11-07,"Healthcare",44,129,47,24,91,153,-62,1068,-5.81
2024-11-07,"Industrials",25,99,28,14,53,113,-60,892,-6.73
2024-11-07,"Materials",19,21,6,5,25,26,-1,272,-0.37
2024-11-07,"Real Estate",29,17,14,2,43,19,24,291,8.25
2024-11-07,"Semiconductors",3,6,6,1,9,7,2,114,1.75
2024-11-07,"Technology ex-Semis",16,14,30,8,46,22,24,384,6.25
2024-11-07,"Utilities",5,14,7,2,12,16,-4,120,-3.33
2024-11-08,"Communication/Media",34,19,6,19,40,38,2,341,0.59
2024-11-08,"Consumer Discretionary",31,48,13,14,44,62,-18,553,-3.25
2024-11-08,"Consumer Staples",14,8,7,5,21,13,8,221,3.62
2024-11-08,"Energy",14,22,6,6,20,28,-8,270,-2.96
2024-11-08,"Financials",41,54,25,12,66,66,0,891,0.00
2024-11-08,"Healthcare",53,77,34,33,87,110,-23,1068,-2.15
2024-11-08,"Industrials",44,55,25,22,69,77,-8,892,-0.90
2024-11-08,"Materials",15,18,2,6,17,24,-7,272,-2.57
2024-11-08,"Real Estate",34,11,14,6,48,17,31,291,10.65
2024-11-08,"Semiconductors",9,8,6,2,15,10,5,114,4.39
2024-11-08,"Technology ex-Semis",16,28,12,6,28,34,-6,384,-1.56
2024-11-08,"Utilities",12,10,3,0,15,10,5,120,4.17
2024-11-11,"Communication/Media",10,21,9,4,19,25,-6,341,-1.76
2024-11-11,"Consumer Discretionary",29,39,15,9,44,48,-4,553,-0.72
2024-11-11,"Consumer Staples",13,19,6,0,19,19,0,221,0.00
2024-11-11,"Energy",22,9,8,4,30,13,17,270,6.30
2024-11-11,"Financials",30,89,34,8,64,97,-33,891,-3.70
2024-11-11,"Healthcare",46,92,29,18,75,110,-35,1068,-3.28
2024-11-11,"Industrials",28,59,24,15,52,74,-22,892,-2.47
2024-11-11,"Materials",26,25,5,26,31,51,-20,272,-7.35
2024-11-11,"Real Estate",12,41,9,6,21,47,-26,291,-8.93
2024-11-11,"Semiconductors",7,12,2,5,9,17,-8,114,-7.02
2024-11-11,"Technology ex-Semis",16,21,25,6,41,27,14,384,3.65
2024-11-11,"Utilities",12,11,3,1,15,12,3,120,2.50
2024-11-12,"Communication/Media",13,31,6,13,19,44,-25,341,-7.33
2024-11-12,"Consumer Discretionary",23,70,12,12,35,82,-47,553,-8.50
2024-11-12,"Consumer Staples",14,34,4,5,18,39,-21,221,-9.50
2024-11-12,"Energy",4,45,6,3,10,48,-38,270,-14.07
2024-11-12,"Financials",23,109,12,14,35,123,-88,891,-9.88
2024-11-12,"Healthcare",45,139,32,46,77,185,-108,1068,-10.11
2024-11-12,"Industrials",34,107,12,12,46,119,-73,892,-8.18
2024-11-12,"Materials",13,40,0,12,13,52,-39,272,-14.34
2024-11-12,"Real Estate",9,72,1,9,10,81,-71,291,-24.40
2024-11-12,"Semiconductors",2,12,2,3,4,15,-11,114,-9.65
2024-11-12,"Technology ex-Semis",9,41,12,6,21,47,-26,384,-6.77
2024-11-12,"Utilities",1,20,4,2,5,22,-17,120,-14.17
2024-11-13,"Communication/Media",18,41,9,11,27,52,-25,341,-7.33
2024-11-13,"Consumer Discretionary",19,59,8,14,27,73,-46,553,-8.32
2024-11-13,"Consumer Staples",12,19,5,7,17,26,-9,221,-4.07
2024-11-13,"Energy",17,28,6,7,23,35,-12,270,-4.44
2024-11-13,"Financials",15,190,11,20,26,210,-184,891,-20.65
2024-11-13,"Healthcare",28,147,17,47,45,194,-149,1068,-13.95
2024-11-13,"Industrials",22,120,14,18,36,138,-102,892,-11.43
2024-11-13,"Materials",3,22,2,8,5,30,-25,272,-9.19
2024-11-13,"Real Estate",10,37,2,6,12,43,-31,291,-10.65
2024-11-13,"Semiconductors",2,13,4,4,6,17,-11,114,-9.65
2024-11-13,"Technology ex-Semis",6,68,9,8,15,76,-61,384,-15.89
2024-11-13,"Utilities",5,11,1,3,6,14,-8,120,-6.67
2024-11-14,"Communication/Media",20,27,6,9,26,36,-10,341,-2.93
2024-11-14,"Consumer Discretionary",23,66,5,12,28,78,-50,553,-9.04
2024-11-14,"Consumer Staples",7,32,7,10,14,42,-28,221,-12.67
2024-11-14,"Energy",21,14,4,3,25,17,8,270,2.96
2024-11-14,"Financials",31,96,3,9,34,105,-71,891,-7.97
2024-11-14,"Healthcare",36,115,12,76,48,191,-143,1068,-13.39
2024-11-14,"Industrials",33,90,7,34,40,124,-84,892,-9.42
2024-11-14,"Materials",25,11,1,14,26,25,1,272,0.37
2024-11-14,"Real Estate",8,34,1,7,9,41,-32,291,-11.00
2024-11-14,"Semiconductors",5,9,0,2,5,11,-6,114,-5.26
2024-11-14,"Technology ex-Semis",13,63,3,10,16,73,-57,384,-14.84
2024-11-14,"Utilities",4,9,2,3,6,12,-6,120,-5.00
2024-11-15,"Communication/Media",12,34,3,15,15,49,-34,341,-9.97
2024-11-15,"Consumer Discretionary",18,42,4,17,22,59,-37,553,-6.69
2024-11-15,"Consumer Staples",8,18,4,9,12,27,-15,221,-6.79
2024-11-15,"Energy",3,35,6,10,9,45,-36,270,-13.33
2024-11-15,"Financials",46,66,7,19,53,85,-32,891,-3.59
2024-11-15,"Healthcare",41,83,6,104,47,187,-140,1068,-13.11
2024-11-15,"Industrials",27,57,7,25,34,82,-48,892,-5.38
2024-11-15,"Materials",13,17,6,6,19,23,-4,272,-1.47
2024-11-15,"Real Estate",22,18,0,16,22,34,-12,291,-4.12
2024-11-15,"Semiconductors",2,7,0,8,2,15,-13,114,-11.40
2024-11-15,"Technology ex-Semis",12,39,0,22,12,61,-49,384,-12.76
2024-11-15,"Utilities",12,3,1,5,13,8,5,120,4.17
2024-11-18,"Communication/Media",24,19,5,11,29,30,-1,341,-0.29
2024-11-18,"Consumer Discretionary",38,38,2,9,40,47,-7,553,-1.27
2024-11-18,"Consumer Staples",12,9,3,5,15,14,1,221,0.45
2024-11-18,"Energy",14,4,4,3,18,7,11,270,4.07
2024-11-18,"Financials",37,67,4,13,41,80,-39,891,-4.38
2024-11-18,"Healthcare",66,47,8,50,74,97,-23,1068,-2.15
2024-11-18,"Industrials",48,38,2,18,50,56,-6,892,-0.67
2024-11-18,"Materials",28,20,4,5,32,25,7,272,2.57
2024-11-18,"Real Estate",38,7,1,13,39,20,19,291,6.53
2024-11-18,"Semiconductors",14,4,1,1,15,5,10,114,8.77
2024-11-18,"Technology ex-Semis",12,24,3,7,15,31,-16,384,-4.17
2024-11-18,"Utilities",8,1,2,1,10,2,8,120,6.67
2024-11-19,"Communication/Media",39,10,5,7,44,17,27,341,7.92
2024-11-19,"Consumer Discretionary",56,19,8,15,64,34,30,553,5.42
2024-11-19,"Consumer Staples",27,5,0,7,27,12,15,221,6.79
2024-11-19,"Energy",16,9,7,2,23,11,12,270,4.44
2024-11-19,"Financials",96,30,9,14,105,44,61,891,6.85
2024-11-19,"Healthcare",150,25,6,25,156,50,106,1068,9.93
2024-11-19,"Industrials",96,18,11,14,107,32,75,892,8.41
2024-11-19,"Materials",36,12,4,3,40,15,25,272,9.19
2024-11-19,"Real Estate",56,5,2,5,58,10,48,291,16.49
2024-11-19,"Semiconductors",13,4,0,2,13,6,7,114,6.14
2024-11-19,"Technology ex-Semis",45,10,7,6,52,16,36,384,9.38
2024-11-19,"Utilities",10,1,2,3,12,4,8,120,6.67
2024-11-20,"Communication/Media",23,16,1,4,24,20,4,341,1.17
2024-11-20,"Consumer Discretionary",53,20,6,13,59,33,26,553,4.70
2024-11-20,"Consumer Staples",34,6,2,0,36,6,30,221,13.57
2024-11-20,"Energy",13,10,4,1,17,11,6,270,2.22
2024-11-20,"Financials",60,39,8,17,68,56,12,891,1.35
2024-11-20,"Healthcare",100,40,12,18,112,58,54,1068,5.06
2024-11-20,"Industrials",68,36,9,11,77,47,30,892,3.36
2024-11-20,"Materials",23,8,1,1,24,9,15,272,5.51
2024-11-20,"Real Estate",20,9,1,5,21,14,7,291,2.41
2024-11-20,"Semiconductors",13,1,1,1,14,2,12,114,10.53
2024-11-20,"Technology ex-Semis",26,23,7,3,33,26,7,384,1.82
2024-11-20,"Utilities",7,4,0,0,7,4,3,120,2.50
2024-11-21,"Communication/Media",38,13,5,6,43,19,24,341,7.04
2024-11-21,"Consumer Discretionary",69,14,11,4,80,18,62,553,11.21
2024-11-21,"Consumer Staples",20,10,8,0,28,10,18,221,8.14
2024-11-21,"Energy",15,11,10,1,25,12,13,270,4.81
2024-11-21,"Financials",56,47,16,4,72,51,21,891,2.36
2024-11-21,"Healthcare",93,48,10,10,103,58,45,1068,4.21
2024-11-21,"Industrials",73,35,16,17,89,52,37,892,4.15
2024-11-21,"Materials",34,8,6,0,40,8,32,272,11.76
2024-11-21,"Real Estate",26,16,6,2,32,18,14,291,4.81
2024-11-21,"Semiconductors",15,2,3,0,18,2,16,114,14.04
2024-11-21,"Technology ex-Semis",21,12,15,2,36,14,22,384,5.73
2024-11-21,"Utilities",10,0,5,0,15,0,15,120,12.50
2024-11-22,"Communication/Media",21,17,3,4,24,21,3,341,0.88
2024-11-22,"Consumer Discretionary",53,18,21,5,74,23,51,553,9.22
2024-11-22,"Consumer Staples",17,11,4,1,21,12,9,221,4.07
2024-11-22,"Energy",14,16,12,3,26,19,7,270,2.59
2024-11-22,"Financials",51,39,25,3,76,42,34,891,3.82
2024-11-22,"Healthcare",94,45,15,6,109,51,58,1068,5.43
2024-11-22,"Industrials",75,25,25,3,100,28,72,892,8.07
2024-11-22,"Materials",13,14,3,0,16,14,2,272,0.74
2024-11-22,"Real Estate",20,24,10,2,30,26,4,291,1.37
2024-11-22,"Semiconductors",16,5,2,0,18,5,13,114,11.40
2024-11-22,"Technology ex-Semis",26,12,13,0,39,12,27,384,7.03
2024-11-22,"Utilities",2,16,3,0,5,16,-11,120,-9.17
2024-11-25,"Communication/Media",13,33,8,4,21,37,-16,341,-4.69
2024-11-25,"Consumer Discretionary",32,46,48,2,80,48,32,553,5.79
2024-11-25,"Consumer Staples",10,21,29,0,39,21,18,221,8.14
2024-11-25,"Energy",5,57,10,2,15,59,-44,270,-16.30
2024-11-25,"Financials",19,151,82,3,101,154,-53,891,-5.95
2024-11-25,"Healthcare",48,102,25,5,73,107,-34,1068,-3.18
2024-11-25,"Industrials",25,65,64,2,89,67,22,892,2.47
2024-11-25,"Materials",8,18,12,2,20,20,0,272,0.00
2024-11-25,"Real Estate",10,43,27,2,37,45,-8,291,-2.75
2024-11-25,"Semiconductors",4,12,15,1,19,13,6,114,5.26
2024-11-25,"Technology ex-Semis",7,42,24,1,31,43,-12,384,-3.13
2024-11-25,"Utilities",1,9,4,0,5,9,-4,120,-3.33
2024-11-26,"Communication/Media",17,21,8,0,25,21,4,341,1.17
2024-11-26,"Consumer Discretionary",17,55,10,7,27,62,-35,553,-6.33
2024-11-26,"Consumer Staples",6,25,4,3,10,28,-18,221,-8.14
2024-11-26,"Energy",6,23,1,3,7,26,-19,270,-7.04
2024-11-26,"Financials",37,78,8,6,45,84,-39,891,-4.38
2024-11-26,"Healthcare",59,58,26,4,85,62,23,1068,2.15
2024-11-26,"Industrials",23,79,15,6,38,85,-47,892,-5.27
2024-11-26,"Materials",10,17,0,2,10,19,-9,272,-3.31
2024-11-26,"Real Estate",20,19,6,3,26,22,4,291,1.37
2024-11-26,"Semiconductors",1,22,2,1,3,23,-20,114,-17.54
2024-11-26,"Technology ex-Semis",9,32,7,1,16,33,-17,384,-4.43
2024-11-26,"Utilities",1,14,4,3,5,17,-12,120,-10.00
2024-11-27,"Communication/Media",13,28,5,3,18,31,-13,341,-3.81
2024-11-27,"Consumer Discretionary",19,59,13,1,32,60,-28,553,-5.06
2024-11-27,"Consumer Staples",7,30,3,1,10,31,-21,221,-9.50
2024-11-27,"Energy",2,24,6,2,8,26,-18,270,-6.67
2024-11-27,"Financials",24,80,14,2,38,82,-44,891,-4.94
2024-11-27,"Healthcare",67,65,17,9,84,74,10,1068,0.94
2024-11-27,"Industrials",24,106,10,6,34,112,-78,892,-8.74
2024-11-27,"Materials",5,30,5,1,10,31,-21,272,-7.72
2024-11-27,"Real Estate",8,36,11,2,19,38,-19,291,-6.53
2024-11-27,"Semiconductors",3,7,1,2,4,9,-5,114,-4.39
2024-11-27,"Technology ex-Semis",24,32,7,3,31,35,-4,384,-1.04
2024-11-27,"Utilities",0,13,8,1,8,14,-6,120,-5.00
2024-11-29,"Communication/Media",20,25,7,3,27,28,-1,341,-0.29
2024-11-29,"Consumer Discretionary",24,55,7,3,31,58,-27,553,-4.88
2024-11-29,"Consumer Staples",7,22,1,1,8,23,-15,221,-6.79
2024-11-29,"Energy",10,15,2,2,12,17,-5,270,-1.85
2024-11-29,"Financials",30,63,14,6,44,69,-25,891,-2.81
2024-11-29,"Healthcare",49,92,25,3,74,95,-21,1068,-1.97
2024-11-29,"Industrials",31,69,4,3,35,72,-37,892,-4.15
2024-11-29,"Materials",12,25,4,0,16,25,-9,272,-3.31
2024-11-29,"Real Estate",10,69,3,0,13,69,-56,291,-19.24
2024-11-29,"Semiconductors",6,8,5,0,11,8,3,114,2.63
2024-11-29,"Technology ex-Semis",6,38,5,1,11,39,-28,384,-7.29
2024-11-29,"Utilities",3,15,1,5,4,20,-16,120,-13.33
2024-12-02,"Communication/Media",17,25,14,2,31,27,4,341,1.17
2024-12-02,"Consumer Discretionary",40,41,14,1,54,42,12,553,2.17
2024-12-02,"Consumer Staples",20,8,1,0,21,8,13,221,5.88
2024-12-02,"Energy",15,18,2,2,17,20,-3,270,-1.11
2024-12-02,"Financials",40,102,7,7,47,109,-62,891,-6.96
2024-12-02,"Healthcare",53,114,25,8,78,122,-44,1068,-4.12
2024-12-02,"Industrials",46,74,13,5,59,79,-20,892,-2.24
2024-12-02,"Materials",17,23,3,1,20,24,-4,272,-1.47
2024-12-02,"Real Estate",19,37,3,1,22,38,-16,291,-5.50
2024-12-02,"Semiconductors",4,6,6,0,10,6,4,114,3.51
2024-12-02,"Technology ex-Semis",17,31,11,0,28,31,-3,384,-0.78
2024-12-02,"Utilities",7,25,2,0,9,25,-16,120,-13.33
2024-12-03,"Communication/Media",13,33,10,5,23,38,-15,341,-4.40
2024-12-03,"Consumer Discretionary",25,47,10,9,35,56,-21,553,-3.80
2024-12-03,"Consumer Staples",11,27,2,1,13,28,-15,221,-6.79
2024-12-03,"Energy",20,19,5,3,25,22,3,270,1.11
2024-12-03,"Financials",20,106,9,4,29,110,-81,891,-9.09
2024-12-03,"Healthcare",31,144,15,12,46,156,-110,1068,-10.30
2024-12-03,"Industrials",48,73,12,5,60,78,-18,892,-2.02
2024-12-03,"Materials",16,36,5,3,21,39,-18,272,-6.62
2024-12-03,"Real Estate",9,57,4,1,13,58,-45,291,-15.46
2024-12-03,"Semiconductors",0,9,5,0,5,9,-4,114,-3.51
2024-12-03,"Technology ex-Semis",23,29,5,0,28,29,-1,384,-0.26
2024-12-03,"Utilities",2,22,1,3,3,25,-22,120,-18.33
2024-12-04,"Communication/Media",18,40,11,3,29,43,-14,341,-4.11
2024-12-04,"Consumer Discretionary",26,36,9,7,35,43,-8,553,-1.45
2024-12-04,"Consumer Staples",12,12,5,1,17,13,4,221,1.81
2024-12-04,"Energy",6,22,0,11,6,33,-27,270,-10.00
2024-12-04,"Financials",60,46,5,7,65,53,12,891,1.35
2024-12-04,"Healthcare",59,79,22,16,81,95,-14,1068,-1.31
2024-12-04,"Industrials",50,40,15,5,65,45,20,892,2.24
2024-12-04,"Materials",13,29,8,1,21,30,-9,272,-3.31
2024-12-04,"Real Estate",11,15,1,2,12,17,-5,291,-1.72
2024-12-04,"Semiconductors",1,26,2,1,3,27,-24,114,-21.05
2024-12-04,"Technology ex-Semis",18,24,9,4,27,28,-1,384,-0.26
2024-12-04,"Utilities",6,6,0,5,6,11,-5,120,-4.17
2024-12-05,"Communication/Media",10,44,4,5,14,49,-35,341,-10.26
2024-12-05,"Consumer Discretionary",15,80,10,15,25,95,-70,553,-12.66
2024-12-05,"Consumer Staples",5,23,8,4,13,27,-14,221,-6.33
2024-12-05,"Energy",12,15,2,9,14,24,-10,270,-3.70
2024-12-05,"Financials",25,89,10,12,35,101,-66,891,-7.41
2024-12-05,"Healthcare",25,143,9,20,34,163,-129,1068,-12.08
2024-12-05,"Industrials",32,110,14,16,46,126,-80,892,-8.97
2024-12-05,"Materials",12,28,1,11,13,39,-26,272,-9.56
2024-12-05,"Real Estate",11,17,0,8,11,25,-14,291,-4.81
2024-12-05,"Semiconductors",0,27,2,0,2,27,-25,114,-21.93
2024-12-05,"Technology ex-Semis",6,58,5,7,11,65,-54,384,-14.06
2024-12-05,"Utilities",2,8,0,3,2,11,-9,120,-7.50
2024-12-06,"Communication/Media",26,19,5,0,31,19,12,341,3.52
2024-12-06,"Consumer Discretionary",35,61,16,6,51,67,-16,553,-2.89
2024-12-06,"Consumer Staples",9,26,4,8,13,34,-21,221,-9.50
2024-12-06,"Energy",6,22,2,40,8,62,-54,270,-20.00
2024-12-06,"Financials",62,58,5,13,67,71,-4,891,-0.45
2024-12-06,"Healthcare",97,54,14,18,111,72,39,1068,3.65
2024-12-06,"Industrials",53,57,7,20,60,77,-17,892,-1.91
2024-12-06,"Materials",6,27,6,6,12,33,-21,272,-7.72
2024-12-06,"Real Estate",16,31,7,14,23,45,-22,291,-7.56
2024-12-06,"Semiconductors",14,2,3,2,17,4,13,114,11.40
2024-12-06,"Technology ex-Semis",18,28,9,4,27,32,-5,384,-1.30
2024-12-06,"Utilities",5,11,0,7,5,18,-13,120,-10.83
2024-12-09,"Communication/Media",12,54,20,10,32,64,-32,341,-9.38
2024-12-09,"Consumer Discretionary",20,76,26,10,46,86,-40,553,-7.23
2024-12-09,"Consumer Staples",17,19,8,3,25,22,3,221,1.36
2024-12-09,"Energy",8,20,3,7,11,27,-16,270,-5.93
2024-12-09,"Financials",31,91,22,34,53,125,-72,891,-8.08
2024-12-09,"Healthcare",51,109,36,25,87,134,-47,1068,-4.40
2024-12-09,"Industrials",36,102,24,28,60,130,-70,892,-7.85
2024-12-09,"Materials",3,37,17,3,20,40,-20,272,-7.35
2024-12-09,"Real Estate",22,19,8,4,30,23,7,291,2.41
2024-12-09,"Semiconductors",3,14,9,1,12,15,-3,114,-2.63
2024-12-09,"Technology ex-Semis",11,69,10,6,21,75,-54,384,-14.06
2024-12-09,"Utilities",3,9,0,8,3,17,-14,120,-11.67
2024-12-10,"Communication/Media",19,32,6,7,25,39,-14,341,-4.11
2024-12-10,"Consumer Discretionary",37,40,8,15,45,55,-10,553,-1.81
2024-12-10,"Consumer Staples",15,18,5,6,20,24,-4,221,-1.81
2024-12-10,"Energy",12,13,2,8,14,21,-7,270,-2.59
2024-12-10,"Financials",51,56,4,75,55,131,-76,891,-8.53
2024-12-10,"Healthcare",61,92,23,22,84,114,-30,1068,-2.81
2024-12-10,"Industrials",40,53,9,31,49,84,-35,892,-3.92
2024-12-10,"Materials",15,29,2,15,17,44,-27,272,-9.93
2024-12-10,"Real Estate",13,23,2,14,15,37,-22,291,-7.56
2024-12-10,"Semiconductors",2,23,0,1,2,24,-22,114,-19.30
2024-12-10,"Technology ex-Semis",13,40,7,11,20,51,-31,384,-8.07
2024-12-10,"Utilities",18,2,0,19,18,21,-3,120,-2.50
2024-12-11,"Communication/Media",17,20,5,2,22,22,0,341,0.00
2024-12-11,"Consumer Discretionary",24,51,17,7,41,58,-17,553,-3.07
2024-12-11,"Consumer Staples",6,28,0,6,6,34,-28,221,-12.67
2024-12-11,"Energy",47,6,1,4,48,10,38,270,14.07
2024-12-11,"Financials",56,57,7,15,63,72,-9,891,-1.01
2024-12-11,"Healthcare",53,73,20,26,73,99,-26,1068,-2.43
2024-12-11,"Industrials",50,74,14,14,64,88,-24,892,-2.69
2024-12-11,"Materials",18,12,13,4,31,16,15,272,5.51
2024-12-11,"Real Estate",10,19,5,10,15,29,-14,291,-4.81
2024-12-11,"Semiconductors",5,8,3,0,8,8,0,114,0.00
2024-12-11,"Technology ex-Semis",12,21,2,4,14,25,-11,384,-2.86
2024-12-11,"Utilities",4,9,2,4,6,13,-7,120,-5.83
2024-12-12,"Communication/Media",12,26,9,9,21,35,-14,341,-4.11
2024-12-12,"Consumer Discretionary",13,65,2,8,15,73,-58,553,-10.49
2024-12-12,"Consumer Staples",9,17,2,4,11,21,-10,221,-4.52
2024-12-12,"Energy",12,18,3,4,15,22,-7,270,-2.59
2024-12-12,"Financials",29,88,7,16,36,104,-68,891,-7.63
2024-12-12,"Healthcare",24,98,13,39,37,137,-100,1068,-9.36
2024-12-12,"Industrials",37,82,6,25,43,107,-64,892,-7.17
2024-12-12,"Materials",10,34,2,11,12,45,-33,272,-12.13
2024-12-12,"Real Estate",9,33,1,9,10,42,-32,291,-11.00
2024-12-12,"Semiconductors",7,11,1,2,8,13,-5,114,-4.39
2024-12-12,"Technology ex-Semis",16,37,2,6,18,43,-25,384,-6.51
2024-12-12,"Utilities",2,13,0,1,2,14,-12,120,-10.00
2024-12-13,"Communication/Media",20,25,4,10,24,35,-11,341,-3.23
2024-12-13,"Consumer Discretionary",37,44,4,15,41,59,-18,553,-3.25
2024-12-13,"Consumer Staples",14,10,3,11,17,21,-4,221,-1.81
2024-12-13,"Energy",14,14,2,12,16,26,-10,270,-3.70
2024-12-13,"Financials",80,45,1,34,81,79,2,891,0.22
2024-12-13,"Healthcare",72,61,6,50,78,111,-33,1068,-3.09
2024-12-13,"Industrials",58,34,5,33,63,67,-4,892,-0.45
2024-12-13,"Materials",17,23,1,24,18,47,-29,272,-10.66
2024-12-13,"Real Estate",52,8,3,12,55,20,35,291,12.03
2024-12-13,"Semiconductors",3,6,0,0,3,6,-3,114,-2.63
2024-12-13,"Technology ex-Semis",15,48,2,6,17,54,-37,384,-9.64
2024-12-13,"Utilities",10,1,0,3,10,4,6,120,5.00
2024-12-16,"Communication/Media",24,23,4,4,28,27,1,341,0.29
2024-12-16,"Consumer Discretionary",33,38,11,27,44,65,-21,553,-3.80
2024-12-16,"Consumer Staples",13,21,0,5,13,26,-13,221,-5.88
2024-12-16,"Energy",10,16,0,14,10,30,-20,270,-7.41
2024-12-16,"Financials",95,48,9,27,104,75,29,891,3.25
2024-12-16,"Healthcare",72,60,23,21,95,81,14,1068,1.31
2024-12-16,"Industrials",67,38,13,21,80,59,21,892,2.35
2024-12-16,"Materials",8,19,3,15,11,34,-23,272,-8.46
2024-12-16,"Real Estate",12,20,10,3,22,23,-1,291,-0.34
2024-12-16,"Semiconductors",5,6,8,2,13,8,5,114,4.39
2024-12-16,"Technology ex-Semis",33,18,7,4,40,22,18,384,4.69
2024-12-16,"Utilities",4,4,1,4,5,8,-3,120,-2.50
2024-12-17,"Communication/Media",25,21,4,12,29,33,-4,341,-1.17
2024-12-17,"Consumer Discretionary",29,30,7,12,36,42,-6,553,-1.08
2024-12-17,"Consumer Staples",18,17,2,8,20,25,-5,221,-2.26
2024-12-17,"Energy",49,2,0,25,49,27,22,270,8.15
2024-12-17,"Financials",63,66,7,60,70,126,-56,891,-6.29
2024-12-17,"Healthcare",108,58,19,30,127,88,39,1068,3.65
2024-12-17,"Industrials",38,58,11,45,49,103,-54,892,-6.05
2024-12-17,"Materials",22,5,1,30,23,35,-12,272,-4.41
2024-12-17,"Real Estate",22,22,0,16,22,38,-16,291,-5.50
2024-12-17,"Semiconductors",7,8,3,0,10,8,2,114,1.75
2024-12-17,"Technology ex-Semis",20,24,5,7,25,31,-6,384,-1.56
2024-12-17,"Utilities",13,2,0,11,13,13,0,120,0.00
2024-12-18,"Communication/Media",6,38,4,30,10,68,-58,341,-17.01
2024-12-18,"Consumer Discretionary",0,69,9,47,9,116,-107,553,-19.35
2024-12-18,"Consumer Staples",2,20,5,23,7,43,-36,221,-16.29
2024-12-18,"Energy",3,19,1,22,4,41,-37,270,-13.70
2024-12-18,"Financials",4,68,7,204,11,272,-261,891,-29.29
2024-12-18,"Healthcare",16,122,10,86,26,208,-182,1068,-17.04
2024-12-18,"Industrials",3,82,16,109,19,191,-172,892,-19.28
2024-12-18,"Materials",0,11,3,32,3,43,-40,272,-14.71
2024-12-18,"Real Estate",4,19,4,65,8,84,-76,291,-26.12
2024-12-18,"Semiconductors",1,27,7,5,8,32,-24,114,-21.05
2024-12-18,"Technology ex-Semis",0,57,10,29,10,86,-76,384,-19.79
2024-12-18,"Utilities",0,10,0,15,0,25,-25,120,-20.83
2024-12-19,"Communication/Media",8,16,1,15,9,31,-22,341,-6.45
2024-12-19,"Consumer Discretionary",14,24,4,31,18,55,-37,553,-6.69
2024-12-19,"Consumer Staples",10,9,0,24,10,33,-23,221,-10.41
2024-12-19,"Energy",5,9,1,4,6,13,-7,270,-2.59
2024-12-19,"Financials",30,42,6,35,36,77,-41,891,-4.60
2024-12-19,"Healthcare",81,32,11,49,92,81,11,1068,1.03
2024-12-19,"Industrials",34,37,0,33,34,70,-36,892,-4.04
2024-12-19,"Materials",8,5,0,8,8,13,-5,272,-1.84
2024-12-19,"Real Estate",15,11,0,13,15,24,-9,291,-3.09
2024-12-19,"Semiconductors",2,9,0,6,2,15,-13,114,-11.40
2024-12-19,"Technology ex-Semis",14,25,1,17,15,42,-27,384,-7.03
2024-12-19,"Utilities",4,0,0,1,4,1,3,120,2.50
2024-12-20,"Communication/Media",58,6,3,16,61,22,39,341,11.44
2024-12-20,"Consumer Discretionary",87,6,5,21,92,27,65,553,11.75
2024-12-20,"Consumer Staples",25,7,5,12,30,19,11,221,4.98
2024-12-20,"Energy",33,2,1,8,34,10,24,270,8.89
2024-12-20,"Financials",156,22,5,38,161,60,101,891,11.34
2024-12-20,"Healthcare",143,53,16,27,159,80,79,1068,7.40
2024-12-20,"Industrials",114,19,8,44,122,63,59,892,6.61
2024-12-20,"Materials",37,5,2,2,39,7,32,272,11.76
2024-12-20,"Real Estate",43,7,3,15,46,22,24,291,8.25
2024-12-20,"Semiconductors",10,2,1,11,11,13,-2,114,-1.75
2024-12-20,"Technology ex-Semis",69,9,6,31,75,40,35,384,9.11
2024-12-20,"Utilities",26,3,1,2,27,5,22,120,18.33
2024-12-23,"Communication/Media",29,16,8,14,37,30,7,341,2.05
2024-12-23,"Consumer Discretionary",61,17,7,20,68,37,31,553,5.61
2024-12-23,"Consumer Staples",22,6,0,9,22,15,7,221,3.17
2024-12-23,"Energy",65,3,2,1,67,4,63,270,23.33
2024-12-23,"Financials",113,26,5,24,118,50,68,891,7.63
2024-12-23,"Healthcare",108,40,11,15,119,55,64,1068,5.99
2024-12-23,"Industrials",85,27,8,18,93,45,48,892,5.38
2024-12-23,"Materials",45,9,0,2,45,11,34,272,12.50
2024-12-23,"Real Estate",36,11,0,5,36,16,20,291,6.87
2024-12-23,"Semiconductors",22,4,4,1,26,5,21,114,18.42
2024-12-23,"Technology ex-Semis",27,21,3,5,30,26,4,384,1.04
2024-12-23,"Utilities",21,2,0,0,21,2,19,120,15.83
2024-12-24,"Communication/Media",49,9,5,6,54,15,39,341,11.44
2024-12-24,"Consumer Discretionary",78,17,6,5,84,22,62,553,11.21
2024-12-24,"Consumer Staples",42,5,2,4,44,9,35,221,15.84
2024-12-24,"Energy",49,5,4,0,53,5,48,270,17.78
2024-12-24,"Financials",152,20,6,7,158,27,131,891,14.70
2024-12-24,"Healthcare",130,29,12,14,142,43,99,1068,9.27
2024-12-24,"Industrials",151,31,8,8,159,39,120,892,13.45
2024-12-24,"Materials",41,4,1,2,42,6,36,272,13.24
2024-12-24,"Real Estate",65,9,1,2,66,11,55,291,18.90
2024-12-24,"Semiconductors",13,1,1,0,14,1,13,114,11.40
2024-12-24,"Technology ex-Semis",63,9,0,4,63,13,50,384,13.02
2024-12-24,"Utilities",19,2,1,0,20,2,18,120,15.00
2024-12-26,"Communication/Media",41,8,7,0,48,8,40,341,11.73
2024-12-26,"Consumer Discretionary",45,18,14,5,59,23,36,553,6.51
2024-12-26,"Consumer Staples",22,9,0,0,22,9,13,221,5.88
2024-12-26,"Energy",14,6,6,5,20,11,9,270,3.33
2024-12-26,"Financials",83,16,8,2,91,18,73,891,8.19
2024-12-26,"Healthcare",151,33,21,7,172,40,132,1068,12.36
2024-12-26,"Industrials",99,20,19,2,118,22,96,892,10.76
2024-12-26,"Materials",22,11,4,1,26,12,14,272,5.15
2024-12-26,"Real Estate",22,8,2,1,24,9,15,291,5.15
2024-12-26,"Semiconductors",7,5,4,0,11,5,6,114,5.26
2024-12-26,"Technology ex-Semis",43,10,7,2,50,12,38,384,9.90
2024-12-26,"Utilities",5,2,2,1,7,3,4,120,3.33
2024-12-27,"Communication/Media",17,19,4,6,21,25,-4,341,-1.17
2024-12-27,"Consumer Discretionary",25,47,3,7,28,54,-26,553,-4.70
2024-12-27,"Consumer Staples",14,13,1,6,15,19,-4,221,-1.81
2024-12-27,"Energy",8,14,0,2,8,16,-8,270,-2.96
2024-12-27,"Financials",28,64,4,9,32,73,-41,891,-4.60
2024-12-27,"Healthcare",51,75,21,14,72,89,-17,1068,-1.59
2024-12-27,"Industrials",26,61,16,10,42,71,-29,892,-3.25
2024-12-27,"Materials",16,16,4,2,20,18,2,272,0.74
2024-12-27,"Real Estate",5,35,4,2,9,37,-28,291,-9.62
2024-12-27,"Semiconductors",3,7,4,0,7,7,0,114,0.00
2024-12-27,"Technology ex-Semis",21,32,5,11,26,43,-17,384,-4.43
2024-12-27,"Utilities",3,2,1,0,4,2,2,120,1.67
2024-12-30,"Communication/Media",29,14,3,15,32,29,3,341,0.88
2024-12-30,"Consumer Discretionary",53,22,6,26,59,48,11,553,1.99
2024-12-30,"Consumer Staples",21,5,0,9,21,14,7,221,3.17
2024-12-30,"Energy",13,8,12,0,25,8,17,270,6.30
2024-12-30,"Financials",78,21,9,13,87,34,53,891,5.95
2024-12-30,"Healthcare",67,48,12,23,79,71,8,1068,0.75
2024-12-30,"Industrials",71,28,14,32,85,60,25,892,2.80
2024-12-30,"Materials",20,10,5,3,25,13,12,272,4.41
2024-12-30,"Real Estate",43,9,4,8,47,17,30,291,10.31
2024-12-30,"Semiconductors",4,5,0,6,4,11,-7,114,-6.14
2024-12-30,"Technology ex-Semis",33,4,8,18,41,22,19,384,4.95
2024-12-30,"Utilities",15,3,2,1,17,4,13,120,10.83
2024-12-31,"Communication/Media",19,21,6,1,25,22,3,341,0.88
2024-12-31,"Consumer Discretionary",34,48,3,5,37,53,-16,553,-2.89
2024-12-31,"Consumer Staples",23,12,3,2,26,14,12,221,5.43
2024-12-31,"Energy",11,13,9,1,20,14,6,270,2.22
2024-12-31,"Financials",38,41,12,8,50,49,1,891,0.11
2024-12-31,"Healthcare",58,77,24,20,82,97,-15,1068,-1.40
2024-12-31,"Industrials",38,66,7,4,45,70,-25,892,-2.80
2024-12-31,"Materials",35,11,3,2,38,13,25,272,9.19
2024-12-31,"Real Estate",37,6,8,8,45,14,31,291,10.65
2024-12-31,"Semiconductors",1,11,2,1,3,12,-9,114,-7.89
2024-12-31,"Technology ex-Semis",11,37,6,3,17,40,-23,384,-5.99
2024-12-31,"Utilities",4,4,0,0,4,4,0,120,0.00
2025-01-02,"Communication/Media",20,34,6,9,26,43,-17,341,-4.99
2025-01-02,"Consumer Discretionary",22,58,6,13,28,71,-43,553,-7.78
2025-01-02,"Consumer Staples",6,22,3,1,9,23,-14,221,-6.33
2025-01-02,"Energy",7,17,21,1,28,18,10,270,3.70
2025-01-02,"Financials",35,56,5,14,40,70,-30,891,-3.37
2025-01-02,"Healthcare",56,98,36,12,92,110,-18,1068,-1.69
2025-01-02,"Industrials",31,75,14,8,45,83,-38,892,-4.26
2025-01-02,"Materials",23,16,2,1,25,17,8,272,2.94
2025-01-02,"Real Estate",14,22,4,4,18,26,-8,291,-2.75
2025-01-02,"Semiconductors",7,9,1,1,8,10,-2,114,-1.75
2025-01-02,"Technology ex-Semis",20,38,1,12,21,50,-29,384,-7.55
2025-01-02,"Utilities",9,12,2,0,11,12,-1,120,-0.83
2025-01-03,"Communication/Media",42,14,5,2,47,16,31,341,9.09
2025-01-03,"Consumer Discretionary",66,22,7,12,73,34,39,553,7.05
2025-01-03,"Consumer Staples",22,9,9,3,31,12,19,221,8.60
2025-01-03,"Energy",11,23,19,1,30,24,6,270,2.22
2025-01-03,"Financials",162,39,10,16,172,55,117,891,13.13
2025-01-03,"Healthcare",115,60,39,6,154,66,88,1068,8.24
2025-01-03,"Industrials",181,32,18,11,199,43,156,892,17.49
2025-01-03,"Materials",25,13,0,1,25,14,11,272,4.04
2025-01-03,"Real Estate",55,12,5,3,60,15,45,291,15.46
2025-01-03,"Semiconductors",21,3,1,0,22,3,19,114,16.67
2025-01-03,"Technology ex-Semis",75,10,3,2,78,12,66,384,17.19
2025-01-03,"Utilities",4,6,2,0,6,6,0,120,0.00
2025-01-06,"Communication/Media",16,47,17,6,33,53,-20,341,-5.87
2025-01-06,"Consumer Discretionary",17,64,19,6,36,70,-34,553,-6.15
2025-01-06,"Consumer Staples",3,25,2,5,5,30,-25,221,-11.31
2025-01-06,"Energy",1,64,19,0,20,64,-44,270,-16.30
2025-01-06,"Financials",25,130,12,11,37,141,-104,891,-11.67
2025-01-06,"Healthcare",21,169,57,12,78,181,-103,1068,-9.64
2025-01-06,"Industrials",18,131,24,5,42,136,-94,892,-10.54
2025-01-06,"Materials",10,33,6,1,16,34,-18,272,-6.62
2025-01-06,"Real Estate",5,34,5,0,10,34,-24,291,-8.25
2025-01-06,"Semiconductors",0,24,15,0,15,24,-9,114,-7.89
2025-01-06,"Technology ex-Semis",7,45,9,5,16,50,-34,384,-8.85
2025-01-06,"Utilities",1,13,4,4,5,17,-12,120,-10.00
2025-01-07,"Communication/Media",6,36,5,8,11,44,-33,341,-9.68
2025-01-07,"Consumer Discretionary",21,74,9,15,30,89,-59,553,-10.67
2025-01-07,"Consumer Staples",8,16,2,4,10,20,-10,221,-4.52
2025-01-07,"Energy",5,12,16,1,21,13,8,270,2.96
2025-01-07,"Financials",21,51,12,27,33,78,-45,891,-5.05
2025-01-07,"Healthcare",32,129,45,9,77,138,-61,1068,-5.71
2025-01-07,"Industrials",24,98,20,23,44,121,-77,892,-8.63
2025-01-07,"Materials",3,23,5,5,8,28,-20,272,-7.35
2025-01-07,"Real Estate",8,24,3,7,11,31,-20,291,-6.87
2025-01-07,"Semiconductors",2,37,2,0,4,37,-33,114,-28.95
2025-01-07,"Technology ex-Semis",10,42,5,11,15,53,-38,384,-9.90
2025-01-07,"Utilities",3,14,2,1,5,15,-10,120,-8.33
2025-01-08,"Communication/Media",26,24,3,9,29,33,-4,341,-1.17
2025-01-08,"Consumer Discretionary",60,30,4,13,64,43,21,553,3.80
2025-01-08,"Consumer Staples",39,8,2,8,41,16,25,221,11.31
2025-01-08,"Energy",15,14,7,2,22,16,6,270,2.22
2025-01-08,"Financials",101,39,4,28,105,67,38,891,4.26
2025-01-08,"Healthcare",63,123,17,30,80,153,-73,1068,-6.84
2025-01-08,"Industrials",91,70,9,31,100,101,-1,892,-0.11
2025-01-08,"Materials",33,12,0,6,33,18,15,272,5.51
2025-01-08,"Real Estate",37,9,6,13,43,22,21,291,7.22
2025-01-08,"Semiconductors",4,16,0,0,4,16,-12,114,-10.53
2025-01-08,"Technology ex-Semis",35,26,1,16,36,42,-6,384,-1.56
2025-01-08,"Utilities",26,5,0,5,26,10,16,120,13.33
2025-01-10,"Communication/Media",8,21,2,22,10,43,-33,341,-9.68
2025-01-10,"Consumer Discretionary",39,45,5,33,44,78,-34,553,-6.15
2025-01-10,"Consumer Staples",9,12,1,9,10,21,-11,221,-4.98
2025-01-10,"Energy",3,43,32,2,35,45,-10,270,-3.70
2025-01-10,"Financials",49,48,5,84,54,132,-78,891,-8.75
2025-01-10,"Healthcare",46,88,16,62,62,150,-88,1068,-8.24
2025-01-10,"Industrials",36,50,11,39,47,89,-42,892,-4.71
2025-01-10,"Materials",7,29,5,2,12,31,-19,272,-6.99
2025-01-10,"Real Estate",23,7,0,20,23,27,-4,291,-1.37
2025-01-10,"Semiconductors",1,11,1,11,2,22,-20,114,-17.54
2025-01-10,"Technology ex-Semis",15,14,0,24,15,38,-23,384,-5.99
2025-01-10,"Utilities",1,10,5,5,6,15,-9,120,-7.50
2025-01-13,"Communication/Media",42,14,1,24,43,38,5,341,1.47
2025-01-13,"Consumer Discretionary",75,32,4,37,79,69,10,553,1.81
2025-01-13,"Consumer Staples",28,9,1,8,29,17,12,221,5.43
2025-01-13,"Energy",5,21,8,1,13,22,-9,270,-3.33
2025-01-13,"Financials",183,28,3,28,186,56,130,891,14.59
2025-01-13,"Healthcare",89,60,28,66,117,126,-9,1068,-0.84
2025-01-13,"Industrials",134,31,9,43,143,74,69,892,7.74
2025-01-13,"Materials",38,20,8,1,46,21,25,272,9.19
2025-01-13,"Real Estate",62,4,0,14,62,18,44,291,15.12
2025-01-13,"Semiconductors",5,1,0,11,5,12,-7,114,-6.14
2025-01-13,"Technology ex-Semis",36,18,0,24,36,42,-6,384,-1.56
2025-01-13,"Utilities",23,4,1,3,24,7,17,120,14.17
2025-01-14,"Communication/Media",34,18,2,8,36,26,10,341,2.93
2025-01-14,"Consumer Discretionary",40,23,8,11,48,34,14,553,2.53
2025-01-14,"Consumer Staples",29,5,1,2,30,7,23,221,10.41
2025-01-14,"Energy",10,11,8,1,18,12,6,270,2.22
2025-01-14,"Financials",193,15,14,5,207,20,187,891,20.99
2025-01-14,"Healthcare",34,90,19,32,53,122,-69,1068,-6.46
2025-01-14,"Industrials",92,40,16,8,108,48,60,892,6.73
2025-01-14,"Materials",20,19,7,3,27,22,5,272,1.84
2025-01-14,"Real Estate",37,11,4,2,41,13,28,291,9.62
2025-01-14,"Semiconductors",5,10,1,1,6,11,-5,114,-4.39
2025-01-14,"Technology ex-Semis",35,14,1,7,36,21,15,384,3.91
2025-01-14,"Utilities",19,7,2,0,21,7,14,120,11.67
2025-01-15,"Communication/Media",27,26,11,1,38,27,11,341,3.23
2025-01-15,"Consumer Discretionary",37,46,19,7,56,53,3,553,0.54
2025-01-15,"Consumer Staples",14,22,6,3,20,25,-5,221,-2.26
2025-01-15,"Energy",12,11,19,1,31,12,19,270,7.04
2025-01-15,"Financials",83,49,46,3,129,52,77,891,8.64
2025-01-15,"Healthcare",106,62,22,19,128,81,47,1068,4.40
2025-01-15,"Industrials",49,80,49,7,98,87,11,892,1.23
2025-01-15,"Materials",12,23,12,2,24,25,-1,272,-0.37
2025-01-15,"Real Estate",13,51,8,2,21,53,-32,291,-11.00
2025-01-15,"Semiconductors",10,2,4,1,14,3,11,114,9.65
2025-01-15,"Technology ex-Semis",31,13,11,4,42,17,25,384,6.51
2025-01-15,"Utilities",11,11,9,0,20,11,9,120,7.50
2025-01-16,"Communication/Media",19,21,9,4,28,25,3,341,0.88
2025-01-16,"Consumer Discretionary",53,22,9,13,62,35,27,553,4.88
2025-01-16,"Consumer Staples",41,4,2,1,43,5,38,221,17.19
2025-01-16,"Energy",6,39,9,2,15,41,-26,270,-9.63
2025-01-16,"Financials",77,32,38,2,115,34,81,891,9.09
2025-01-16,"Healthcare",89,46,25,24,114,70,44,1068,4.12
2025-01-16,"Industrials",62,36,24,5,86,41,45,892,5.04
2025-01-16,"Materials",23,28,12,0,35,28,7,272,2.57
2025-01-16,"Real Estate",56,11,3,1,59,12,47,291,16.15
2025-01-16,"Semiconductors",3,10,5,2,8,12,-4,114,-3.51
2025-01-16,"Technology ex-Semis",16,20,10,1,26,21,5,384,1.30
2025-01-16,"Utilities",17,2,10,1,27,3,24,120,20.00
2025-01-17,"Communication/Media",27,18,13,2,40,20,20,341,5.87
2025-01-17,"Consumer Discretionary",33,49,32,5,65,54,11,553,1.99
2025-01-17,"Consumer Staples",7,16,12,0,19,16,3,221,1.36
2025-01-17,"Energy",10,24,9,2,19,26,-7,270,-2.59
2025-01-17,"Financials",41,63,49,2,90,65,25,891,2.81
2025-01-17,"Healthcare",64,81,18,7,82,88,-6,1068,-0.56
2025-01-17,"Industrials",47,76,40,4,87,80,7,892,0.78
2025-01-17,"Materials",13,21,22,1,35,22,13,272,4.78
2025-01-17,"Real Estate",13,29,7,2,20,31,-11,291,-3.78
2025-01-17,"Semiconductors",5,4,4,0,9,4,5,114,4.39
2025-01-17,"Technology ex-Semis",13,36,15,5,28,41,-13,384,-3.39
2025-01-17,"Utilities",5,7,13,1,18,8,10,120,8.33
2025-01-21,"Communication/Media",17,30,18,7,35,37,-2,341,-0.59
2025-01-21,"Consumer Discretionary",42,32,33,6,75,38,37,553,6.69
2025-01-21,"Consumer Staples",10,17,9,1,19,18,1,221,0.45
2025-01-21,"Energy",14,21,12,2,26,23,3,270,1.11
2025-01-21,"Financials",24,73,71,5,95,78,17,891,1.91
2025-01-21,"Healthcare",109,46,56,10,165,56,109,1068,10.21
2025-01-21,"Industrials",36,36,83,12,119,48,71,892,7.96
2025-01-21,"Materials",9,19,25,1,34,20,14,272,5.15
2025-01-21,"Real Estate",13,21,25,3,38,24,14,291,4.81
2025-01-21,"Semiconductors",4,8,6,0,10,8,2,114,1.75
2025-01-21,"Technology ex-Semis",24,24,17,0,41,24,17,384,4.43
2025-01-21,"Utilities",3,2,16,0,19,2,17,120,14.17
2025-01-22,"Communication/Media",9,40,11,3,20,43,-23,341,-6.74
2025-01-22,"Consumer Discretionary",12,82,21,4,33,86,-53,553,-9.58
2025-01-22,"Consumer Staples",11,32,9,2,20,34,-14,221,-6.33
2025-01-22,"Energy",4,58,6,1,10,59,-49,270,-18.15
2025-01-22,"Financials",12,132,35,3,47,135,-88,891,-9.88
2025-01-22,"Healthcare",65,89,32,12,97,101,-4,1068,-0.37
2025-01-22,"Industrials",27,94,50,7,77,101,-24,892,-2.69
2025-01-22,"Materials",5,48,11,4,16,52,-36,272,-13.24
2025-01-22,"Real Estate",5,66,13,0,18,66,-48,291,-16.49
2025-01-22,"Semiconductors",3,18,10,4,13,22,-9,114,-7.89
2025-01-22,"Technology ex-Semis",11,30,28,2,39,32,7,384,1.82
2025-01-22,"Utilities",0,33,3,1,3,34,-31,120,-25.83
2025-01-23,"Communication/Media",31,10,11,5,42,15,27,341,7.92
2025-01-23,"Consumer Discretionary",57,13,14,8,71,21,50,553,9.04
2025-01-23,"Consumer Staples",23,8,6,0,29,8,21,221,9.50
2025-01-23,"Energy",8,29,1,3,9,32,-23,270,-8.52
2025-01-23,"Financials",44,71,37,10,81,81,0,891,0.00
2025-01-23,"Healthcare",118,33,15,13,133,46,87,1068,8.15
2025-01-23,"Industrials",46,42,39,10,85,52,33,892,3.70
2025-01-23,"Materials",20,11,6,4,26,15,11,272,4.04
2025-01-23,"Real Estate",23,22,3,3,26,25,1,291,0.34
2025-01-23,"Semiconductors",15,3,3,3,18,6,12,114,10.53
2025-01-23,"Technology ex-Semis",27,21,11,3,38,24,14,384,3.65
2025-01-23,"Utilities",6,2,2,2,8,4,4,120,3.33
2025-01-24,"Communication/Media",8,27,13,4,21,31,-10,341,-2.93
2025-01-24,"Consumer Discretionary",23,45,15,4,38,49,-11,553,-1.99
2025-01-24,"Consumer Staples",5,23,8,1,13,24,-11,221,-4.98
2025-01-24,"Energy",3,24,2,5,5,29,-24,270,-8.89
2025-01-24,"Financials",41,64,39,8,80,72,8,891,0.90
2025-01-24,"Healthcare",38,92,29,9,67,101,-34,1068,-3.18
2025-01-24,"Industrials",26,83,17,6,43,89,-46,892,-5.16
2025-01-24,"Materials",7,32,8,0,15,32,-17,272,-6.25
2025-01-24,"Real Estate",11,20,7,2,18,22,-4,291,-1.37
2025-01-24,"Semiconductors",0,28,1,2,1,30,-29,114,-25.44
2025-01-24,"Technology ex-Semis",3,44,21,1,24,45,-21,384,-5.47
2025-01-24,"Utilities",2,8,2,0,4,8,-4,120,-3.33
2025-01-27,"Communication/Media",13,35,21,15,34,50,-16,341,-4.69
2025-01-27,"Consumer Discretionary",32,44,31,8,63,52,11,553,1.99
2025-01-27,"Consumer Staples",7,21,21,4,28,25,3,221,1.36
2025-01-27,"Energy",10,19,1,19,11,38,-27,270,-10.00
2025-01-27,"Financials",30,61,66,4,96,65,31,891,3.48
2025-01-27,"Healthcare",35,107,33,25,68,132,-64,1068,-5.99
2025-01-27,"Industrials",40,75,20,57,60,132,-72,892,-8.07
2025-01-27,"Materials",6,37,8,6,14,43,-29,272,-10.66
2025-01-27,"Real Estate",17,10,34,3,51,13,38,291,13.06
2025-01-27,"Semiconductors",1,8,0,20,1,28,-27,114,-23.68
2025-01-27,"Technology ex-Semis",16,32,16,22,32,54,-22,384,-5.73
2025-01-27,"Utilities",8,1,9,8,17,9,8,120,6.67
2025-01-28,"Communication/Media",22,31,8,6,30,37,-7,341,-2.05
2025-01-28,"Consumer Discretionary",38,48,16,10,54,58,-4,553,-0.72
2025-01-28,"Consumer Staples",8,56,1,1,9,57,-48,221,-21.72
2025-01-28,"Energy",19,7,1,6,20,13,7,270,2.59
2025-01-28,"Financials",45,85,27,8,72,93,-21,891,-2.36
2025-01-28,"Healthcare",68,96,17,21,85,117,-32,1068,-3.00
2025-01-28,"Industrials",52,73,15,22,67,95,-28,892,-3.14
2025-01-28,"Materials",16,30,4,7,20,37,-17,272,-6.25
2025-01-28,"Real Estate",5,65,11,2,16,67,-51,291,-17.53
2025-01-28,"Semiconductors",6,5,0,8,6,13,-7,114,-6.14
2025-01-28,"Technology ex-Semis",24,17,22,7,46,24,22,384,5.73
2025-01-28,"Utilities",3,20,2,1,5,21,-16,120,-13.33
2025-01-29,"Communication/Media",20,33,3,5,23,38,-15,341,-4.40
2025-01-29,"Consumer Discretionary",23,63,18,11,41,74,-33,553,-5.97
2025-01-29,"Consumer Staples",13,14,2,1,15,15,0,221,0.00
2025-01-29,"Energy",36,11,1,5,37,16,21,270,7.78
2025-01-29,"Financials",30,97,26,14,56,111,-55,891,-6.17
2025-01-29,"Healthcare",44,98,8,21,52,119,-67,1068,-6.27
2025-01-29,"Industrials",46,62,12,20,58,82,-24,892,-2.69
2025-01-29,"Materials",15,20,7,5,22,25,-3,272,-1.10
2025-01-29,"Real Estate",9,62,3,6,12,68,-56,291,-19.24
2025-01-29,"Semiconductors",13,3,0,0,13,3,10,114,8.77
2025-01-29,"Technology ex-Semis",16,41,5,3,21,44,-23,384,-5.99
2025-01-29,"Utilities",4,15,0,0,4,15,-11,120,-9.17
2025-01-30,"Communication/Media",13,32,11,3,24,35,-11,341,-3.23
2025-01-30,"Consumer Discretionary",24,29,24,6,48,35,13,553,2.35
2025-01-30,"Consumer Staples",10,16,7,5,17,21,-4,221,-1.81
2025-01-30,"Energy",22,12,1,3,23,15,8,270,2.96
2025-01-30,"Financials",24,88,34,4,58,92,-34,891,-3.82
2025-01-30,"Healthcare",55,73,11,14,66,87,-21,1068,-1.97
2025-01-30,"Industrials",66,48,15,15,81,63,18,892,2.02
2025-01-30,"Materials",14,17,20,3,34,20,14,272,5.15
2025-01-30,"Real Estate",18,19,6,3,24,22,2,291,0.69
2025-01-30,"Semiconductors",21,4,2,1,23,5,18,114,15.79
2025-01-30,"Technology ex-Semis",15,27,8,5,23,32,-9,384,-2.34
2025-01-30,"Utilities",7,3,2,0,9,3,6,120,5.00
2025-01-31,"Communication/Media",6,55,3,5,9,60,-51,341,-14.96
2025-01-31,"Consumer Discretionary",11,110,7,7,18,117,-99,553,-17.90
2025-01-31,"Consumer Staples",6,38,2,8,8,46,-38,221,-17.19
2025-01-31,"Energy",5,36,2,23,7,59,-52,270,-19.26
2025-01-31,"Financials",23,137,18,6,41,143,-102,891,-11.45
2025-01-31,"Healthcare",32,150,20,14,52,164,-112,1068,-10.49
2025-01-31,"Industrials",16,121,7,10,23,131,-108,892,-12.11
2025-01-31,"Materials",5,49,5,4,10,53,-43,272,-15.81
2025-01-31,"Real Estate",13,34,3,7,16,41,-25,291,-8.59
2025-01-31,"Semiconductors",1,14,0,4,1,18,-17,114,-14.91
2025-01-31,"Technology ex-Semis",10,86,4,5,14,91,-77,384,-20.05
2025-01-31,"Utilities",4,13,1,1,5,14,-9,120,-7.50
2025-02-03,"Communication/Media",40,9,3,17,43,26,17,341,4.99
2025-02-03,"Consumer Discretionary",50,22,4,36,54,58,-4,553,-0.72
2025-02-03,"Consumer Staples",28,9,6,9,34,18,16,221,7.24
2025-02-03,"Energy",28,4,0,31,28,35,-7,270,-2.59
2025-02-03,"Financials",101,44,2,29,103,73,30,891,3.37
2025-02-03,"Healthcare",90,57,10,50,100,107,-7,1068,-0.66
2025-02-03,"Industrials",88,24,4,51,92,75,17,892,1.91
2025-02-03,"Materials",17,6,2,13,19,19,0,272,0.00
2025-02-03,"Real Estate",47,13,4,11,51,24,27,291,9.28
2025-02-03,"Semiconductors",12,2,2,7,14,9,5,114,4.39
2025-02-03,"Technology ex-Semis",66,5,1,25,67,30,37,384,9.64
2025-02-03,"Utilities",21,1,3,2,24,3,21,120,17.50
2025-02-04,"Communication/Media",38,19,13,3,51,22,29,341,8.50
2025-02-04,"Consumer Discretionary",53,23,9,8,62,31,31,553,5.61
2025-02-04,"Consumer Staples",20,11,2,8,22,19,3,221,1.36
2025-02-04,"Energy",73,5,4,6,77,11,66,270,24.44
2025-02-04,"Financials",131,58,13,5,144,63,81,891,9.09
2025-02-04,"Healthcare",124,52,17,14,141,66,75,1068,7.02
2025-02-04,"Industrials",96,24,13,6,109,30,79,892,8.86
2025-02-04,"Materials",43,8,10,2,53,10,43,272,15.81
2025-02-04,"Real Estate",48,8,6,2,54,10,44,291,15.12
2025-02-04,"Semiconductors",13,1,2,2,15,3,12,114,10.53
2025-02-04,"Technology ex-Semis",40,14,5,1,45,15,30,384,7.81
2025-02-04,"Utilities",7,5,0,1,7,6,1,120,0.83
2025-02-05,"Communication/Media",20,18,16,1,36,19,17,341,4.99
2025-02-05,"Consumer Discretionary",25,48,13,10,38,58,-20,553,-3.62
2025-02-05,"Consumer Staples",16,13,1,6,17,19,-2,221,-0.90
2025-02-05,"Energy",16,15,5,4,21,19,2,270,0.74
2025-02-05,"Financials",94,33,35,6,129,39,90,891,10.10
2025-02-05,"Healthcare",107,45,39,15,146,60,86,1068,8.05
2025-02-05,"Industrials",72,47,16,12,88,59,29,892,3.25
2025-02-05,"Materials",10,23,9,2,19,25,-6,272,-2.21
2025-02-05,"Real Estate",23,21,16,4,39,25,14,291,4.81
2025-02-05,"Semiconductors",23,3,1,1,24,4,20,114,17.54
2025-02-05,"Technology ex-Semis",28,16,15,4,43,20,23,384,5.99
2025-02-05,"Utilities",5,4,6,0,11,4,7,120,5.83
2025-02-06,"Communication/Media",15,26,17,2,32,28,4,341,1.17
2025-02-06,"Consumer Discretionary",23,68,25,13,48,81,-33,553,-5.97
2025-02-06,"Consumer Staples",7,23,7,4,14,27,-13,221,-5.88
2025-02-06,"Energy",9,47,2,11,11,58,-47,270,-17.41
2025-02-06,"Financials",40,67,45,2,85,69,16,891,1.80
2025-02-06,"Healthcare",34,170,27,13,61,183,-122,1068,-11.42
2025-02-06,"Industrials",71,73,24,15,95,88,7,892,0.78
2025-02-06,"Materials",24,13,10,5,34,18,16,272,5.88
2025-02-06,"Real Estate",29,25,18,4,47,29,18,291,6.19
2025-02-06,"Semiconductors",4,9,3,1,7,10,-3,114,-2.63
2025-02-06,"Technology ex-Semis",13,38,9,4,22,42,-20,384,-5.21
2025-02-06,"Utilities",6,13,5,0,11,13,-2,120,-1.67
2025-02-07,"Communication/Media",13,32,12,5,25,37,-12,341,-3.52
2025-02-07,"Consumer Discretionary",17,64,10,11,27,75,-48,553,-8.68
2025-02-07,"Consumer Staples",9,22,4,10,13,32,-19,221,-8.60
2025-02-07,"Energy",7,19,1,4,8,23,-15,270,-5.56
2025-02-07,"Financials",47,108,15,5,62,113,-51,891,-5.72
2025-02-07,"Healthcare",38,115,12,21,50,136,-86,1068,-8.05
2025-02-07,"Industrials",33,86,15,19,48,105,-57,892,-6.39
2025-02-07,"Materials",5,47,3,7,8,54,-46,272,-16.91
2025-02-07,"Real Estate",20,30,3,3,23,33,-10,291,-3.44
2025-02-07,"Semiconductors",2,18,4,1,6,19,-13,114,-11.40
2025-02-07,"Technology ex-Semis",13,54,13,6,26,60,-34,384,-8.85
2025-02-07,"Utilities",5,20,0,0,5,20,-15,120,-12.50
2025-02-10,"Communication/Media",20,31,7,3,27,34,-7,341,-2.05
2025-02-10,"Consumer Discretionary",34,30,15,14,49,44,5,553,0.90
2025-02-10,"Consumer Staples",26,11,4,5,30,16,14,221,6.33
2025-02-10,"Energy",43,8,3,4,46,12,34,270,12.59
2025-02-10,"Financials",25,104,25,6,50,110,-60,891,-6.73
2025-02-10,"Healthcare",72,65,15,36,87,101,-14,1068,-1.31
2025-02-10,"Industrials",79,37,16,15,95,52,43,892,4.82
2025-02-10,"Materials",15,15,9,2,24,17,7,272,2.57
2025-02-10,"Real Estate",13,18,5,1,18,19,-1,291,-0.34
2025-02-10,"Semiconductors",1,6,1,3,2,9,-7,114,-6.14
2025-02-10,"Technology ex-Semis",28,18,16,3,44,21,23,384,5.99
2025-02-10,"Utilities",9,1,1,0,10,1,9,120,7.50
2025-02-11,"Communication/Media",15,19,6,7,21,26,-5,341,-1.47
2025-02-11,"Consumer Discretionary",52,31,10,9,62,40,22,553,3.98
2025-02-11,"Consumer Staples",30,7,3,5,33,12,21,221,9.50
2025-02-11,"Energy",18,19,8,4,26,23,3,270,1.11
2025-02-11,"Financials",85,40,20,14,105,54,51,891,5.72
2025-02-11,"Healthcare",64,74,14,46,78,120,-42,1068,-3.93
2025-02-11,"Industrials",68,58,14,12,82,70,12,892,1.35
2025-02-11,"Materials",11,32,5,4,16,36,-20,272,-7.35
2025-02-11,"Real Estate",34,17,8,6,42,23,19,291,6.53
2025-02-11,"Semiconductors",5,8,2,3,7,11,-4,114,-3.51
2025-02-11,"Technology ex-Semis",12,34,2,6,14,40,-26,384,-6.77
2025-02-11,"Utilities",8,3,3,3,11,6,5,120,4.17
2025-02-12,"Communication/Media",23,24,7,4,30,28,2,341,0.59
2025-02-12,"Consumer Discretionary",56,24,4,19,60,43,17,553,3.07
2025-02-12,"Consumer Staples",18,21,2,9,20,30,-10,221,-4.52
2025-02-12,"Energy",5,47,2,12,7,59,-52,270,-19.26
2025-02-12,"Financials",65,92,15,44,80,136,-56,891,-6.29
2025-02-12,"Healthcare",117,35,13,41,130,76,54,1068,5.06
2025-02-12,"Industrials",77,49,10,56,87,105,-18,892,-2.02
2025-02-12,"Materials",13,19,1,13,14,32,-18,272,-6.62
2025-02-12,"Real Estate",42,14,7,22,49,36,13,291,4.47
2025-02-12,"Semiconductors",17,4,1,5,18,9,9,114,7.89
2025-02-12,"Technology ex-Semis",39,10,4,14,43,24,19,384,4.95
2025-02-12,"Utilities",12,2,3,3,15,5,10,120,8.33
2025-02-13,"Communication/Media",36,12,10,5,46,17,29,341,8.50
2025-02-13,"Consumer Discretionary",54,32,18,9,72,41,31,553,5.61
2025-02-13,"Consumer Staples",35,4,7,6,42,10,32,221,14.48
2025-02-13,"Energy",33,6,3,13,36,19,17,270,6.30
2025-02-13,"Financials",116,22,15,17,131,39,92,891,10.33
2025-02-13,"Healthcare",149,40,26,12,175,52,123,1068,11.52
2025-02-13,"Industrials",99,31,20,37,119,68,51,892,5.72
2025-02-13,"Materials",40,7,3,4,43,11,32,272,11.76
2025-02-13,"Real Estate",40,10,6,3,46,13,33,291,11.34
2025-02-13,"Semiconductors",20,2,2,3,22,5,17,114,14.91
2025-02-13,"Technology ex-Semis",39,12,11,11,50,23,27,384,7.03
2025-02-13,"Utilities",14,4,5,3,19,7,12,120,10.00
2025-02-14,"Communication/Media",13,41,8,5,21,46,-25,341,-7.33
2025-02-14,"Consumer Discretionary",24,71,15,4,39,75,-36,553,-6.51
2025-02-14,"Consumer Staples",15,40,6,3,21,43,-22,221,-9.95
2025-02-14,"Energy",9,33,2,5,11,38,-27,270,-10.00
2025-02-14,"Financials",36,107,27,12,63,119,-56,891,-6.29
2025-02-14,"Healthcare",64,103,34,22,98,125,-27,1068,-2.53
2025-02-14,"Industrials",61,77,16,17,77,94,-17,892,-1.91
2025-02-14,"Materials",7,59,5,10,12,69,-57,272,-20.96
2025-02-14,"Real Estate",12,51,13,5,25,56,-31,291,-10.65
2025-02-14,"Semiconductors",8,5,3,3,11,8,3,114,2.63
2025-02-14,"Technology ex-Semis",22,46,7,8,29,54,-25,384,-6.51
2025-02-14,"Utilities",3,25,6,1,9,26,-17,120,-14.17
2025-02-18,"Communication/Media",16,43,3,4,19,47,-28,341,-8.21
2025-02-18,"Consumer Discretionary",42,35,13,6,55,41,14,553,2.53
2025-02-18,"Consumer Staples",17,10,6,6,23,16,7,221,3.17
2025-02-18,"Energy",19,14,6,5,25,19,6,270,2.22
2025-02-18,"Financials",71,60,14,19,85,79,6,891,0.67
2025-02-18,"Healthcare",58,101,30,22,88,123,-35,1068,-3.28
2025-02-18,"Industrials",55,52,32,24,87,76,11,892,1.23
2025-02-18,"Materials",24,16,7,5,31,21,10,272,3.68
2025-02-18,"Real Estate",27,23,8,6,35,29,6,291,2.06
2025-02-18,"Semiconductors",6,8,2,2,8,10,-2,114,-1.75
2025-02-18,"Technology ex-Semis",16,22,8,10,24,32,-8,384,-2.08
2025-02-18,"Utilities",9,7,3,1,12,8,4,120,3.33
2025-02-19,"Communication/Media",24,22,9,13,33,35,-2,341,-0.59
2025-02-19,"Consumer Discretionary",32,45,6,19,38,64,-26,553,-4.70
2025-02-19,"Consumer Staples",18,8,5,6,23,14,9,221,4.07
2025-02-19,"Energy",10,22,7,2,17,24,-7,270,-2.59
2025-02-19,"Financials",76,50,11,13,87,63,24,891,2.69
2025-02-19,"Healthcare",72,52,23,30,95,82,13,1068,1.22
2025-02-19,"Industrials",56,59,23,8,79,67,12,892,1.35
2025-02-19,"Materials",16,15,3,11,19,26,-7,272,-2.57
2025-02-19,"Real Estate",17,16,3,11,20,27,-7,291,-2.41
2025-02-19,"Semiconductors",2,3,11,2,13,5,8,114,7.02
2025-02-19,"Technology ex-Semis",12,29,5,7,17,36,-19,384,-4.95
2025-02-19,"Utilities",5,7,4,2,9,9,0,120,0.00
2025-02-20,"Communication/Media",15,23,2,15,17,38,-21,341,-6.16
2025-02-20,"Consumer Discretionary",33,38,8,14,41,52,-11,553,-1.99
2025-02-20,"Consumer Staples",17,8,3,7,20,15,5,221,2.26
2025-02-20,"Energy",24,10,5,16,29,26,3,270,1.11
2025-02-20,"Financials",47,59,9,53,56,112,-56,891,-6.29
2025-02-20,"Healthcare",63,61,16,31,79,92,-13,1068,-1.22
2025-02-20,"Industrials",52,61,11,35,63,96,-33,892,-3.70
2025-02-20,"Materials",11,23,12,1,23,24,-1,272,-0.37
2025-02-20,"Real Estate",24,13,5,9,29,22,7,291,2.41
2025-02-20,"Semiconductors",4,5,4,0,8,5,3,114,2.63
2025-02-20,"Technology ex-Semis",22,25,2,21,24,46,-22,384,-5.73
2025-02-20,"Utilities",5,5,7,2,12,7,5,120,4.17
2025-02-21,"Communication/Media",11,51,4,13,15,64,-49,341,-14.37
2025-02-21,"Consumer Discretionary",14,85,8,37,22,122,-100,553,-18.08
2025-02-21,"Consumer Staples",10,17,7,5,17,22,-5,221,-2.26
2025-02-21,"Energy",1,52,3,13,4,65,-61,270,-22.59
2025-02-21,"Financials",26,140,9,67,35,207,-172,891,-19.30
2025-02-21,"Healthcare",25,141,16,33,41,174,-133,1068,-12.45
2025-02-21,"Industrials",21,114,6,49,27,163,-136,892,-15.25
2025-02-21,"Materials",2,49,2,7,4,56,-52,272,-19.12
2025-02-21,"Real Estate",9,50,5,17,14,67,-53,291,-18.21
2025-02-21,"Semiconductors",2,30,2,7,4,37,-33,114,-28.95
2025-02-21,"Technology ex-Semis",7,48,7,16,14,64,-50,384,-13.02
2025-02-21,"Utilities",3,16,4,0,7,16,-9,120,-7.50
2025-02-24,"Communication/Media",25,25,6,14,31,39,-8,341,-2.35
2025-02-24,"Consumer Discretionary",35,39,9,24,44,63,-19,553,-3.44
2025-02-24,"Consumer Staples",8,12,6,7,14,19,-5,221,-2.26
2025-02-24,"Energy",17,10,2,7,19,17,2,270,0.74
2025-02-24,"Financials",32,53,9,40,41,93,-52,891,-5.84
2025-02-24,"Healthcare",52,79,16,63,68,142,-74,1068,-6.93
2025-02-24,"Industrials",29,68,7,53,36,121,-85,892,-9.53
2025-02-24,"Materials",12,18,5,11,17,29,-12,272,-4.41
2025-02-24,"Real Estate",18,19,5,4,23,23,0,291,0.00
2025-02-24,"Semiconductors",0,13,0,3,0,16,-16,114,-14.04
2025-02-24,"Technology ex-Semis",24,21,0,31,24,52,-28,384,-7.29
2025-02-24,"Utilities",0,16,1,0,1,16,-15,120,-12.50
2025-02-25,"Communication/Media",21,22,8,18,29,40,-11,341,-3.23
2025-02-25,"Consumer Discretionary",43,23,7,27,50,50,0,553,0.00
2025-02-25,"Consumer Staples",27,12,7,6,34,18,16,221,7.24
2025-02-25,"Energy",15,14,2,18,17,32,-15,270,-5.56
2025-02-25,"Financials",47,40,21,38,68,78,-10,891,-1.12
2025-02-25,"Healthcare",59,47,14,68,73,115,-42,1068,-3.93
2025-02-25,"Industrials",68,26,9,34,77,60,17,892,1.91
2025-02-25,"Materials",18,13,1,13,19,26,-7,272,-2.57
2025-02-25,"Real Estate",23,15,11,8,34,23,11,291,3.78
2025-02-25,"Semiconductors",2,7,0,12,2,19,-17,114,-14.91
2025-02-25,"Technology ex-Semis",10,14,0,29,10,43,-33,384,-8.59
2025-02-25,"Utilities",7,1,2,6,9,7,2,120,1.67
2025-02-26,"Communication/Media",10,29,4,8,14,37,-23,341,-6.74
2025-02-26,"Consumer Discretionary",38,51,4,14,42,65,-23,553,-4.16
2025-02-26,"Consumer Staples",11,36,6,4,17,40,-23,221,-10.41
2025-02-26,"Energy",12,10,2,7,14,17,-3,270,-1.11
2025-02-26,"Financials",70,51,11,28,81,79,2,891,0.22
2025-02-26,"Healthcare",64,64,12,23,76,87,-11,1068,-1.03
2025-02-26,"Industrials",60,51,12,12,72,63,9,892,1.01
2025-02-26,"Materials",21,15,3,2,24,17,7,272,2.57
2025-02-26,"Real Estate",25,38,3,6,28,44,-16,291,-5.50
2025-02-26,"Semiconductors",11,2,3,0,14,2,12,114,10.53
2025-02-26,"Technology ex-Semis",31,20,9,8,40,28,12,384,3.13
2025-02-26,"Utilities",1,7,1,2,2,9,-7,120,-5.83
2025-02-27,"Communication/Media",8,28,6,18,14,46,-32,341,-9.38
2025-02-27,"Consumer Discretionary",15,48,12,23,27,71,-44,553,-7.96
2025-02-27,"Consumer Staples",11,15,3,6,14,21,-7,221,-3.17
2025-02-27,"Energy",13,15,2,17,15,32,-17,270,-6.30
2025-02-27,"Financials",58,63,14,23,72,86,-14,891,-1.57
2025-02-27,"Healthcare",25,94,18,32,43,126,-83,1068,-7.77
2025-02-27,"Industrials",27,75,15,36,42,111,-69,892,-7.74
2025-02-27,"Materials",7,25,0,9,7,34,-27,272,-9.93
2025-02-27,"Real Estate",11,31,10,2,21,33,-12,291,-4.12
2025-02-27,"Semiconductors",1,10,0,9,1,19,-18,114,-15.79
2025-02-27,"Technology ex-Semis",5,39,4,15,9,54,-45,384,-11.72
2025-02-27,"Utilities",5,16,1,7,6,23,-17,120,-14.17
2025-02-28,"Communication/Media",55,6,0,16,55,22,33,341,9.68
2025-02-28,"Consumer Discretionary",75,7,5,12,80,19,61,553,11.03
2025-02-28,"Consumer Staples",24,10,1,4,25,14,11,221,4.98
2025-02-28,"Energy",57,4,2,7,59,11,48,270,17.78
2025-02-28,"Financials",172,30,13,21,185,51,134,891,15.04
2025-02-28,"Healthcare",215,19,9,47,224,66,158,1068,14.79
2025-02-28,"Industrials",168,13,12,23,180,36,144,892,16.14
2025-02-28,"Materials",51,12,1,18,52,30,22,272,8.09
2025-02-28,"Real Estate",28,6,13,1,41,7,34,291,11.68
2025-02-28,"Semiconductors",13,0,0,8,13,8,5,114,4.39
2025-02-28,"Technology ex-Semis",70,3,2,17,72,20,52,384,13.54
2025-02-28,"Utilities",11,3,5,5,16,8,8,120,6.67
2025-03-03,"Communication/Media",5,30,5,15,10,45,-35,341,-10.26
2025-03-03,"Consumer Discretionary",9,56,3,27,12,83,-71,553,-12.84
2025-03-03,"Consumer Staples",4,23,2,7,6,30,-24,221,-10.86
2025-03-03,"Energy",2,24,9,16,11,40,-29,270,-10.74
2025-03-03,"Financials",16,138,23,22,39,160,-121,891,-13.58
2025-03-03,"Healthcare",11,105,16,48,27,153,-126,1068,-11.80
2025-03-03,"Industrials",8,84,12,47,20,131,-111,892,-12.44
2025-03-03,"Materials",2,32,4,14,6,46,-40,272,-14.71
2025-03-03,"Real Estate",11,36,13,8,24,44,-20,291,-6.87
2025-03-03,"Semiconductors",0,6,1,7,1,13,-12,114,-10.53
2025-03-03,"Technology ex-Semis",1,32,5,19,6,51,-45,384,-11.72
2025-03-03,"Utilities",6,5,3,2,9,7,2,120,1.67
2025-03-04,"Communication/Media",34,11,0,19,34,30,4,341,1.17
2025-03-04,"Consumer Discretionary",39,15,3,38,42,53,-11,553,-1.99
2025-03-04,"Consumer Staples",15,30,6,7,21,37,-16,221,-7.24
2025-03-04,"Energy",46,5,0,24,46,29,17,270,6.30
2025-03-04,"Financials",40,90,5,84,45,174,-129,891,-14.48
2025-03-04,"Healthcare",135,33,9,49,144,82,62,1068,5.81
2025-03-04,"Industrials",69,27,4,64,73,91,-18,892,-2.02
2025-03-04,"Materials",28,9,2,24,30,33,-3,272,-1.10
2025-03-04,"Real Estate",12,66,3,11,15,77,-62,291,-21.31
2025-03-04,"Semiconductors",6,1,0,4,6,5,1,114,0.88
2025-03-04,"Technology ex-Semis",58,6,1,20,59,26,33,384,8.59
2025-03-04,"Utilities",7,21,3,6,10,27,-17,120,-14.17
2025-03-05,"Communication/Media",52,6,7,5,59,11,48,341,14.08
2025-03-05,"Consumer Discretionary",97,8,6,4,103,12,91,553,16.46
2025-03-05,"Consumer Staples",36,11,3,4,39,15,24,221,10.86
2025-03-05,"Energy",35,3,1,6,36,9,27,270,10.00
2025-03-05,"Financials",96,31,9,50,105,81,24,891,2.69
2025-03-05,"Healthcare",152,30,14,8,166,38,128,1068,11.99
2025-03-05,"Industrials",152,9,10,6,162,15,147,892,16.48
2025-03-05,"Materials",80,2,7,1,87,3,84,272,30.88
2025-03-05,"Real Estate",49,7,3,5,52,12,40,291,13.75
2025-03-05,"Semiconductors",24,0,0,1,24,1,23,114,20.18
2025-03-05,"Technology ex-Semis",85,6,3,4,88,10,78,384,20.31
2025-03-05,"Utilities",15,9,1,3,16,12,4,120,3.33
2025-03-06,"Communication/Media",27,16,3,7,30,23,7,341,2.05
2025-03-06,"Consumer Discretionary",48,35,7,14,55,49,6,553,1.08
2025-03-06,"Consumer Staples",20,9,2,1,22,10,12,221,5.43
2025-03-06,"Energy",19,12,1,9,20,21,-1,270,-0.37
2025-03-06,"Financials",67,36,11,51,78,87,-9,891,-1.01
2025-03-06,"Healthcare",89,49,14,8,103,57,46,1068,4.31
2025-03-06,"Industrials",77,26,8,14,85,40,45,892,5.04
2025-03-06,"Materials",25,11,4,5,29,16,13,272,4.78
2025-03-06,"Real Estate",10,28,4,10,14,38,-24,291,-8.25
2025-03-06,"Semiconductors",5,4,1,1,6,5,1,114,0.88
2025-03-06,"Technology ex-Semis",13,15,2,12,15,27,-12,384,-3.13
2025-03-06,"Utilities",7,11,3,6,10,17,-7,120,-5.83
2025-03-07,"Communication/Media",52,10,6,5,58,15,43,341,12.61
2025-03-07,"Consumer Discretionary",81,15,12,26,93,41,52,553,9.40
2025-03-07,"Consumer Staples",18,10,18,4,36,14,22,221,9.95
2025-03-07,"Energy",31,15,2,5,33,20,13,270,4.81
2025-03-07,"Financials",126,31,3,24,129,55,74,891,8.31
2025-03-07,"Healthcare",94,68,14,24,108,92,16,1068,1.50
2025-03-07,"Industrials",122,25,13,18,135,43,92,892,10.31
2025-03-07,"Materials",18,8,10,6,28,14,14,272,5.15
2025-03-07,"Real Estate",32,14,6,6,38,20,18,291,6.19
2025-03-07,"Semiconductors",26,1,2,2,28,3,25,114,21.93
2025-03-07,"Technology ex-Semis",62,5,4,14,66,19,47,384,12.24
2025-03-07,"Utilities",5,3,2,4,7,7,0,120,0.00
2025-03-10,"Communication/Media",9,30,3,16,12,46,-34,341,-9.97
2025-03-10,"Consumer Discretionary",19,36,9,17,28,53,-25,553,-4.52
2025-03-10,"Consumer Staples",5,41,10,3,15,44,-29,221,-13.12
2025-03-10,"Energy",11,22,3,2,14,24,-10,270,-3.70
2025-03-10,"Financials",14,51,4,43,18,94,-76,891,-8.53
2025-03-10,"Healthcare",25,97,19,34,44,131,-87,1068,-8.15
2025-03-10,"Industrials",24,83,19,26,43,109,-66,892,-7.40
2025-03-10,"Materials",3,32,4,13,7,45,-38,272,-13.97
2025-03-10,"Real Estate",2,53,8,13,10,66,-56,291,-19.24
2025-03-10,"Semiconductors",0,11,0,7,0,18,-18,114,-15.79
2025-03-10,"Technology ex-Semis",2,20,2,19,4,39,-35,384,-9.11
2025-03-10,"Utilities",8,7,2,3,10,10,0,120,0.00
2025-03-11,"Communication/Media",30,14,1,8,31,22,9,341,2.64
2025-03-11,"Consumer Discretionary",47,20,6,15,53,35,18,553,3.25
2025-03-11,"Consumer Staples",16,28,2,4,18,32,-14,221,-6.33
2025-03-11,"Energy",30,16,3,0,33,16,17,270,6.30
2025-03-11,"Financials",54,28,2,27,56,55,1,891,0.11
2025-03-11,"Healthcare",145,46,12,27,157,73,84,1068,7.87
2025-03-11,"Industrials",75,39,5,24,80,63,17,892,1.91
2025-03-11,"Materials",29,11,8,7,37,18,19,272,6.99
2025-03-11,"Real Estate",14,31,0,28,14,59,-45,291,-15.46
2025-03-11,"Semiconductors",12,5,0,5,12,10,2,114,1.75
2025-03-11,"Technology ex-Semis",33,10,1,7,34,17,17,384,4.43
2025-03-11,"Utilities",10,16,3,1,13,17,-4,120,-3.33
2025-03-12,"Communication/Media",34,19,5,9,39,28,11,341,3.23
2025-03-12,"Consumer Discretionary",41,28,4,9,45,37,8,553,1.45
2025-03-12,"Consumer Staples",12,19,2,9,14,28,-14,221,-6.33
2025-03-12,"Energy",17,7,0,0,17,7,10,270,3.70
2025-03-12,"Financials",97,26,1,16,98,42,56,891,6.29
2025-03-12,"Healthcare",82,59,11,15,93,74,19,1068,1.78
2025-03-12,"Industrials",66,45,6,17,72,62,10,892,1.12
2025-03-12,"Materials",12,13,2,9,14,22,-8,272,-2.94
2025-03-12,"Real Estate",27,11,3,6,30,17,13,291,4.47
2025-03-12,"Semiconductors",15,1,0,1,15,2,13,114,11.40
2025-03-12,"Technology ex-Semis",38,22,1,3,39,25,14,384,3.65
2025-03-12,"Utilities",9,7,0,0,9,7,2,120,1.67
2025-03-13,"Communication/Media",19,21,4,5,23,26,-3,341,-0.88
2025-03-13,"Consumer Discretionary",22,38,2,16,24,54,-30,553,-5.42
2025-03-13,"Consumer Staples",7,22,2,7,9,29,-20,221,-9.05
2025-03-13,"Energy",10,30,1,4,11,34,-23,270,-8.52
2025-03-13,"Financials",45,65,6,19,51,84,-33,891,-3.70
2025-03-13,"Healthcare",39,95,17,17,56,112,-56,1068,-5.24
2025-03-13,"Industrials",34,48,6,17,40,65,-25,892,-2.80
2025-03-13,"Materials",12,15,10,8,22,23,-1,272,-0.37
2025-03-13,"Real Estate",8,33,3,16,11,49,-38,291,-13.06
2025-03-13,"Semiconductors",4,5,0,1,4,6,-2,114,-1.75
2025-03-13,"Technology ex-Semis",9,16,1,6,10,22,-12,384,-3.13
2025-03-13,"Utilities",8,9,0,0,8,9,-1,120,-0.83
2025-03-14,"Communication/Media",60,12,3,2,63,14,49,341,14.37
2025-03-14,"Consumer Discretionary",90,22,3,5,93,27,66,553,11.93
2025-03-14,"Consumer Staples",38,9,2,4,40,13,27,221,12.22
2025-03-14,"Energy",49,5,5,0,54,5,49,270,18.15
2025-03-14,"Financials",249,22,7,16,256,38,218,891,24.47
2025-03-14,"Healthcare",140,51,5,10,145,61,84,1068,7.87
2025-03-14,"Industrials",199,22,7,2,206,24,182,892,20.40
2025-03-14,"Materials",42,17,10,0,52,17,35,272,12.87
2025-03-14,"Real Estate",62,8,2,6,64,14,50,291,17.18
2025-03-14,"Semiconductors",27,1,1,0,28,1,27,114,23.68
2025-03-14,"Technology ex-Semis",84,9,3,0,87,9,78,384,20.31
2025-03-14,"Utilities",21,3,5,1,26,4,22,120,18.33
2025-03-17,"Communication/Media",47,12,7,2,54,14,40,341,11.73
2025-03-17,"Consumer Discretionary",84,19,4,5,88,24,64,553,11.57
2025-03-17,"Consumer Staples",30,7,2,7,32,14,18,221,8.14
2025-03-17,"Energy",19,15,9,0,28,15,13,270,4.81
2025-03-17,"Financials",84,46,31,3,115,49,66,891,7.41
2025-03-17,"Healthcare",139,49,16,13,155,62,93,1068,8.71
2025-03-17,"Industrials",94,40,21,3,115,43,72,892,8.07
2025-03-17,"Materials",19,9,11,1,30,10,20,272,7.35
2025-03-17,"Real Estate",59,16,4,5,63,21,42,291,14.43
2025-03-17,"Semiconductors",14,3,2,1,16,4,12,114,10.53
2025-03-17,"Technology ex-Semis",49,10,5,1,54,11,43,384,11.20
2025-03-17,"Utilities",2,4,3,1,5,5,0,120,0.00
2025-03-18,"Communication/Media",20,28,7,5,27,33,-6,341,-1.76
2025-03-18,"Consumer Discretionary",30,39,6,2,36,41,-5,553,-0.90
2025-03-18,"Consumer Staples",16,15,1,4,17,19,-2,221,-0.90
2025-03-18,"Energy",8,27,6,2,14,29,-15,270,-5.56
2025-03-18,"Financials",42,53,7,5,49,58,-9,891,-1.01
2025-03-18,"Healthcare",49,82,15,11,64,93,-29,1068,-2.72
2025-03-18,"Industrials",44,54,4,4,48,58,-10,892,-1.12
2025-03-18,"Materials",14,26,19,0,33,26,7,272,2.57
2025-03-18,"Real Estate",20,19,3,2,23,21,2,291,0.69
2025-03-18,"Semiconductors",1,6,0,0,1,6,-5,114,-4.39
2025-03-18,"Technology ex-Semis",14,21,2,0,16,21,-5,384,-1.30
2025-03-18,"Utilities",5,6,4,1,9,7,2,120,1.67
2025-03-19,"Communication/Media",28,13,7,5,35,18,17,341,4.99
2025-03-19,"Consumer Discretionary",65,18,9,0,74,18,56,553,10.13
2025-03-19,"Consumer Staples",33,3,3,9,36,12,24,221,10.86
2025-03-19,"Energy",17,4,11,0,28,4,24,270,8.89
2025-03-19,"Financials",45,20,11,6,56,26,30,891,3.37
2025-03-19,"Healthcare",95,49,18,9,113,58,55,1068,5.15
2025-03-19,"Industrials",74,33,10,7,84,40,44,892,4.93
2025-03-19,"Materials",12,7,6,3,18,10,8,272,2.94
2025-03-19,"Real Estate",24,11,5,1,29,12,17,291,5.84
2025-03-19,"Semiconductors",4,10,0,0,4,10,-6,114,-5.26
2025-03-19,"Technology ex-Semis",21,22,5,2,26,24,2,384,0.52
2025-03-19,"Utilities",7,3,1,0,8,3,5,120,4.17
2025-03-20,"Communication/Media",17,30,2,6,19,36,-17,341,-4.99
2025-03-20,"Consumer Discretionary",20,48,13,7,33,55,-22,553,-3.98
2025-03-20,"Consumer Staples",12,11,1,2,13,13,0,221,0.00
2025-03-20,"Energy",5,14,17,1,22,15,7,270,2.59
2025-03-20,"Financials",24,92,15,6,39,98,-59,891,-6.62
2025-03-20,"Healthcare",43,98,17,11,60,109,-49,1068,-4.59
2025-03-20,"Industrials",36,103,7,3,43,106,-63,892,-7.06
2025-03-20,"Materials",8,14,5,2,13,16,-3,272,-1.10
2025-03-20,"Real Estate",5,17,6,1,11,18,-7,291,-2.41
2025-03-20,"Semiconductors",2,13,1,0,3,13,-10,114,-8.77
2025-03-20,"Technology ex-Semis",8,36,4,5,12,41,-29,384,-7.55
2025-03-20,"Utilities",1,12,4,1,5,13,-8,120,-6.67
2025-03-21,"Communication/Media",29,23,4,7,33,30,3,341,0.88
2025-03-21,"Consumer Discretionary",74,23,3,12,77,35,42,553,7.59
2025-03-21,"Consumer Staples",18,10,1,12,19,22,-3,221,-1.36
2025-03-21,"Energy",2,33,4,1,6,34,-28,270,-10.37
2025-03-21,"Financials",63,50,10,12,73,62,11,891,1.23
2025-03-21,"Healthcare",134,54,17,17,151,71,80,1068,7.49
2025-03-21,"Industrials",120,44,12,12,132,56,76,892,8.52
2025-03-21,"Materials",23,30,5,3,28,33,-5,272,-1.84
2025-03-21,"Real Estate",23,27,3,7,26,34,-8,291,-2.75
2025-03-21,"Semiconductors",16,5,0,1,16,6,10,114,8.77
2025-03-21,"Technology ex-Semis",45,6,3,4,48,10,38,384,9.90
2025-03-21,"Utilities",9,7,1,3,10,10,0,120,0.00
2025-03-24,"Communication/Media",20,28,12,4,32,32,0,341,0.00
2025-03-24,"Consumer Discretionary",48,24,11,4,59,28,31,553,5.61
2025-03-24,"Consumer Staples",31,16,6,5,37,21,16,221,7.24
2025-03-24,"Energy",14,17,10,1,24,18,6,270,2.22
2025-03-24,"Financials",57,55,20,5,77,60,17,891,1.91
2025-03-24,"Healthcare",85,63,30,6,115,69,46,1068,4.31
2025-03-24,"Industrials",62,57,37,8,99,65,34,892,3.81
2025-03-24,"Materials",20,22,4,5,24,27,-3,272,-1.10
2025-03-24,"Real Estate",34,13,1,1,35,14,21,291,7.22
2025-03-24,"Semiconductors",2,11,3,2,5,13,-8,114,-7.02
2025-03-24,"Technology ex-Semis",20,37,11,1,31,38,-7,384,-1.82
2025-03-24,"Utilities",3,21,4,1,7,22,-15,120,-12.50
2025-03-25,"Communication/Media",10,25,11,5,21,30,-9,341,-2.64
2025-03-25,"Consumer Discretionary",17,68,5,7,22,75,-53,553,-9.58
2025-03-25,"Consumer Staples",8,22,1,7,9,29,-20,221,-9.05
2025-03-25,"Energy",5,46,15,1,20,47,-27,270,-10.00
2025-03-25,"Financials",24,133,21,5,45,138,-93,891,-10.44
2025-03-25,"Healthcare",27,125,24,19,51,144,-93,1068,-8.71
2025-03-25,"Industrials",23,85,26,6,49,91,-42,892,-4.71
2025-03-25,"Materials",3,31,2,2,5,33,-28,272,-10.29
2025-03-25,"Real Estate",15,39,1,11,16,50,-34,291,-11.68
2025-03-25,"Semiconductors",2,9,0,0,2,9,-7,114,-6.14
2025-03-25,"Technology ex-Semis",6,43,19,2,25,45,-20,384,-5.21
2025-03-25,"Utilities",4,13,0,7,4,20,-16,120,-13.33
2025-03-26,"Communication/Media",19,36,1,6,20,42,-22,341,-6.45
2025-03-26,"Consumer Discretionary",31,41,12,5,43,46,-3,553,-0.54
2025-03-26,"Consumer Staples",31,12,5,2,36,14,22,221,9.95
2025-03-26,"Energy",13,49,17,3,30,52,-22,270,-8.15
2025-03-26,"Financials",26,125,19,12,45,137,-92,891,-10.33
2025-03-26,"Healthcare",41,117,10,39,51,156,-105,1068,-9.83
2025-03-26,"Industrials",22,162,12,8,34,170,-136,892,-15.25
2025-03-26,"Materials",18,25,2,4,20,29,-9,272,-3.31
2025-03-26,"Real Estate",20,21,0,3,20,24,-4,291,-1.37
2025-03-26,"Semiconductors",1,14,0,4,1,18,-17,114,-14.91
2025-03-26,"Technology ex-Semis",8,61,3,5,11,66,-55,384,-14.32
2025-03-26,"Utilities",20,13,0,1,20,14,6,120,5.00
2025-03-27,"Communication/Media",26,24,11,6,37,30,7,341,2.05
2025-03-27,"Consumer Discretionary",36,30,12,6,48,36,12,553,2.17
2025-03-27,"Consumer Staples",27,7,4,2,31,9,22,221,9.95
2025-03-27,"Energy",14,32,2,3,16,35,-19,270,-7.04
2025-03-27,"Financials",45,74,16,15,61,89,-28,891,-3.14
2025-03-27,"Healthcare",81,73,17,24,98,97,1,1068,0.09
2025-03-27,"Industrials",59,66,12,9,71,75,-4,892,-0.45
2025-03-27,"Materials",30,6,2,5,32,11,21,272,7.72
2025-03-27,"Real Estate",12,37,2,3,14,40,-26,291,-8.93
2025-03-27,"Semiconductors",5,10,0,1,5,11,-6,114,-5.26
2025-03-27,"Technology ex-Semis",16,26,8,6,24,32,-8,384,-2.08
2025-03-27,"Utilities",17,10,0,3,17,13,4,120,3.33
2025-03-28,"Communication/Media",11,58,3,19,14,77,-63,341,-18.48
2025-03-28,"Consumer Discretionary",21,69,3,21,24,90,-66,553,-11.93
2025-03-28,"Consumer Staples",4,22,2,6,6,28,-22,221,-9.95
2025-03-28,"Energy",13,28,2,4,15,32,-17,270,-6.30
2025-03-28,"Financials",24,158,1,20,25,178,-153,891,-17.17
2025-03-28,"Healthcare",46,84,10,32,56,116,-60,1068,-5.62
2025-03-28,"Industrials",19,112,3,33,22,145,-123,892,-13.79
2025-03-28,"Materials",1,51,2,4,3,55,-52,272,-19.12
2025-03-28,"Real Estate",17,24,6,7,23,31,-8,291,-2.75
2025-03-28,"Semiconductors",0,6,0,16,0,22,-22,114,-19.30
2025-03-28,"Technology ex-Semis",8,46,1,21,9,67,-58,384,-15.10
2025-03-28,"Utilities",6,7,3,2,9,9,0,120,0.00
2025-03-31,"Communication/Media",32,12,2,21,34,33,1,341,0.29
2025-03-31,"Consumer Discretionary",79,19,6,28,85,47,38,553,6.87
2025-03-31,"Consumer Staples",15,10,4,6,19,16,3,221,1.36
2025-03-31,"Energy",16,8,5,2,21,10,11,270,4.07
2025-03-31,"Financials",83,42,5,61,88,103,-15,891,-1.68
2025-03-31,"Healthcare",122,36,9,81,131,117,14,1068,1.31
2025-03-31,"Industrials",116,24,4,80,120,104,16,892,1.79
2025-03-31,"Materials",44,2,2,15,46,17,29,272,10.66
2025-03-31,"Real Estate",41,8,3,14,44,22,22,291,7.56
2025-03-31,"Semiconductors",20,0,1,13,21,13,8,114,7.02
2025-03-31,"Technology ex-Semis",43,2,3,31,46,33,13,384,3.39
2025-03-31,"Utilities",11,5,10,7,21,12,9,120,7.50
2025-04-01,"Communication/Media",25,8,8,3,33,11,22,341,6.45
2025-04-01,"Consumer Discretionary",57,21,9,9,66,30,36,553,6.51
2025-04-01,"Consumer Staples",14,8,2,3,16,11,5,221,2.26
2025-04-01,"Energy",19,7,5,4,24,11,13,270,4.81
2025-04-01,"Financials",69,32,6,20,75,52,23,891,2.58
2025-04-01,"Healthcare",46,41,16,40,62,81,-19,1068,-1.78
2025-04-01,"Industrials",103,23,8,13,111,36,75,892,8.41
2025-04-01,"Materials",22,9,3,7,25,16,9,272,3.31
2025-04-01,"Real Estate",30,9,5,12,35,21,14,291,4.81
2025-04-01,"Semiconductors",17,2,1,1,18,3,15,114,13.16
2025-04-01,"Technology ex-Semis",54,7,4,2,58,9,49,384,12.76
2025-04-01,"Utilities",9,1,2,1,11,2,9,120,7.50
2025-04-02,"Communication/Media",38,9,11,3,49,12,37,341,10.85
2025-04-02,"Consumer Discretionary",78,11,23,6,101,17,84,553,15.19
2025-04-02,"Consumer Staples",28,16,8,6,36,22,14,221,6.33
2025-04-02,"Energy",31,5,7,1,38,6,32,270,11.85
2025-04-02,"Financials",145,26,17,8,162,34,128,891,14.37
2025-04-02,"Healthcare",200,32,12,23,212,55,157,1068,14.70
2025-04-02,"Industrials",133,15,23,15,156,30,126,892,14.13
2025-04-02,"Materials",37,8,4,3,41,11,30,272,11.03
2025-04-02,"Real Estate",36,12,5,4,41,16,25,291,8.59
2025-04-02,"Semiconductors",15,3,1,0,16,3,13,114,11.40
2025-04-02,"Technology ex-Semis",56,9,4,6,60,15,45,384,11.72
2025-04-02,"Utilities",4,6,8,0,12,6,6,120,5.00
2025-04-03,"Communication/Media",14,17,4,32,18,49,-31,341,-9.09
2025-04-03,"Consumer Discretionary",21,33,6,74,27,107,-80,553,-14.47
2025-04-03,"Consumer Staples",7,21,16,17,23,38,-15,221,-6.79
2025-04-03,"Energy",1,25,1,54,2,79,-77,270,-28.52
2025-04-03,"Financials",39,39,10,198,49,237,-188,891,-21.10
2025-04-03,"Healthcare",51,41,12,50,63,91,-28,1068,-2.62
2025-04-03,"Industrials",35,40,6,91,41,131,-90,892,-10.09
2025-04-03,"Materials",12,13,1,32,13,45,-32,272,-11.76
2025-04-03,"Real Estate",8,37,9,28,17,65,-48,291,-16.49
2025-04-03,"Semiconductors",1,3,0,13,1,16,-15,114,-13.16
2025-04-03,"Technology ex-Semis",16,14,1,25,17,39,-22,384,-5.73
2025-04-03,"Utilities",7,17,8,2,15,19,-4,120,-3.33
2025-04-04,"Communication/Media",7,12,1,50,8,62,-54,341,-15.84
2025-04-04,"Consumer Discretionary",46,19,3,59,49,78,-29,553,-5.24
2025-04-04,"Consumer Staples",9,22,5,19,14,41,-27,221,-12.22
2025-04-04,"Energy",6,2,0,104,6,106,-100,270,-37.04
2025-04-04,"Financials",86,19,2,188,88,207,-119,891,-13.36
2025-04-04,"Healthcare",77,40,3,98,80,138,-58,1068,-5.43
2025-04-04,"Industrials",73,20,4,124,77,144,-67,892,-7.51
2025-04-04,"Materials",10,10,1,51,11,61,-50,272,-18.38
2025-04-04,"Real Estate",11,11,0,76,11,87,-76,291,-26.12
2025-04-04,"Semiconductors",10,1,0,11,10,12,-2,114,-1.75
2025-04-04,"Technology ex-Semis",20,8,2,51,22,59,-37,384,-9.64
2025-04-04,"Utilities",5,9,2,29,7,38,-31,120,-25.83
2025-04-07,"Communication/Media",12,3,1,25,13,28,-15,341,-4.40
2025-04-07,"Consumer Discretionary",25,13,5,41,30,54,-24,553,-4.34
2025-04-07,"Consumer Staples",7,7,2,39,9,46,-37,221,-16.74
2025-04-07,"Energy",12,1,0,18,12,19,-7,270,-2.59
2025-04-07,"Financials",44,11,6,51,50,62,-12,891,-1.35
2025-04-07,"Healthcare",110,13,8,81,118,94,24,1068,2.25
2025-04-07,"Industrials",68,8,4,59,72,67,5,892,0.56
2025-04-07,"Materials",13,5,1,22,14,27,-13,272,-4.78
2025-04-07,"Real Estate",9,3,1,30,10,33,-23,291,-7.90
2025-04-07,"Semiconductors",4,4,0,1,4,5,-1,114,-0.88
2025-04-07,"Technology ex-Semis",37,7,1,23,38,30,8,384,2.08
2025-04-07,"Utilities",7,4,0,22,7,26,-19,120,-15.83
2025-04-08,"Communication/Media",6,32,1,7,7,39,-32,341,-9.38
2025-04-08,"Consumer Discretionary",7,65,5,8,12,73,-61,553,-11.03
2025-04-08,"Consumer Staples",2,27,1,10,3,37,-34,221,-15.38
2025-04-08,"Energy",1,16,2,2,3,18,-15,270,-5.56
2025-04-08,"Financials",9,53,1,9,10,62,-52,891,-5.84
2025-04-08,"Healthcare",5,77,18,15,23,92,-69,1068,-6.46
2025-04-08,"Industrials",10,86,3,7,13,93,-80,892,-8.97
2025-04-08,"Materials",2,20,0,1,2,21,-19,272,-6.99
2025-04-08,"Real Estate",5,22,1,4,6,26,-20,291,-6.87
2025-04-08,"Semiconductors",1,3,0,1,1,4,-3,114,-2.63
2025-04-08,"Technology ex-Semis",2,16,0,3,2,19,-17,384,-4.43
2025-04-08,"Utilities",1,25,0,4,1,29,-28,120,-23.33
2025-04-09,"Communication/Media",78,2,1,10,79,12,67,341,19.65
2025-04-09,"Consumer Discretionary",87,7,21,7,108,14,94,553,17.00
2025-04-09,"Consumer Staples",48,0,6,11,54,11,43,221,19.46
2025-04-09,"Energy",63,1,2,5,65,6,59,270,21.85
2025-04-09,"Financials",203,5,18,20,221,25,196,891,22.00
2025-04-09,"Healthcare",280,4,19,21,299,25,274,1068,25.66
2025-04-09,"Industrials",145,7,16,8,161,15,146,892,16.37
2025-04-09,"Materials",64,2,3,4,67,6,61,272,22.43
2025-04-09,"Real Estate",91,1,3,7,94,8,86,291,29.55
2025-04-09,"Semiconductors",18,1,0,0,18,1,17,114,14.91
2025-04-09,"Technology ex-Semis",77,3,5,1,82,4,78,384,20.31
2025-04-09,"Utilities",27,3,2,10,29,13,16,120,13.33
2025-04-10,"Communication/Media",25,22,1,1,26,23,3,341,0.88
2025-04-10,"Consumer Discretionary",55,22,1,2,56,24,32,553,5.79
2025-04-10,"Consumer Staples",20,8,1,0,21,8,13,221,5.88
2025-04-10,"Energy",7,12,0,1,7,13,-6,270,-2.22
2025-04-10,"Financials",42,52,4,18,46,70,-24,891,-2.69
2025-04-10,"Healthcare",62,40,11,5,73,45,28,1068,2.62
2025-04-10,"Industrials",69,27,4,1,73,28,45,892,5.04
2025-04-10,"Materials",34,1,12,0,46,1,45,272,16.54
2025-04-10,"Real Estate",12,6,2,2,14,8,6,291,2.06
2025-04-10,"Semiconductors",6,8,0,0,6,8,-2,114,-1.75
2025-04-10,"Technology ex-Semis",23,15,0,1,23,16,7,384,1.82
2025-04-10,"Utilities",14,2,0,0,14,2,12,120,10.00
2025-04-11,"Communication/Media",37,4,2,2,39,6,33,341,9.68
2025-04-11,"Consumer Discretionary",98,11,3,2,101,13,88,553,15.91
2025-04-11,"Consumer Staples",50,5,6,4,56,9,47,221,21.27
2025-04-11,"Energy",71,6,2,1,73,7,66,270,24.44
2025-04-11,"Financials",210,10,7,21,217,31,186,891,20.88
2025-04-11,"Healthcare",217,11,16,5,233,16,217,1068,20.32
2025-04-11,"Industrials",221,12,11,2,232,14,218,892,24.44
2025-04-11,"Materials",55,7,15,0,70,7,63,272,23.16
2025-04-11,"Real Estate",81,3,1,1,82,4,78,291,26.80
2025-04-11,"Semiconductors",14,0,0,1,14,1,13,114,11.40
2025-04-11,"Technology ex-Semis",73,8,2,2,75,10,65,384,16.93
2025-04-11,"Utilities",30,1,4,1,34,2,32,120,26.67
2025-04-14,"Communication/Media",16,23,3,3,19,26,-7,341,-2.05
2025-04-14,"Consumer Discretionary",43,27,9,2,52,29,23,553,4.16
2025-04-14,"Consumer Staples",21,11,5,0,26,11,15,221,6.79
2025-04-14,"Energy",9,36,2,0,11,36,-25,270,-9.26
2025-04-14,"Financials",110,35,10,6,120,41,79,891,8.87
2025-04-14,"Healthcare",79,63,15,2,94,65,29,1068,2.72
2025-04-14,"Industrials",37,80,21,2,58,82,-24,892,-2.69
2025-04-14,"Materials",11,5,6,0,17,5,12,272,4.41
2025-04-14,"Real Estate",42,6,1,0,43,6,37,291,12.71
2025-04-14,"Semiconductors",2,5,2,0,4,5,-1,114,-0.88
2025-04-14,"Technology ex-Semis",11,44,5,0,16,44,-28,384,-7.29
2025-04-14,"Utilities",18,3,1,1,19,4,15,120,12.50
2025-04-15,"Communication/Media",23,19,6,0,29,19,10,341,2.93
2025-04-15,"Consumer Discretionary",23,51,2,3,25,54,-29,553,-5.24
2025-04-15,"Consumer Staples",7,26,2,1,9,27,-18,221,-8.14
2025-04-15,"Energy",9,32,0,0,9,32,-23,270,-8.52
2025-04-15,"Financials",61,58,9,3,70,61,9,891,1.01
2025-04-15,"Healthcare",54,115,16,4,70,119,-49,1068,-4.59
2025-04-15,"Industrials",26,95,18,4,44,99,-55,892,-6.17
2025-04-15,"Materials",3,25,6,0,9,25,-16,272,-5.88
2025-04-15,"Real Estate",12,18,6,0,18,18,0,291,0.00
2025-04-15,"Semiconductors",4,8,0,0,4,8,-4,114,-3.51
2025-04-15,"Technology ex-Semis",9,23,6,1,15,24,-9,384,-2.34
2025-04-15,"Utilities",2,12,3,0,5,12,-7,120,-5.83
2025-04-16,"Communication/Media",13,19,4,4,17,23,-6,341,-1.76
2025-04-16,"Consumer Discretionary",17,28,1,1,18,29,-11,553,-1.99
2025-04-16,"Consumer Staples",7,21,4,2,11,23,-12,221,-5.43
2025-04-16,"Energy",3,15,1,1,4,16,-12,270,-4.44
2025-04-16,"Financials",62,46,12,0,74,46,28,891,3.14
2025-04-16,"Healthcare",40,95,14,9,54,104,-50,1068,-4.68
2025-04-16,"Industrials",30,36,13,3,43,39,4,892,0.45
2025-04-16,"Materials",7,14,12,1,19,15,4,272,1.47
2025-04-16,"Real Estate",12,11,1,4,13,15,-2,291,-0.69
2025-04-16,"Semiconductors",8,0,0,0,8,0,8,114,7.02
2025-04-16,"Technology ex-Semis",15,14,2,1,17,15,2,384,0.52
2025-04-16,"Utilities",2,8,3,0,5,8,-3,120,-2.50
2025-04-17,"Communication/Media",19,11,8,1,27,12,15,341,4.40
2025-04-17,"Consumer Discretionary",50,10,5,4,55,14,41,553,7.41
2025-04-17,"Consumer Staples",40,5,6,2,46,7,39,221,17.65
2025-04-17,"Energy",15,9,3,0,18,9,9,270,3.33
2025-04-17,"Financials",45,37,13,4,58,41,17,891,1.91
2025-04-17,"Healthcare",79,35,14,12,93,47,46,1068,4.31
2025-04-17,"Industrials",54,44,11,1,65,45,20,892,2.24
2025-04-17,"Materials",2,14,1,0,3,14,-11,272,-4.04
2025-04-17,"Real Estate",25,11,6,0,31,11,20,291,6.87
2025-04-17,"Semiconductors",5,5,0,0,5,5,0,114,0.00
2025-04-17,"Technology ex-Semis",19,18,2,0,21,18,3,384,0.78
2025-04-17,"Utilities",6,4,4,0,10,4,6,120,5.00
2025-04-21,"Communication/Media",13,23,5,5,18,28,-10,341,-2.93
2025-04-21,"Consumer Discretionary",31,34,5,4,36,38,-2,553,-0.36
2025-04-21,"Consumer Staples",11,16,1,5,12,21,-9,221,-4.07
2025-04-21,"Energy",5,30,1,2,6,32,-26,270,-9.63
2025-04-21,"Financials",40,64,9,2,49,66,-17,891,-1.91
2025-04-21,"Healthcare",59,93,20,10,79,103,-24,1068,-2.25
2025-04-21,"Industrials",28,74,3,11,31,85,-54,892,-6.05
2025-04-21,"Materials",13,26,3,2,16,28,-12,272,-4.41
2025-04-21,"Real Estate",10,11,1,3,11,14,-3,291,-1.03
2025-04-21,"Semiconductors",16,5,0,0,16,5,11,114,9.65
2025-04-21,"Technology ex-Semis",16,22,3,5,19,27,-8,384,-2.08
2025-04-21,"Utilities",1,13,0,0,1,13,-12,120,-10.00
2025-04-22,"Communication/Media",35,10,8,0,43,10,33,341,9.68
2025-04-22,"Consumer Discretionary",61,22,14,1,75,23,52,553,9.40
2025-04-22,"Consumer Staples",20,3,4,0,24,3,21,221,9.50
2025-04-22,"Energy",17,14,1,0,18,14,4,270,1.48
2025-04-22,"Financials",113,19,21,0,134,19,115,891,12.91
2025-04-22,"Healthcare",75,34,39,3,114,37,77,1068,7.21
2025-04-22,"Industrials",100,29,15,2,115,31,84,892,9.42
2025-04-22,"Materials",23,32,4,0,27,32,-5,272,-1.84
2025-04-22,"Real Estate",12,7,5,1,17,8,9,291,3.09
2025-04-22,"Semiconductors",10,4,2,1,12,5,7,114,6.14
2025-04-22,"Technology ex-Semis",48,6,2,3,50,9,41,384,10.68
2025-04-22,"Utilities",6,2,6,0,12,2,10,120,8.33
2025-04-23,"Communication/Media",5,60,13,1,18,61,-43,341,-12.61
2025-04-23,"Consumer Discretionary",13,113,16,0,29,113,-84,553,-15.19
2025-04-23,"Consumer Staples",9,30,9,2,18,32,-14,221,-6.33
2025-04-23,"Energy",4,24,4,1,8,25,-17,270,-6.30
2025-04-23,"Financials",13,134,37,2,50,136,-86,891,-9.65
2025-04-23,"Healthcare",23,170,66,2,89,172,-83,1068,-7.77
2025-04-23,"Industrials",16,216,31,1,47,217,-170,892,-19.06
2025-04-23,"Materials",6,38,8,0,14,38,-24,272,-8.82
2025-04-23,"Real Estate",0,55,5,0,5,55,-50,291,-17.18
2025-04-23,"Semiconductors",2,19,2,0,4,19,-15,114,-13.16
2025-04-23,"Technology ex-Semis",7,66,16,1,23,67,-44,384,-11.46
2025-04-23,"Utilities",1,15,7,0,8,15,-7,120,-5.83
2025-04-24,"Communication/Media",36,9,6,1,42,10,32,341,9.38
2025-04-24,"Consumer Discretionary",41,18,12,4,53,22,31,553,5.61
2025-04-24,"Consumer Staples",11,17,9,3,20,20,0,221,0.00
2025-04-24,"Energy",8,7,11,0,19,7,12,270,4.44
2025-04-24,"Financials",33,26,20,2,53,28,25,891,2.81
2025-04-24,"Healthcare",68,45,44,3,112,48,64,1068,5.99
2025-04-24,"Industrials",104,25,24,4,128,29,99,892,11.10
2025-04-24,"Materials",17,7,8,0,25,7,18,272,6.62
2025-04-24,"Real Estate",12,17,2,1,14,18,-4,291,-1.37
2025-04-24,"Semiconductors",19,0,3,0,22,0,22,114,19.30
2025-04-24,"Technology ex-Semis",44,8,20,1,64,9,55,384,14.32
2025-04-24,"Utilities",3,9,1,0,4,9,-5,120,-4.17
2025-04-25,"Communication/Media",17,22,14,1,31,23,8,341,2.35
2025-04-25,"Consumer Discretionary",26,26,7,2,33,28,5,553,0.90
2025-04-25,"Consumer Staples",17,13,2,6,19,19,0,221,0.00
2025-04-25,"Energy",21,6,6,0,27,6,21,270,7.78
2025-04-25,"Financials",28,47,21,8,49,55,-6,891,-0.67
2025-04-25,"Healthcare",51,63,39,6,90,69,21,1068,1.97
2025-04-25,"Industrials",32,38,45,3,77,41,36,892,4.04
2025-04-25,"Materials",12,12,0,0,12,12,0,272,0.00
2025-04-25,"Real Estate",22,10,4,1,26,11,15,291,5.15
2025-04-25,"Semiconductors",6,3,6,0,12,3,9,114,7.89
2025-04-25,"Technology ex-Semis",8,18,39,2,47,20,27,384,7.03
2025-04-25,"Utilities",6,16,4,1,10,17,-7,120,-5.83
2025-04-28,"Communication/Media",14,13,10,0,24,13,11,341,3.23
2025-04-28,"Consumer Discretionary",19,37,21,2,40,39,1,553,0.18
2025-04-28,"Consumer Staples",4,21,5,0,9,21,-12,221,-5.43
2025-04-28,"Energy",10,15,9,0,19,15,4,270,1.48
2025-04-28,"Financials",34,28,25,0,59,28,31,891,3.48
2025-04-28,"Healthcare",16,92,41,2,57,94,-37,1068,-3.46
2025-04-28,"Industrials",16,62,38,2,54,64,-10,892,-1.12
2025-04-28,"Materials",16,16,9,1,25,17,8,272,2.94
2025-04-28,"Real Estate",18,9,4,1,22,10,12,291,4.12
2025-04-28,"Semiconductors",0,9,9,0,9,9,0,114,0.00
2025-04-28,"Technology ex-Semis",7,21,21,0,28,21,7,384,1.82
2025-04-28,"Utilities",13,2,3,0,16,2,14,120,11.67
2025-04-29,"Communication/Media",11,30,20,0,31,30,1,341,0.29
2025-04-29,"Consumer Discretionary",31,30,14,5,45,35,10,553,1.81
2025-04-29,"Consumer Staples",29,7,4,2,33,9,24,221,10.86
2025-04-29,"Energy",7,30,4,1,11,31,-20,270,-7.41
2025-04-29,"Financials",47,37,38,2,85,39,46,891,5.16
2025-04-29,"Healthcare",33,98,43,5,76,103,-27,1068,-2.53
2025-04-29,"Industrials",41,51,28,4,69,55,14,892,1.57
2025-04-29,"Materials",4,21,9,0,13,21,-8,272,-2.94
2025-04-29,"Real Estate",8,21,6,1,14,22,-8,291,-2.75
2025-04-29,"Semiconductors",4,16,1,1,5,17,-12,114,-10.53
2025-04-29,"Technology ex-Semis",7,28,21,1,28,29,-1,384,-0.26
2025-04-29,"Utilities",10,1,3,0,13,1,12,120,10.00
2025-04-30,"Communication/Media",37,14,8,5,45,19,26,341,7.62
2025-04-30,"Consumer Discretionary",70,16,15,4,85,20,65,553,11.75
2025-04-30,"Consumer Staples",32,8,4,3,36,11,25,221,11.31
2025-04-30,"Energy",12,22,1,1,13,23,-10,270,-3.70
2025-04-30,"Financials",81,47,15,3,96,50,46,891,5.16
2025-04-30,"Healthcare",82,48,48,4,130,52,78,1068,7.30
2025-04-30,"Industrials",129,34,20,8,149,42,107,892,12.00
2025-04-30,"Materials",44,13,4,1,48,14,34,272,12.50
2025-04-30,"Real Estate",52,8,4,0,56,8,48,291,16.49
2025-04-30,"Semiconductors",30,4,3,0,33,4,29,114,25.44
2025-04-30,"Technology ex-Semis",51,11,11,2,62,13,49,384,12.76
2025-04-30,"Utilities",16,5,3,0,19,5,14,120,11.67
2025-05-01,"Communication/Media",14,47,16,2,30,49,-19,341,-5.57
2025-05-01,"Consumer Discretionary",15,56,21,4,36,60,-24,553,-4.34
2025-05-01,"Consumer Staples",10,21,5,4,15,25,-10,221,-4.52
2025-05-01,"Energy",15,14,4,0,19,14,5,270,1.85
2025-05-01,"Financials",24,103,39,3,63,106,-43,891,-4.83
2025-05-01,"Healthcare",40,101,36,3,76,104,-28,1068,-2.62
2025-05-01,"Industrials",21,99,49,4,70,103,-33,892,-3.70
2025-05-01,"Materials",4,25,5,1,9,26,-17,272,-6.25
2025-05-01,"Real Estate",6,26,14,4,20,30,-10,291,-3.44
2025-05-01,"Semiconductors",2,22,10,0,12,22,-10,114,-8.77
2025-05-01,"Technology ex-Semis",9,67,23,0,32,67,-35,384,-9.11
2025-05-01,"Utilities",1,15,1,1,2,16,-14,120,-11.67
2025-05-02,"Communication/Media",7,27,37,9,44,36,8,341,2.35
2025-05-02,"Consumer Discretionary",23,29,67,2,90,31,59,553,10.67
2025-05-02,"Consumer Staples",7,14,13,1,20,15,5,221,2.26
2025-05-02,"Energy",21,12,6,0,27,12,15,270,5.56
2025-05-02,"Financials",34,42,147,4,181,46,135,891,15.15
2025-05-02,"Healthcare",30,124,85,4,115,128,-13,1068,-1.22
2025-05-02,"Industrials",46,54,108,4,154,58,96,892,10.76
2025-05-02,"Materials",8,14,19,0,27,14,13,272,4.78
2025-05-02,"Real Estate",11,13,23,0,34,13,21,291,7.22
2025-05-02,"Semiconductors",5,5,32,0,37,5,32,114,28.07
2025-05-02,"Technology ex-Semis",7,33,40,0,47,33,14,384,3.65
2025-05-02,"Utilities",7,4,3,1,10,5,5,120,4.17
2025-05-05,"Communication/Media",9,35,19,1,28,36,-8,341,-2.35
2025-05-05,"Consumer Discretionary",17,72,32,2,49,74,-25,553,-4.52
2025-05-05,"Consumer Staples",14,18,6,2,20,20,0,221,0.00
2025-05-05,"Energy",3,40,20,1,23,41,-18,270,-6.67
2025-05-05,"Financials",10,116,71,2,81,118,-37,891,-4.15
2025-05-05,"Healthcare",37,167,24,12,61,179,-118,1068,-11.05
2025-05-05,"Industrials",15,108,52,3,67,111,-44,892,-4.93
2025-05-05,"Materials",17,27,10,1,27,28,-1,272,-0.37
2025-05-05,"Real Estate",7,54,22,0,29,54,-25,291,-8.59
2025-05-05,"Semiconductors",2,22,2,0,4,22,-18,114,-15.79
2025-05-05,"Technology ex-Semis",9,47,16,2,25,49,-24,384,-6.25
2025-05-05,"Utilities",9,11,4,0,13,11,2,120,1.67
2025-05-06,"Communication/Media",30,26,7,4,37,30,7,341,2.05
2025-05-06,"Consumer Discretionary",31,43,19,4,50,47,3,553,0.54
2025-05-06,"Consumer Staples",17,20,3,6,20,26,-6,221,-2.71
2025-05-06,"Energy",10,21,9,1,19,22,-3,270,-1.11
2025-05-06,"Financials",50,76,17,5,67,81,-14,891,-1.57
2025-05-06,"Healthcare",29,161,14,16,43,177,-134,1068,-12.55
2025-05-06,"Industrials",45,92,18,5,63,97,-34,892,-3.81
2025-05-06,"Materials",32,9,10,1,42,10,32,272,11.76
2025-05-06,"Real Estate",14,21,10,0,24,21,3,291,1.03
2025-05-06,"Semiconductors",9,8,1,2,10,10,0,114,0.00
2025-05-06,"Technology ex-Semis",31,20,5,3,36,23,13,384,3.39
2025-05-06,"Utilities",15,7,6,0,21,7,14,120,11.67
2025-05-07,"Communication/Media",18,29,11,1,29,30,-1,341,-0.29
2025-05-07,"Consumer Discretionary",23,40,18,6,41,46,-5,553,-0.90
2025-05-07,"Consumer Staples",11,20,6,5,17,25,-8,221,-3.62
2025-05-07,"Energy",12,21,10,6,22,27,-5,270,-1.85
2025-05-07,"Financials",13,95,23,7,36,102,-66,891,-7.41
2025-05-07,"Healthcare",62,64,20,19,82,83,-1,1068,-0.09
2025-05-07,"Industrials",31,69,28,18,59,87,-28,892,-3.14
2025-05-07,"Materials",8,23,6,1,14,24,-10,272,-3.68
2025-05-07,"Real Estate",10,31,15,2,25,33,-8,291,-2.75
2025-05-07,"Semiconductors",9,5,2,0,11,5,6,114,5.26
2025-05-07,"Technology ex-Semis",21,14,14,2,35,16,19,384,4.95
2025-05-07,"Utilities",2,9,6,0,8,9,-1,120,-0.83
2025-05-08,"Communication/Media",16,28,16,6,32,34,-2,341,-0.59
2025-05-08,"Consumer Discretionary",34,37,46,5,80,42,38,553,6.87
2025-05-08,"Consumer Staples",19,15,7,2,26,17,9,221,4.07
2025-05-08,"Energy",29,21,24,3,53,24,29,270,10.74
2025-05-08,"Financials",39,73,40,2,79,75,4,891,0.45
2025-05-08,"Healthcare",85,72,43,14,128,86,42,1068,3.93
2025-05-08,"Industrials",71,52,39,10,110,62,48,892,5.38
2025-05-08,"Materials",13,32,11,1,24,33,-9,272,-3.31
2025-05-08,"Real Estate",6,31,18,2,24,33,-9,291,-3.09
2025-05-08,"Semiconductors",1,11,10,1,11,12,-1,114,-0.88
2025-05-08,"Technology ex-Semis",20,20,20,3,40,23,17,384,4.43
2025-05-08,"Utilities",2,30,6,2,8,32,-24,120,-20.00
2025-05-09,"Communication/Media",6,33,13,8,19,41,-22,341,-6.45
2025-05-09,"Consumer Discretionary",19,72,20,5,39,77,-38,553,-6.87
2025-05-09,"Consumer Staples",10,28,6,4,16,32,-16,221,-7.24
2025-05-09,"Energy",13,22,25,3,38,25,13,270,4.81
2025-05-09,"Financials",26,98,17,5,43,103,-60,891,-6.73
2025-05-09,"Healthcare",32,129,16,23,48,152,-104,1068,-9.74
2025-05-09,"Industrials",38,76,26,5,64,81,-17,892,-1.91
2025-05-09,"Materials",14,10,11,8,25,18,7,272,2.57
2025-05-09,"Real Estate",27,18,8,3,35,21,14,291,4.81
2025-05-09,"Semiconductors",1,12,4,1,5,13,-8,114,-7.02
2025-05-09,"Technology ex-Semis",11,44,17,9,28,53,-25,384,-6.51
2025-05-09,"Utilities",8,5,3,1,11,6,5,120,4.17
2025-05-12,"Communication/Media",10,41,24,5,34,46,-12,341,-3.52
2025-05-12,"Consumer Discretionary",26,53,68,2,94,55,39,553,7.05
2025-05-12,"Consumer Staples",15,22,26,5,41,27,14,221,6.33
2025-05-12,"Energy",4,54,44,1,48,55,-7,270,-2.59
2025-05-12,"Financials",32,125,84,4,116,129,-13,891,-1.46
2025-05-12,"Healthcare",91,75,43,18,134,93,41,1068,3.84
2025-05-12,"Industrials",28,92,99,7,127,99,28,892,3.14
2025-05-12,"Materials",7,40,23,16,30,56,-26,272,-9.56
2025-05-12,"Real Estate",13,26,35,2,48,28,20,291,6.87
2025-05-12,"Semiconductors",2,7,12,0,14,7,7,114,6.14
2025-05-12,"Technology ex-Semis",9,31,33,1,42,32,10,384,2.60
2025-05-12,"Utilities",0,14,7,14,7,28,-21,120,-17.50
2025-05-13,"Communication/Media",18,38,8,3,26,41,-15,341,-4.40
2025-05-13,"Consumer Discretionary",14,55,17,10,31,65,-34,553,-6.15
2025-05-13,"Consumer Staples",7,23,7,6,14,29,-15,221,-6.79
2025-05-13,"Energy",24,10,16,1,40,11,29,270,10.74
2025-05-13,"Financials",28,78,18,5,46,83,-37,891,-4.15
2025-05-13,"Healthcare",59,88,37,35,96,123,-27,1068,-2.53
2025-05-13,"Industrials",14,92,30,7,44,99,-55,892,-6.17
2025-05-13,"Materials",14,32,6,12,20,44,-24,272,-8.82
2025-05-13,"Real Estate",8,43,5,8,13,51,-38,291,-13.06
2025-05-13,"Semiconductors",5,11,2,0,7,11,-4,114,-3.51
2025-05-13,"Technology ex-Semis",8,29,11,2,19,31,-12,384,-3.13
2025-05-13,"Utilities",2,8,6,19,8,27,-19,120,-15.83
2025-05-14,"Communication/Media",14,34,11,5,25,39,-14,341,-4.11
2025-05-14,"Consumer Discretionary",14,59,7,6,21,65,-44,553,-7.96
2025-05-14,"Consumer Staples",3,37,2,4,5,41,-36,221,-16.29
2025-05-14,"Energy",8,26,2,3,10,29,-19,270,-7.04
2025-05-14,"Financials",29,116,7,5,36,121,-85,891,-9.54
2025-05-14,"Healthcare",44,128,25,36,69,164,-95,1068,-8.90
2025-05-14,"Industrials",22,117,8,10,30,127,-97,892,-10.87
2025-05-14,"Materials",11,26,1,13,12,39,-27,272,-9.93
2025-05-14,"Real Estate",11,41,1,18,12,59,-47,291,-16.15
2025-05-14,"Semiconductors",0,8,2,1,2,9,-7,114,-6.14
2025-05-14,"Technology ex-Semis",11,55,4,5,15,60,-45,384,-11.72
2025-05-14,"Utilities",11,8,0,6,11,14,-3,120,-2.50
2025-05-15,"Communication/Media",17,26,6,4,23,30,-7,341,-2.05
2025-05-15,"Consumer Discretionary",41,26,2,4,43,30,13,553,2.35
2025-05-15,"Consumer Staples",34,7,2,2,36,9,27,221,12.22
2025-05-15,"Energy",35,18,1,3,36,21,15,270,5.56
2025-05-15,"Financials",74,45,9,8,83,53,30,891,3.37
2025-05-15,"Healthcare",158,37,16,34,174,71,103,1068,9.64
2025-05-15,"Industrials",59,39,10,13,69,52,17,892,1.91
2025-05-15,"Materials",27,8,3,6,30,14,16,272,5.88
2025-05-15,"Real Estate",49,7,3,2,52,9,43,291,14.78
2025-05-15,"Semiconductors",2,6,0,2,2,8,-6,114,-5.26
2025-05-15,"Technology ex-Semis",15,27,6,3,21,30,-9,384,-2.34
2025-05-15,"Utilities",38,4,2,1,40,5,35,120,29.17
2025-05-16,"Communication/Media",16,22,7,0,23,22,1,341,0.29
2025-05-16,"Consumer Discretionary",37,28,10,3,47,31,16,553,2.89
2025-05-16,"Consumer Staples",22,12,7,2,29,14,15,221,6.79
2025-05-16,"Energy",6,22,3,1,9,23,-14,270,-5.19
2025-05-16,"Financials",60,102,14,1,74,103,-29,891,-3.25
2025-05-16,"Healthcare",105,67,25,12,130,79,51,1068,4.78
2025-05-16,"Industrials",46,61,7,5,53,66,-13,892,-1.46
2025-05-16,"Materials",33,9,3,2,36,11,25,272,9.19
2025-05-16,"Real Estate",24,25,6,3,30,28,2,291,0.69
2025-05-16,"Semiconductors",2,10,1,0,3,10,-7,114,-6.14
2025-05-16,"Technology ex-Semis",19,21,5,5,24,26,-2,384,-0.52
2025-05-16,"Utilities",12,7,4,1,16,8,8,120,6.67
2025-05-19,"Communication/Media",30,22,6,4,36,26,10,341,2.93
2025-05-19,"Consumer Discretionary",31,31,8,6,39,37,2,553,0.36
2025-05-19,"Consumer Staples",16,9,3,4,19,13,6,221,2.71
2025-05-19,"Energy",19,13,1,3,20,16,4,270,1.48
2025-05-19,"Financials",102,25,16,6,118,31,87,891,9.76
2025-05-19,"Healthcare",107,56,23,12,130,68,62,1068,5.81
2025-05-19,"Industrials",50,35,4,11,54,46,8,892,0.90
2025-05-19,"Materials",24,12,3,2,27,14,13,272,4.78
2025-05-19,"Real Estate",14,14,5,4,19,18,1,291,0.34
2025-05-19,"Semiconductors",7,4,3,0,10,4,6,114,5.26
2025-05-19,"Technology ex-Semis",17,20,6,2,23,22,1,384,0.26
2025-05-19,"Utilities",20,1,1,1,21,2,19,120,15.83
2025-05-20,"Communication/Media",22,36,8,3,30,39,-9,341,-2.64
2025-05-20,"Consumer Discretionary",18,58,4,1,22,59,-37,553,-6.69
2025-05-20,"Consumer Staples",5,14,6,1,11,15,-4,221,-1.81
2025-05-20,"Energy",8,26,3,2,11,28,-17,270,-6.30
2025-05-20,"Financials",31,94,11,6,42,100,-58,891,-6.51
2025-05-20,"Healthcare",61,63,29,6,90,69,21,1068,1.97
2025-05-20,"Industrials",33,77,9,7,42,84,-42,892,-4.71
2025-05-20,"Materials",13,23,2,2,15,25,-10,272,-3.68
2025-05-20,"Real Estate",10,42,2,3,12,45,-33,291,-11.34
2025-05-20,"Semiconductors",5,4,0,0,5,4,1,114,0.88
2025-05-20,"Technology ex-Semis",18,20,4,1,22,21,1,384,0.26
2025-05-20,"Utilities",2,10,3,1,5,11,-6,120,-5.00
2025-05-21,"Communication/Media",2,56,4,6,6,62,-56,341,-16.42
2025-05-21,"Consumer Discretionary",6,89,6,13,12,102,-90,553,-16.27
2025-05-21,"Consumer Staples",5,36,1,10,6,46,-40,221,-18.10
2025-05-21,"Energy",6,39,2,7,8,46,-38,270,-14.07
2025-05-21,"Financials",10,180,7,28,17,208,-191,891,-21.44
2025-05-21,"Healthcare",9,190,17,21,26,211,-185,1068,-17.32
2025-05-21,"Industrials",13,141,5,12,18,153,-135,892,-15.13
2025-05-21,"Materials",3,22,6,6,9,28,-19,272,-6.99
2025-05-21,"Real Estate",7,38,0,16,7,54,-47,291,-16.15
2025-05-21,"Semiconductors",1,19,0,2,1,21,-20,114,-17.54
2025-05-21,"Technology ex-Semis",1,61,1,11,2,72,-70,384,-18.23
2025-05-21,"Utilities",1,25,1,8,2,33,-31,120,-25.83
2025-05-22,"Communication/Media",16,21,1,8,17,29,-12,341,-3.52
2025-05-22,"Consumer Discretionary",49,14,5,11,54,25,29,553,5.24
2025-05-22,"Consumer Staples",10,14,0,11,10,25,-15,221,-6.79
2025-05-22,"Energy",27,14,2,17,29,31,-2,270,-0.74
2025-05-22,"Financials",37,51,7,17,44,68,-24,891,-2.69
2025-05-22,"Healthcare",69,54,11,28,80,82,-2,1068,-0.19
2025-05-22,"Industrials",57,38,4,16,61,54,7,892,0.78
2025-05-22,"Materials",15,12,3,7,18,19,-1,272,-0.37
2025-05-22,"Real Estate",15,11,2,25,17,36,-19,291,-6.53
2025-05-22,"Semiconductors",2,6,2,1,4,7,-3,114,-2.63
2025-05-22,"Technology ex-Semis",25,21,3,3,28,24,4,384,1.04
2025-05-22,"Utilities",6,8,1,8,7,16,-9,120,-7.50
2025-05-23,"Communication/Media",43,14,2,10,45,24,21,341,6.16
2025-05-23,"Consumer Discretionary",58,25,9,15,67,40,27,553,4.88
2025-05-23,"Consumer Staples",30,5,2,7,32,12,20,221,9.05
2025-05-23,"Energy",33,5,7,5,40,10,30,270,11.11
2025-05-23,"Financials",107,23,4,35,111,58,53,891,5.95
2025-05-23,"Healthcare",93,57,12,21,105,78,27,1068,2.53
2025-05-23,"Industrials",69,29,5,20,74,49,25,892,2.80
2025-05-23,"Materials",22,9,2,7,24,16,8,272,2.94
2025-05-23,"Real Estate",37,7,0,11,37,18,19,291,6.53
2025-05-23,"Semiconductors",6,4,0,2,6,6,0,114,0.00
2025-05-23,"Technology ex-Semis",24,17,1,6,25,23,2,384,0.52
2025-05-23,"Utilities",16,3,0,2,16,5,11,120,9.17
2025-05-27,"Communication/Media",33,24,4,3,37,27,10,341,2.93
2025-05-27,"Consumer Discretionary",54,27,10,4,64,31,33,553,5.97
2025-05-27,"Consumer Staples",29,15,8,1,37,16,21,221,9.50
2025-05-27,"Energy",23,14,7,2,30,16,14,270,5.19
2025-05-27,"Financials",126,32,13,7,139,39,100,891,11.22
2025-05-27,"Healthcare",70,91,16,22,86,113,-27,1068,-2.53
2025-05-27,"Industrials",81,25,20,6,101,31,70,892,7.85
2025-05-27,"Materials",31,14,5,1,36,15,21,272,7.72
2025-05-27,"Real Estate",41,7,2,4,43,11,32,291,11.00
2025-05-27,"Semiconductors",6,2,3,0,9,2,7,114,6.14
2025-05-27,"Technology ex-Semis",39,20,6,5,45,25,20,384,5.21
2025-05-27,"Utilities",4,5,2,0,6,5,1,120,0.83
2025-05-28,"Communication/Media",13,21,6,4,19,25,-6,341,-1.76
2025-05-28,"Consumer Discretionary",20,53,11,4,31,57,-26,553,-4.70
2025-05-28,"Consumer Staples",4,19,5,1,9,20,-11,221,-4.98
2025-05-28,"Energy",6,51,3,2,9,53,-44,270,-16.30
2025-05-28,"Financials",21,85,10,12,31,97,-66,891,-7.41
2025-05-28,"Healthcare",41,99,18,16,59,115,-56,1068,-5.24
2025-05-28,"Industrials",30,88,14,6,44,94,-50,892,-5.61
2025-05-28,"Materials",5,30,6,0,11,30,-19,272,-6.99
2025-05-28,"Real Estate",15,14,3,1,18,15,3,291,1.03
2025-05-28,"Semiconductors",2,18,1,4,3,22,-19,114,-16.67
2025-05-28,"Technology ex-Semis",7,33,3,9,10,42,-32,384,-8.33
2025-05-28,"Utilities",2,14,1,2,3,16,-13,120,-10.83
2025-05-29,"Communication/Media",21,30,3,4,24,34,-10,341,-2.93
2025-05-29,"Consumer Discretionary",23,34,6,7,29,41,-12,553,-2.17
2025-05-29,"Consumer Staples",32,8,1,3,33,11,22,221,9.95
2025-05-29,"Energy",26,17,6,3,32,20,12,270,4.44
2025-05-29,"Financials",93,33,13,5,106,38,68,891,7.63
2025-05-29,"Healthcare",87,62,23,16,110,78,32,1068,3.00
2025-05-29,"Industrials",51,59,14,12,65,71,-6,892,-0.67
2025-05-29,"Materials",10,41,3,0,13,41,-28,272,-10.29
2025-05-29,"Real Estate",31,13,9,4,40,17,23,291,7.90
2025-05-29,"Semiconductors",6,21,1,0,7,21,-14,114,-12.28
2025-05-29,"Technology ex-Semis",24,28,3,12,27,40,-13,384,-3.39
2025-05-29,"Utilities",25,4,1,1,26,5,21,120,17.50
2025-05-30,"Communication/Media",34,14,3,12,37,26,11,341,3.23
2025-05-30,"Consumer Discretionary",44,30,3,12,47,42,5,553,0.90
2025-05-30,"Consumer Staples",15,12,7,8,22,20,2,221,0.90
2025-05-30,"Energy",11,19,0,1,11,20,-9,270,-3.33
2025-05-30,"Financials",49,41,14,27,63,68,-5,891,-0.56
2025-05-30,"Healthcare",68,81,17,16,85,97,-12,1068,-1.12
2025-05-30,"Industrials",57,50,8,11,65,61,4,892,0.45
2025-05-30,"Materials",27,6,3,7,30,13,17,272,6.25
2025-05-30,"Real Estate",18,23,5,4,23,27,-4,291,-1.37
2025-05-30,"Semiconductors",7,3,0,6,7,9,-2,114,-1.75
2025-05-30,"Technology ex-Semis",32,13,1,10,33,23,10,384,2.60
2025-05-30,"Utilities",11,4,2,0,13,4,9,120,7.50
2025-06-02,"Communication/Media",33,16,3,3,36,19,17,341,4.99
2025-06-02,"Consumer Discretionary",53,38,7,18,60,56,4,553,0.72
2025-06-02,"Consumer Staples",28,10,3,11,31,21,10,221,4.52
2025-06-02,"Energy",19,21,7,3,26,24,2,270,0.74
2025-06-02,"Financials",80,48,11,65,91,113,-22,891,-2.47
2025-06-02,"Healthcare",92,52,44,19,136,71,65,1068,6.09
2025-06-02,"Industrials",74,30,11,25,85,55,30,892,3.36
2025-06-02,"Materials",11,13,27,2,38,15,23,272,8.46
2025-06-02,"Real Estate",28,16,4,11,32,27,5,291,1.72
2025-06-02,"Semiconductors",28,1,0,2,28,3,25,114,21.93
2025-06-02,"Technology ex-Semis",37,13,4,13,41,26,15,384,3.91
2025-06-02,"Utilities",2,6,0,1,2,7,-5,120,-4.17
2025-06-03,"Communication/Media",37,15,8,7,45,22,23,341,6.74
2025-06-03,"Consumer Discretionary",62,30,8,8,70,38,32,553,5.79
2025-06-03,"Consumer Staples",23,17,4,3,27,20,7,221,3.17
2025-06-03,"Energy",39,10,7,7,46,17,29,270,10.74
2025-06-03,"Financials",127,35,14,20,141,55,86,891,9.65
2025-06-03,"Healthcare",93,65,46,12,139,77,62,1068,5.81
2025-06-03,"Industrials",119,41,13,7,132,48,84,892,9.42
2025-06-03,"Materials",44,10,6,5,50,15,35,272,12.87
2025-06-03,"Real Estate",19,15,10,3,29,18,11,291,3.78
2025-06-03,"Semiconductors",21,1,1,1,22,2,20,114,17.54
2025-06-03,"Technology ex-Semis",47,16,8,2,55,18,37,384,9.64
2025-06-03,"Utilities",15,3,3,2,18,5,13,120,10.83
2025-06-04,"Communication/Media",15,36,8,2,23,38,-15,341,-4.40
2025-06-04,"Consumer Discretionary",30,48,7,5,37,53,-16,553,-2.89
2025-06-04,"Consumer Staples",17,16,2,2,19,18,1,221,0.45
2025-06-04,"Energy",6,76,10,4,16,80,-64,270,-23.70
2025-06-04,"Financials",28,146,8,13,36,159,-123,891,-13.80
2025-06-04,"Healthcare",51,127,41,5,92,132,-40,1068,-3.75
2025-06-04,"Industrials",46,101,12,7,58,108,-50,892,-5.61
2025-06-04,"Materials",15,26,10,1,25,27,-2,272,-0.74
2025-06-04,"Real Estate",14,20,3,1,17,21,-4,291,-1.37
2025-06-04,"Semiconductors",9,8,4,0,13,8,5,114,4.39
2025-06-04,"Technology ex-Semis",20,19,14,2,34,21,13,384,3.39
2025-06-04,"Utilities",3,26,1,2,4,28,-24,120,-20.00
2025-06-05,"Communication/Media",9,35,11,10,20,45,-25,341,-7.33
2025-06-05,"Consumer Discretionary",28,60,13,15,41,75,-34,553,-6.15
2025-06-05,"Consumer Staples",8,16,1,3,9,19,-10,221,-4.52
2025-06-05,"Energy",8,27,3,5,11,32,-21,270,-7.78
2025-06-05,"Financials",51,49,9,26,60,75,-15,891,-1.68
2025-06-05,"Healthcare",39,109,19,8,58,117,-59,1068,-5.52
2025-06-05,"Industrials",39,78,15,9,54,87,-33,892,-3.70
2025-06-05,"Materials",6,40,13,4,19,44,-25,272,-9.19
2025-06-05,"Real Estate",16,21,5,3,21,24,-3,291,-1.03
2025-06-05,"Semiconductors",0,24,2,0,2,24,-22,114,-19.30
2025-06-05,"Technology ex-Semis",9,55,7,6,16,61,-45,384,-11.72
2025-06-05,"Utilities",10,9,1,1,11,10,1,120,0.83
2025-06-06,"Communication/Media",26,18,10,5,36,23,13,341,3.81
2025-06-06,"Consumer Discretionary",37,31,11,7,48,38,10,553,1.81
2025-06-06,"Consumer Staples",21,21,4,1,25,22,3,221,1.36
2025-06-06,"Energy",19,14,6,2,25,16,9,270,3.33
2025-06-06,"Financials",119,36,15,2,134,38,96,891,10.77
2025-06-06,"Healthcare",76,73,46,9,122,82,40,1068,3.75
2025-06-06,"Industrials",43,55,23,6,66,61,5,892,0.56
2025-06-06,"Materials",8,38,4,0,12,38,-26,272,-9.56
2025-06-06,"Real Estate",21,9,9,3,30,12,18,291,6.19
2025-06-06,"Semiconductors",5,11,5,0,10,11,-1,114,-0.88
2025-06-06,"Technology ex-Semis",26,19,5,4,31,23,8,384,2.08
2025-06-06,"Utilities",8,10,1,3,9,13,-4,120,-3.33
2025-06-09,"Communication/Media",16,37,12,7,28,44,-16,341,-4.69
2025-06-09,"Consumer Discretionary",29,50,20,12,49,62,-13,553,-2.35
2025-06-09,"Consumer Staples",20,14,7,3,27,17,10,221,4.52
2025-06-09,"Energy",8,31,17,2,25,33,-8,270,-2.96
2025-06-09,"Financials",38,76,24,24,62,100,-38,891,-4.26
2025-06-09,"Healthcare",46,133,49,17,95,150,-55,1068,-5.15
2025-06-09,"Industrials",28,83,24,8,52,91,-39,892,-4.37
2025-06-09,"Materials",12,21,10,0,22,21,1,272,0.37
2025-06-09,"Real Estate",17,31,17,0,34,31,3,291,1.03
2025-06-09,"Semiconductors",2,7,15,0,17,7,10,114,8.77
2025-06-09,"Technology ex-Semis",11,38,12,2,23,40,-17,384,-4.43
2025-06-09,"Utilities",7,3,1,0,8,3,5,120,4.17
2025-06-10,"Communication/Media",16,20,7,4,23,24,-1,341,-0.29
2025-06-10,"Consumer Discretionary",33,53,26,10,59,63,-4,553,-0.72
2025-06-10,"Consumer Staples",13,12,12,2,25,14,11,221,4.98
2025-06-10,"Energy",10,26,20,4,30,30,0,270,0.00
2025-06-10,"Financials",56,64,19,12,75,76,-1,891,-0.11
2025-06-10,"Healthcare",35,97,47,11,82,108,-26,1068,-2.43
2025-06-10,"Industrials",28,70,15,7,43,77,-34,892,-3.81
2025-06-10,"Materials",3,36,9,1,12,37,-25,272,-9.19
2025-06-10,"Real Estate",17,10,24,1,41,11,30,291,10.31
2025-06-10,"Semiconductors",1,4,9,2,10,6,4,114,3.51
2025-06-10,"Technology ex-Semis",13,33,5,5,18,38,-20,384,-5.21
2025-06-10,"Utilities",16,6,3,0,19,6,13,120,10.83
2025-06-11,"Communication/Media",16,45,10,5,26,50,-24,341,-7.04
2025-06-11,"Consumer Discretionary",21,94,11,7,32,101,-69,553,-12.48
2025-06-11,"Consumer Staples",7,42,8,5,15,47,-32,221,-14.48
2025-06-11,"Energy",12,8,14,2,26,10,16,270,5.93
2025-06-11,"Financials",19,151,24,11,43,162,-119,891,-13.36
2025-06-11,"Healthcare",23,208,32,11,55,219,-164,1068,-15.36
2025-06-11,"Industrials",37,133,13,22,50,155,-105,892,-11.77
2025-06-11,"Materials",9,27,9,1,18,28,-10,272,-3.68
2025-06-11,"Real Estate",8,70,17,3,25,73,-48,291,-16.49
2025-06-11,"Semiconductors",3,19,5,1,8,20,-12,114,-10.53
2025-06-11,"Technology ex-Semis",7,59,16,8,23,67,-44,384,-11.46
2025-06-11,"Utilities",1,19,4,1,5,20,-15,120,-12.50
2025-06-12,"Communication/Media",11,28,3,8,14,36,-22,341,-6.45
2025-06-12,"Consumer Discretionary",46,53,5,21,51,74,-23,553,-4.16
2025-06-12,"Consumer Staples",26,11,2,7,28,18,10,221,4.52
2025-06-12,"Energy",8,14,13,0,21,14,7,270,2.59
2025-06-12,"Financials",97,46,14,9,111,55,56,891,6.29
2025-06-12,"Healthcare",42,95,6,25,48,120,-72,1068,-6.74
2025-06-12,"Industrials",68,57,8,16,76,73,3,892,0.34
2025-06-12,"Materials",19,25,2,3,21,28,-7,272,-2.57
2025-06-12,"Real Estate",16,18,10,2,26,20,6,291,2.06
2025-06-12,"Semiconductors",2,8,1,1,3,9,-6,114,-5.26
2025-06-12,"Technology ex-Semis",13,34,1,14,14,48,-34,384,-8.85
2025-06-12,"Utilities",21,4,3,0,24,4,20,120,16.67
2025-06-13,"Communication/Media",10,49,3,27,13,76,-63,341,-18.48
2025-06-13,"Consumer Discretionary",22,79,6,43,28,122,-94,553,-17.00
2025-06-13,"Consumer Staples",5,44,6,9,11,53,-42,221,-19.00
2025-06-13,"Energy",6,18,31,0,37,18,19,270,7.04
2025-06-13,"Financials",35,135,7,82,42,217,-175,891,-19.64
2025-06-13,"Healthcare",34,121,10,37,44,158,-114,1068,-10.67
2025-06-13,"Industrials",28,110,24,66,52,176,-124,892,-13.90
2025-06-13,"Materials",8,31,4,17,12,48,-36,272,-13.24
2025-06-13,"Real Estate",11,44,0,12,11,56,-45,291,-15.46
2025-06-13,"Semiconductors",3,37,2,3,5,40,-35,114,-30.70
2025-06-13,"Technology ex-Semis",7,44,0,32,7,76,-69,384,-17.97
2025-06-13,"Utilities",3,14,2,7,5,21,-16,120,-13.33
2025-06-16,"Communication/Media",34,18,6,10,40,28,12,341,3.52
2025-06-16,"Consumer Discretionary",50,25,11,8,61,33,28,553,5.06
2025-06-16,"Consumer Staples",16,12,4,1,20,13,7,221,3.17
2025-06-16,"Energy",4,33,12,2,16,35,-19,270,-7.04
2025-06-16,"Financials",34,79,19,36,53,115,-62,891,-6.96
2025-06-16,"Healthcare",73,68,10,24,83,92,-9,1068,-0.84
2025-06-16,"Industrials",54,70,17,10,71,80,-9,892,-1.01
2025-06-16,"Materials",7,18,5,4,12,22,-10,272,-3.68
2025-06-16,"Real Estate",9,45,5,5,14,50,-36,291,-12.37
2025-06-16,"Semiconductors",10,3,2,0,12,3,9,114,7.89
2025-06-16,"Technology ex-Semis",52,12,7,6,59,18,41,384,10.68
2025-06-16,"Utilities",3,12,3,10,6,22,-16,120,-13.33
2025-06-17,"Communication/Media",15,38,5,9,20,47,-27,341,-7.92
2025-06-17,"Consumer Discretionary",15,53,5,17,20,70,-50,553,-9.04
2025-06-17,"Consumer Staples",8,24,2,9,10,33,-23,221,-10.41
2025-06-17,"Energy",4,25,8,2,12,27,-15,270,-5.56
2025-06-17,"Financials",31,68,6,61,37,129,-92,891,-10.33
2025-06-17,"Healthcare",30,128,11,43,41,171,-130,1068,-12.17
2025-06-17,"Industrials",32,107,12,23,44,130,-86,892,-9.64
2025-06-17,"Materials",7,24,4,5,11,29,-18,272,-6.62
2025-06-17,"Real Estate",20,19,1,10,21,29,-8,291,-2.75
2025-06-17,"Semiconductors",1,18,2,4,3,22,-19,114,-16.67
2025-06-17,"Technology ex-Semis",17,33,7,10,24,43,-19,384,-4.95
2025-06-17,"Utilities",11,7,0,15,11,22,-11,120,-9.17
2025-06-18,"Communication/Media",21,15,14,2,35,17,18,341,5.28
2025-06-18,"Consumer Discretionary",41,29,11,8,52,37,15,553,2.71
2025-06-18,"Consumer Staples",9,14,7,6,16,20,-4,221,-1.81
2025-06-18,"Energy",4,52,5,4,9,56,-47,270,-17.41
2025-06-18,"Financials",79,41,16,24,95,65,30,891,3.37
2025-06-18,"Healthcare",61,43,12,30,73,73,0,1068,0.00
2025-06-18,"Industrials",41,61,12,18,53,79,-26,892,-2.91
2025-06-18,"Materials",6,24,3,3,9,27,-18,272,-6.62
2025-06-18,"Real Estate",21,16,5,3,26,19,7,291,2.41
2025-06-18,"Semiconductors",2,6,2,0,4,6,-2,114,-1.75
2025-06-18,"Technology ex-Semis",18,14,3,11,21,25,-4,384,-1.04
2025-06-18,"Utilities",11,8,3,2,14,10,4,120,3.33
2025-06-20,"Communication/Media",16,34,11,9,27,43,-16,341,-4.69
2025-06-20,"Consumer Discretionary",34,53,10,13,44,66,-22,553,-3.98
2025-06-20,"Consumer Staples",31,16,3,8,34,24,10,221,4.52
2025-06-20,"Energy",6,50,1,1,7,51,-44,270,-16.30
2025-06-20,"Financials",51,70,13,16,64,86,-22,891,-2.47
2025-06-20,"Healthcare",48,68,17,33,65,101,-36,1068,-3.37
2025-06-20,"Industrials",33,79,11,24,44,103,-59,892,-6.61
2025-06-20,"Materials",5,16,0,9,5,25,-20,272,-7.35
2025-06-20,"Real Estate",15,29,8,5,23,34,-11,291,-3.78
2025-06-20,"Semiconductors",4,17,4,1,8,18,-10,114,-8.77
2025-06-20,"Technology ex-Semis",16,31,4,23,20,54,-34,384,-8.85
2025-06-20,"Utilities",3,11,1,4,4,15,-11,120,-9.17
2025-06-23,"Communication/Media",42,11,10,10,52,21,31,341,9.09
2025-06-23,"Consumer Discretionary",111,20,4,28,115,48,67,553,12.12
2025-06-23,"Consumer Staples",43,8,4,2,47,10,37,221,16.74
2025-06-23,"Energy",6,50,3,4,9,54,-45,270,-16.67
2025-06-23,"Financials",206,29,41,15,247,44,203,891,22.78
2025-06-23,"Healthcare",126,46,15,51,141,97,44,1068,4.12
2025-06-23,"Industrials",210,52,16,33,226,85,141,892,15.81
2025-06-23,"Materials",52,11,3,5,55,16,39,272,14.34
2025-06-23,"Real Estate",63,5,14,7,77,12,65,291,22.34
2025-06-23,"Semiconductors",10,3,0,5,10,8,2,114,1.75
2025-06-23,"Technology ex-Semis",73,13,6,18,79,31,48,384,12.50
2025-06-23,"Utilities",27,4,6,2,33,6,27,120,22.50
2025-06-24,"Communication/Media",33,21,16,4,49,25,24,341,7.04
2025-06-24,"Consumer Discretionary",46,45,25,3,71,48,23,553,4.16
2025-06-24,"Consumer Staples",12,17,10,1,22,18,4,221,1.81
2025-06-24,"Energy",13,18,1,4,14,22,-8,270,-2.96
2025-06-24,"Financials",65,72,124,9,189,81,108,891,12.12
2025-06-24,"Healthcare",146,39,26,7,172,46,126,1068,11.80
2025-06-24,"Industrials",99,39,47,7,146,46,100,892,11.21
2025-06-24,"Materials",28,16,7,12,35,28,7,272,2.57
2025-06-24,"Real Estate",11,33,18,0,29,33,-4,291,-1.37
2025-06-24,"Semiconductors",20,3,14,1,34,4,30,114,26.32
2025-06-24,"Technology ex-Semis",63,13,16,1,79,14,65,384,16.93
2025-06-24,"Utilities",9,11,9,0,18,11,7,120,5.83
2025-06-25,"Communication/Media",13,42,7,7,20,49,-29,341,-8.50
2025-06-25,"Consumer Discretionary",23,59,10,8,33,67,-34,553,-6.15
2025-06-25,"Consumer Staples",4,32,1,12,5,44,-39,221,-17.65
2025-06-25,"Energy",5,33,3,7,8,40,-32,270,-11.85
2025-06-25,"Financials",23,95,16,14,39,109,-70,891,-7.86
2025-06-25,"Healthcare",60,77,27,15,87,92,-5,1068,-0.47
2025-06-25,"Industrials",29,120,19,11,48,131,-83,892,-9.30
2025-06-25,"Materials",19,16,2,3,21,19,2,272,0.74
2025-06-25,"Real Estate",5,57,1,22,6,79,-73,291,-25.09
2025-06-25,"Semiconductors",2,8,6,1,8,9,-1,114,-0.88
2025-06-25,"Technology ex-Semis",7,57,13,2,20,59,-39,384,-10.16
2025-06-25,"Utilities",3,24,0,5,3,29,-26,120,-21.67
2025-06-26,"Communication/Media",35,14,7,3,42,17,25,341,7.33
2025-06-26,"Consumer Discretionary",65,19,14,10,79,29,50,553,9.04
2025-06-26,"Consumer Staples",17,8,3,3,20,11,9,221,4.07
2025-06-26,"Energy",23,7,0,1,23,8,15,270,5.56
2025-06-26,"Financials",71,41,54,6,125,47,78,891,8.75
2025-06-26,"Healthcare",94,69,26,16,120,85,35,1068,3.28
2025-06-26,"Industrials",94,36,50,9,144,45,99,892,11.10
2025-06-26,"Materials",32,7,13,3,45,10,35,272,12.87
2025-06-26,"Real Estate",59,7,8,8,67,15,52,291,17.87
2025-06-26,"Semiconductors",4,7,7,0,11,7,4,114,3.51
2025-06-26,"Technology ex-Semis",37,8,7,5,44,13,31,384,8.07
2025-06-26,"Utilities",12,1,6,1,18,2,16,120,13.33
2025-06-27,"Communication/Media",11,19,7,9,18,28,-10,341,-2.93
2025-06-27,"Consumer Discretionary",35,42,25,9,60,51,9,553,1.63
2025-06-27,"Consumer Staples",17,8,5,1,22,9,13,221,5.88
2025-06-27,"Energy",10,20,2,4,12,24,-12,270,-4.44
2025-06-27,"Financials",27,80,53,8,80,88,-8,891,-0.90
2025-06-27,"Healthcare",41,107,19,28,60,135,-75,1068,-7.02
2025-06-27,"Industrials",38,77,44,10,82,87,-5,892,-0.56
2025-06-27,"Materials",12,27,4,9,16,36,-20,272,-7.35
2025-06-27,"Real Estate",13,32,10,1,23,33,-10,291,-3.44
2025-06-27,"Semiconductors",2,12,2,1,4,13,-9,114,-7.89
2025-06-27,"Technology ex-Semis",16,27,21,3,37,30,7,384,1.82
2025-06-27,"Utilities",1,19,4,2,5,21,-16,120,-13.33
2025-06-30,"Communication/Media",14,34,13,1,27,35,-8,341,-2.35
2025-06-30,"Consumer Discretionary",36,48,7,8,43,56,-13,553,-2.35
2025-06-30,"Consumer Staples",26,22,3,4,29,26,3,221,1.36
2025-06-30,"Energy",15,8,1,8,16,16,0,270,0.00
2025-06-30,"Financials",39,134,32,13,71,147,-76,891,-8.53
2025-06-30,"Healthcare",55,94,17,19,72,113,-41,1068,-3.84
2025-06-30,"Industrials",46,79,18,13,64,92,-28,892,-3.14
2025-06-30,"Materials",36,25,3,3,39,28,11,272,4.04
2025-06-30,"Real Estate",41,18,4,20,45,38,7,291,2.41
2025-06-30,"Semiconductors",1,16,3,0,4,16,-12,114,-10.53
2025-06-30,"Technology ex-Semis",23,17,17,3,40,20,20,384,5.21
2025-06-30,"Utilities",17,10,0,4,17,14,3,120,2.50
2025-07-01,"Communication/Media",21,20,23,2,44,22,22,341,6.45
2025-07-01,"Consumer Discretionary",34,35,56,9,90,44,46,553,8.32
2025-07-01,"Consumer Staples",17,9,30,5,47,14,33,221,14.93
2025-07-01,"Energy",38,9,4,13,42,22,20,270,7.41
2025-07-01,"Financials",42,41,74,4,116,45,71,891,7.97
2025-07-01,"Healthcare",59,77,37,21,96,98,-2,1068,-0.19
2025-07-01,"Industrials",38,50,97,16,135,66,69,892,7.74
2025-07-01,"Materials",15,18,32,2,47,20,27,272,9.93
2025-07-01,"Real Estate",14,13,19,8,33,21,12,291,4.12
2025-07-01,"Semiconductors",8,5,7,0,15,5,10,114,8.77
2025-07-01,"Technology ex-Semis",18,33,17,4,35,37,-2,384,-0.52
2025-07-01,"Utilities",10,5,9,1,19,6,13,120,10.83
2025-07-02,"Communication/Media",12,20,13,1,25,21,4,341,1.17
2025-07-02,"Consumer Discretionary",30,21,10,7,40,28,12,553,2.17
2025-07-02,"Consumer Staples",17,8,6,4,23,12,11,221,4.98
2025-07-02,"Energy",64,1,10,7,74,8,66,270,24.44
2025-07-02,"Financials",38,42,20,17,58,59,-1,891,-0.11
2025-07-02,"Healthcare",87,66,27,23,114,89,25,1068,2.34
2025-07-02,"Industrials",52,33,27,14,79,47,32,892,3.59
2025-07-02,"Materials",30,2,10,1,40,3,37,272,13.60
2025-07-02,"Real Estate",39,9,5,3,44,12,32,291,11.00
2025-07-02,"Semiconductors",5,4,5,0,10,4,6,114,5.26
2025-07-02,"Technology ex-Semis",22,13,12,2,34,15,19,384,4.95
2025-07-02,"Utilities",7,11,6,2,13,13,0,120,0.00
2025-07-03,"Communication/Media",15,25,9,1,24,26,-2,341,-0.59
2025-07-03,"Consumer Discretionary",20,40,16,0,36,40,-4,553,-0.72
2025-07-03,"Consumer Staples",8,31,6,0,14,31,-17,221,-7.69
2025-07-03,"Energy",11,17,3,3,14,20,-6,270,-2.22
2025-07-03,"Financials",41,47,25,0,66,47,19,891,2.13
2025-07-03,"Healthcare",56,73,18,7,74,80,-6,1068,-0.56
2025-07-03,"Industrials",27,76,27,4,54,80,-26,892,-2.91
2025-07-03,"Materials",14,20,5,1,19,21,-2,272,-0.74
2025-07-03,"Real Estate",18,17,11,0,29,17,12,291,4.12
2025-07-03,"Semiconductors",0,6,2,0,2,6,-4,114,-3.51
2025-07-03,"Technology ex-Semis",12,28,16,1,28,29,-1,384,-0.26
2025-07-03,"Utilities",9,6,6,0,15,6,9,120,7.50
2025-07-07,"Communication/Media",5,67,9,2,14,69,-55,341,-16.13
2025-07-07,"Consumer Discretionary",21,80,22,3,43,83,-40,553,-7.23
2025-07-07,"Consumer Staples",7,46,3,6,10,52,-42,221,-19.00
2025-07-07,"Energy",8,15,7,4,15,19,-4,270,-1.48
2025-07-07,"Financials",9,154,10,8,19,162,-143,891,-16.05
2025-07-07,"Healthcare",33,184,14,23,47,207,-160,1068,-14.98
2025-07-07,"Industrials",22,177,14,9,36,186,-150,892,-16.82
2025-07-07,"Materials",17,44,4,3,21,47,-26,272,-9.56
2025-07-07,"Real Estate",6,72,7,4,13,76,-63,291,-21.65
2025-07-07,"Semiconductors",1,26,2,0,3,26,-23,114,-20.18
2025-07-07,"Technology ex-Semis",9,62,10,4,19,66,-47,384,-12.24
2025-07-07,"Utilities",2,21,2,0,4,21,-17,120,-14.17
2025-07-08,"Communication/Media",21,36,14,1,35,37,-2,341,-0.59
2025-07-08,"Consumer Discretionary",27,51,10,5,37,56,-19,553,-3.44
2025-07-08,"Consumer Staples",12,21,2,3,14,24,-10,221,-4.52
2025-07-08,"Energy",35,15,16,4,51,19,32,270,11.85
2025-07-08,"Financials",25,90,13,4,38,94,-56,891,-6.29
2025-07-08,"Healthcare",72,67,44,10,116,77,39,1068,3.65
2025-07-08,"Industrials",32,82,20,9,52,91,-39,892,-4.37
2025-07-08,"Materials",7,37,8,4,15,41,-26,272,-9.56
2025-07-08,"Real Estate",20,31,7,2,27,33,-6,291,-2.06
2025-07-08,"Semiconductors",7,8,3,0,10,8,2,114,1.75
2025-07-08,"Technology ex-Semis",16,40,9,1,25,41,-16,384,-4.17
2025-07-08,"Utilities",11,3,0,8,11,11,0,120,0.00
2025-07-09,"Communication/Media",14,28,9,3,23,31,-8,341,-2.35
2025-07-09,"Consumer Discretionary",29,36,14,5,43,41,2,553,0.36
2025-07-09,"Consumer Staples",9,21,2,6,11,27,-16,221,-7.24
2025-07-09,"Energy",5,40,0,7,5,47,-42,270,-15.56
2025-07-09,"Financials",34,72,18,5,52,77,-25,891,-2.81
2025-07-09,"Healthcare",82,65,65,7,147,72,75,1068,7.02
2025-07-09,"Industrials",44,50,11,2,55,52,3,892,0.34
2025-07-09,"Materials",14,12,2,3,16,15,1,272,0.37
2025-07-09,"Real Estate",12,18,8,4,20,22,-2,291,-0.69
2025-07-09,"Semiconductors",1,4,3,0,4,4,0,114,0.00
2025-07-09,"Technology ex-Semis",15,21,14,3,29,24,5,384,1.30
2025-07-09,"Utilities",16,7,4,0,20,7,13,120,10.83
2025-07-10,"Communication/Media",12,22,4,7,16,29,-13,341,-3.81
2025-07-10,"Consumer Discretionary",15,44,24,5,39,49,-10,553,-1.81
2025-07-10,"Consumer Staples",14,18,16,4,30,22,8,221,3.62
2025-07-10,"Energy",36,5,3,4,39,9,30,270,11.11
2025-07-10,"Financials",47,52,23,19,70,71,-1,891,-0.11
2025-07-10,"Healthcare",53,84,41,14,94,98,-4,1068,-0.37
2025-07-10,"Industrials",35,87,34,10,69,97,-28,892,-3.14
2025-07-10,"Materials",6,25,15,1,21,26,-5,272,-1.84
2025-07-10,"Real Estate",13,22,8,2,21,24,-3,291,-1.03
2025-07-10,"Semiconductors",3,14,1,1,4,15,-11,114,-9.65
2025-07-10,"Technology ex-Semis",10,39,9,17,19,56,-37,384,-9.64
2025-07-10,"Utilities",11,4,7,3,18,7,11,120,9.17
2025-07-11,"Communication/Media",14,48,9,6,23,54,-31,341,-9.09
2025-07-11,"Consumer Discretionary",19,93,10,4,29,97,-68,553,-12.30
2025-07-11,"Consumer Staples",7,16,5,2,12,18,-6,221,-2.71
2025-07-11,"Energy",18,15,5,4,23,19,4,270,1.48
2025-07-11,"Financials",23,132,10,15,33,147,-114,891,-12.79
2025-07-11,"Healthcare",26,180,17,19,43,199,-156,1068,-14.61
2025-07-11,"Industrials",29,123,19,8,48,131,-83,892,-9.30
2025-07-11,"Materials",14,11,8,5,22,16,6,272,2.21
2025-07-11,"Real Estate",31,20,3,2,34,22,12,291,4.12
2025-07-11,"Semiconductors",4,15,1,3,5,18,-13,114,-11.40
2025-07-11,"Technology ex-Semis",1,70,11,25,12,95,-83,384,-21.61
2025-07-11,"Utilities",6,7,1,5,7,12,-5,120,-4.17
2025-07-14,"Communication/Media",28,27,8,3,36,30,6,341,1.76
2025-07-14,"Consumer Discretionary",42,41,12,11,54,52,2,553,0.36
2025-07-14,"Consumer Staples",13,16,6,5,19,21,-2,221,-0.90
2025-07-14,"Energy",24,42,3,3,27,45,-18,270,-6.67
2025-07-14,"Financials",124,43,15,12,139,55,84,891,9.43
2025-07-14,"Healthcare",74,76,37,22,111,98,13,1068,1.22
2025-07-14,"Industrials",62,65,16,10,78,75,3,892,0.34
2025-07-14,"Materials",11,42,8,2,19,44,-25,272,-9.19
2025-07-14,"Real Estate",19,19,8,3,27,22,5,291,1.72
2025-07-14,"Semiconductors",12,5,1,2,13,7,6,114,5.26
2025-07-14,"Technology ex-Semis",23,20,9,6,32,26,6,384,1.56
2025-07-14,"Utilities",12,7,7,1,19,8,11,120,9.17
2025-07-15,"Communication/Media",7,45,8,10,15,55,-40,341,-11.73
2025-07-15,"Consumer Discretionary",14,134,7,15,21,149,-128,553,-23.15
2025-07-15,"Consumer Staples",6,61,5,4,11,65,-54,221,-24.43
2025-07-15,"Energy",5,42,3,11,8,53,-45,270,-16.67
2025-07-15,"Financials",19,218,15,19,34,237,-203,891,-22.78
2025-07-15,"Healthcare",26,231,22,28,48,259,-211,1068,-19.76
2025-07-15,"Industrials",20,201,12,15,32,216,-184,892,-20.63
2025-07-15,"Materials",6,64,5,4,11,68,-57,272,-20.96
2025-07-15,"Real Estate",4,94,3,11,7,105,-98,291,-33.68
2025-07-15,"Semiconductors",2,30,1,1,3,31,-28,114,-24.56
2025-07-15,"Technology ex-Semis",12,51,9,12,21,63,-42,384,-10.94
2025-07-15,"Utilities",5,27,2,3,7,30,-23,120,-19.17
2025-07-16,"Communication/Media",32,13,2,6,34,19,15,341,4.40
2025-07-16,"Consumer Discretionary",48,28,8,9,56,37,19,553,3.44
2025-07-16,"Consumer Staples",28,13,1,3,29,16,13,221,5.88
2025-07-16,"Energy",17,12,2,21,19,33,-14,270,-5.19
2025-07-16,"Financials",96,34,11,15,107,49,58,891,6.51
2025-07-16,"Healthcare",84,59,28,18,112,77,35,1068,3.28
2025-07-16,"Industrials",84,34,9,13,93,47,46,892,5.16
2025-07-16,"Materials",21,8,0,3,21,11,10,272,3.68
2025-07-16,"Real Estate",31,9,5,10,36,19,17,291,5.84
2025-07-16,"Semiconductors",16,5,1,8,17,13,4,114,3.51
2025-07-16,"Technology ex-Semis",50,7,6,9,56,16,40,384,10.42
2025-07-16,"Utilities",11,7,2,2,13,9,4,120,3.33
2025-07-17,"Communication/Media",18,22,7,5,25,27,-2,341,-0.59
2025-07-17,"Consumer Discretionary",37,29,17,11,54,40,14,553,2.53
2025-07-17,"Consumer Staples",24,19,4,4,28,23,5,221,2.26
2025-07-17,"Energy",42,3,2,6,44,9,35,270,12.96
2025-07-17,"Financials",116,27,26,6,142,33,109,891,12.23
2025-07-17,"Healthcare",66,83,28,11,94,94,0,1068,0.00
2025-07-17,"Industrials",70,45,35,6,105,51,54,892,6.05
2025-07-17,"Materials",26,6,5,8,31,14,17,272,6.25
2025-07-17,"Real Estate",10,27,5,9,15,36,-21,291,-7.22
2025-07-17,"Semiconductors",14,6,2,1,16,7,9,114,7.89
2025-07-17,"Technology ex-Semis",34,17,10,0,44,17,27,384,7.03
2025-07-17,"Utilities",7,3,4,0,11,3,8,120,6.67
2025-07-18,"Communication/Media",7,40,7,3,14,43,-29,341,-8.50
2025-07-18,"Consumer Discretionary",31,59,6,4,37,63,-26,553,-4.70
2025-07-18,"Consumer Staples",6,29,4,2,10,31,-21,221,-9.50
2025-07-18,"Energy",8,31,8,1,16,32,-16,270,-5.93
2025-07-18,"Financials",23,114,17,6,40,120,-80,891,-8.98
2025-07-18,"Healthcare",31,188,25,28,56,216,-160,1068,-14.98
2025-07-18,"Industrials",20,83,13,14,33,97,-64,892,-7.17
2025-07-18,"Materials",7,36,3,5,10,41,-31,272,-11.40
2025-07-18,"Real Estate",10,39,2,6,12,45,-33,291,-11.34
2025-07-18,"Semiconductors",5,15,4,0,9,15,-6,114,-5.26
2025-07-18,"Technology ex-Semis",18,37,11,2,29,39,-10,384,-2.60
2025-07-18,"Utilities",2,14,10,2,12,16,-4,120,-3.33
2025-07-21,"Communication/Media",19,29,7,4,26,33,-7,341,-2.05
2025-07-21,"Consumer Discretionary",23,59,8,7,31,66,-35,553,-6.33
2025-07-21,"Consumer Staples",6,20,6,3,12,23,-11,221,-4.98
2025-07-21,"Energy",9,33,1,10,10,43,-33,270,-12.22
2025-07-21,"Financials",36,143,21,6,57,149,-92,891,-10.33
2025-07-21,"Healthcare",44,123,23,19,67,142,-75,1068,-7.02
2025-07-21,"Industrials",28,124,15,8,43,132,-89,892,-9.98
2025-07-21,"Materials",11,35,15,2,26,37,-11,272,-4.04
2025-07-21,"Real Estate",10,18,5,1,15,19,-4,291,-1.37
2025-07-21,"Semiconductors",4,18,4,1,8,19,-11,114,-9.65
2025-07-21,"Technology ex-Semis",13,60,10,4,23,64,-41,384,-10.68
2025-07-21,"Utilities",6,12,7,0,13,12,1,120,0.83
2025-07-22,"Communication/Media",17,31,12,6,29,37,-8,341,-2.35
2025-07-22,"Consumer Discretionary",66,26,34,8,100,34,66,553,11.93
2025-07-22,"Consumer Staples",34,7,15,2,49,9,40,221,18.10
2025-07-22,"Energy",32,12,3,4,35,16,19,270,7.04
2025-07-22,"Financials",62,66,12,7,74,73,1,891,0.11
2025-07-22,"Healthcare",119,63,27,12,146,75,71,1068,6.65
2025-07-22,"Industrials",109,42,27,12,136,54,82,892,9.19
2025-07-22,"Materials",25,8,11,2,36,10,26,272,9.56
2025-07-22,"Real Estate",51,20,10,0,61,20,41,291,14.09
2025-07-22,"Semiconductors",4,6,0,1,4,7,-3,114,-2.63
2025-07-22,"Technology ex-Semis",31,22,4,7,35,29,6,384,1.56
2025-07-22,"Utilities",4,7,4,1,8,8,0,120,0.00
2025-07-23,"Communication/Media",25,17,15,5,40,22,18,341,5.28
2025-07-23,"Consumer Discretionary",38,33,32,2,70,35,35,553,6.33
2025-07-23,"Consumer Staples",7,26,21,2,28,28,0,221,0.00
2025-07-23,"Energy",31,9,23,1,54,10,44,270,16.30
2025-07-23,"Financials",70,42,19,18,89,60,29,891,3.25
2025-07-23,"Healthcare",116,52,74,5,190,57,133,1068,12.45
2025-07-23,"Industrials",86,42,40,3,126,45,81,892,9.08
2025-07-23,"Materials",18,20,10,0,28,20,8,272,2.94
2025-07-23,"Real Estate",23,24,11,2,34,26,8,291,2.75
2025-07-23,"Semiconductors",10,5,0,4,10,9,1,114,0.88
2025-07-23,"Technology ex-Semis",26,18,15,3,41,21,20,384,5.21
2025-07-23,"Utilities",7,24,4,2,11,26,-15,120,-12.50
2025-07-24,"Communication/Media",7,56,5,5,12,61,-49,341,-14.37
2025-07-24,"Consumer Discretionary",5,108,10,10,15,118,-103,553,-18.63
2025-07-24,"Consumer Staples",4,45,7,2,11,47,-36,221,-16.29
2025-07-24,"Energy",16,18,11,3,27,21,6,270,2.22
2025-07-24,"Financials",25,182,19,26,44,208,-164,891,-18.41
2025-07-24,"Healthcare",19,165,25,14,44,179,-135,1068,-12.64
2025-07-24,"Industrials",30,115,24,17,54,132,-78,892,-8.74
2025-07-24,"Materials",4,44,3,7,7,51,-44,272,-16.18
2025-07-24,"Real Estate",8,45,4,2,12,47,-35,291,-12.03
2025-07-24,"Semiconductors",5,9,1,7,6,16,-10,114,-8.77
2025-07-24,"Technology ex-Semis",4,58,7,9,11,67,-56,384,-14.58
2025-07-24,"Utilities",2,14,2,0,4,14,-10,120,-8.33
2025-07-25,"Communication/Media",28,23,2,8,30,31,-1,341,-0.29
2025-07-25,"Consumer Discretionary",41,30,2,5,43,35,8,553,1.45
2025-07-25,"Consumer Staples",17,9,1,3,18,12,6,221,2.71
2025-07-25,"Energy",5,34,6,1,11,35,-24,270,-8.89
2025-07-25,"Financials",82,54,16,31,98,85,13,891,1.46
2025-07-25,"Healthcare",65,70,25,20,90,90,0,1068,0.00
2025-07-25,"Industrials",53,51,19,11,72,62,10,892,1.12
2025-07-25,"Materials",13,6,2,5,15,11,4,272,1.47
2025-07-25,"Real Estate",18,17,0,7,18,24,-6,291,-2.06
2025-07-25,"Semiconductors",9,6,1,5,10,11,-1,114,-0.88
2025-07-25,"Technology ex-Semis",15,21,6,7,21,28,-7,384,-1.82
2025-07-25,"Utilities",4,7,7,2,11,9,2,120,1.67
2025-07-28,"Communication/Media",10,37,6,8,16,45,-29,341,-8.50
2025-07-28,"Consumer Discretionary",18,66,6,12,24,78,-54,553,-9.76
2025-07-28,"Consumer Staples",3,42,2,7,5,49,-44,221,-19.91
2025-07-28,"Energy",18,19,19,2,37,21,16,270,5.93
2025-07-28,"Financials",54,109,8,23,62,132,-70,891,-7.86
2025-07-28,"Healthcare",30,161,15,17,45,178,-133,1068,-12.45
2025-07-28,"Industrials",26,109,18,19,44,128,-84,892,-9.42
2025-07-28,"Materials",11,35,3,3,14,38,-24,272,-8.82
2025-07-28,"Real Estate",7,49,2,9,9,58,-49,291,-16.84
2025-07-28,"Semiconductors",8,6,3,0,11,6,5,114,4.39
2025-07-28,"Technology ex-Semis",20,37,8,8,28,45,-17,384,-4.43
2025-07-28,"Utilities",1,16,1,4,2,20,-18,120,-15.00
2025-07-29,"Communication/Media",11,54,5,20,16,74,-58,341,-17.01
2025-07-29,"Consumer Discretionary",13,64,4,27,17,91,-74,553,-13.38
2025-07-29,"Consumer Staples",12,22,3,4,15,26,-11,221,-4.98
2025-07-29,"Energy",20,24,10,4,30,28,2,270,0.74
2025-07-29,"Financials",37,122,10,44,47,166,-119,891,-13.36
2025-07-29,"Healthcare",37,152,16,36,53,188,-135,1068,-12.64
2025-07-29,"Industrials",16,123,17,34,33,157,-124,892,-13.90
2025-07-29,"Materials",13,24,1,9,14,33,-19,272,-6.99
2025-07-29,"Real Estate",38,12,10,11,48,23,25,291,8.59
2025-07-29,"Semiconductors",1,14,3,0,4,14,-10,114,-8.77
2025-07-29,"Technology ex-Semis",11,46,5,16,16,62,-46,384,-11.98
2025-07-29,"Utilities",23,4,4,2,27,6,21,120,17.50
2025-07-30,"Communication/Media",17,26,3,18,20,44,-24,341,-7.04
2025-07-30,"Consumer Discretionary",17,42,7,32,24,74,-50,553,-9.04
2025-07-30,"Consumer Staples",4,30,4,14,8,44,-36,221,-16.29
2025-07-30,"Energy",4,48,3,8,7,56,-49,270,-18.15
2025-07-30,"Financials",15,79,14,66,29,145,-116,891,-13.02
2025-07-30,"Healthcare",34,131,18,44,52,175,-123,1068,-11.52
2025-07-30,"Industrials",24,98,16,52,40,150,-110,892,-12.33
2025-07-30,"Materials",5,23,2,44,7,67,-60,272,-22.06
2025-07-30,"Real Estate",5,41,8,33,13,74,-61,291,-20.96
2025-07-30,"Semiconductors",0,8,3,5,3,13,-10,114,-8.77
2025-07-30,"Technology ex-Semis",13,37,4,17,17,54,-37,384,-9.64
2025-07-30,"Utilities",4,13,4,1,8,14,-6,120,-5.00
2025-07-31,"Communication/Media",18,23,6,20,24,43,-19,341,-5.57
2025-07-31,"Consumer Discretionary",32,41,7,41,39,82,-43,553,-7.78
2025-07-31,"Consumer Staples",8,22,1,30,9,52,-43,221,-19.46
2025-07-31,"Energy",11,25,3,20,14,45,-31,270,-11.48
2025-07-31,"Financials",51,51,17,88,68,139,-71,891,-7.97
2025-07-31,"Healthcare",31,102,17,76,48,178,-130,1068,-12.17
2025-07-31,"Industrials",40,60,19,69,59,129,-70,892,-7.85
2025-07-31,"Materials",21,7,0,29,21,36,-15,272,-5.51
2025-07-31,"Real Estate",11,21,7,39,18,60,-42,291,-14.43
2025-07-31,"Semiconductors",3,13,0,23,3,36,-33,114,-28.95
2025-07-31,"Technology ex-Semis",9,39,6,26,15,65,-50,384,-13.02
2025-07-31,"Utilities",14,3,4,5,18,8,10,120,8.33
2025-08-01,"Communication/Media",16,13,6,37,22,50,-28,341,-8.21
2025-08-01,"Consumer Discretionary",47,10,8,60,55,70,-15,553,-2.71
2025-08-01,"Consumer Staples",22,10,2,15,24,25,-1,221,-0.45
2025-08-01,"Energy",18,25,4,38,22,63,-41,270,-15.19
2025-08-01,"Financials",65,36,5,135,70,171,-101,891,-11.34
2025-08-01,"Healthcare",105,40,11,106,116,146,-30,1068,-2.81
2025-08-01,"Industrials",56,36,6,116,62,152,-90,892,-10.09
2025-08-01,"Materials",7,6,1,32,8,38,-30,272,-11.03
2025-08-01,"Real Estate",15,15,2,23,17,38,-21,291,-7.22
2025-08-01,"Semiconductors",15,1,2,11,17,12,5,114,4.39
2025-08-01,"Technology ex-Semis",16,18,1,78,17,96,-79,384,-20.57
2025-08-01,"Utilities",6,6,4,3,10,9,1,120,0.83
2025-08-04,"Communication/Media",65,17,3,2,68,19,49,341,14.37
2025-08-04,"Consumer Discretionary",88,19,14,6,102,25,77,553,13.92
2025-08-04,"Consumer Staples",29,6,6,0,35,6,29,221,13.12
2025-08-04,"Energy",30,11,3,7,33,18,15,270,5.56
2025-08-04,"Financials",154,30,16,6,170,36,134,891,15.04
2025-08-04,"Healthcare",191,29,19,19,210,48,162,1068,15.17
2025-08-04,"Industrials",136,33,12,13,148,46,102,892,11.43
2025-08-04,"Materials",55,4,8,2,63,6,57,272,20.96
2025-08-04,"Real Estate",61,8,5,3,66,11,55,291,18.90
2025-08-04,"Semiconductors",16,2,1,1,17,3,14,114,12.28
2025-08-04,"Technology ex-Semis",80,7,4,5,84,12,72,384,18.75
2025-08-04,"Utilities",10,2,7,0,17,2,15,120,12.50
2025-08-05,"Communication/Media",27,23,7,10,34,33,1,341,0.29
2025-08-05,"Consumer Discretionary",48,39,10,12,58,51,7,553,1.27
2025-08-05,"Consumer Staples",14,23,8,10,22,33,-11,221,-4.98
2025-08-05,"Energy",40,4,12,3,52,7,45,270,16.67
2025-08-05,"Financials",79,40,24,11,103,51,52,891,5.84
2025-08-05,"Healthcare",75,62,25,14,100,76,24,1068,2.25
2025-08-05,"Industrials",93,49,28,20,121,69,52,892,5.83
2025-08-05,"Materials",31,4,7,1,38,5,33,272,12.13
2025-08-05,"Real Estate",50,12,9,3,59,15,44,291,15.12
2025-08-05,"Semiconductors",0,9,2,3,2,12,-10,114,-8.77
2025-08-05,"Technology ex-Semis",24,24,7,9,31,33,-2,384,-0.52
2025-08-05,"Utilities",1,21,3,3,4,24,-20,120,-16.67
2025-08-06,"Communication/Media",48,30,13,11,61,41,20,341,5.87
2025-08-06,"Consumer Discretionary",61,23,19,14,80,37,43,553,7.78
2025-08-06,"Consumer Staples",17,20,5,3,22,23,-1,221,-0.45
2025-08-06,"Energy",6,47,13,3,19,50,-31,270,-11.48
2025-08-06,"Financials",59,68,24,7,83,75,8,891,0.90
2025-08-06,"Healthcare",73,56,16,58,89,114,-25,1068,-2.34
2025-08-06,"Industrials",77,52,19,29,96,81,15,892,1.68
2025-08-06,"Materials",8,14,7,2,15,16,-1,272,-0.37
2025-08-06,"Real Estate",16,30,12,5,28,35,-7,291,-2.41
2025-08-06,"Semiconductors",13,2,0,5,13,7,6,114,5.26
2025-08-06,"Technology ex-Semis",49,18,10,8,59,26,33,384,8.59
2025-08-06,"Utilities",7,16,2,5,9,21,-12,120,-10.00
2025-08-07,"Communication/Media",21,27,3,12,24,39,-15,341,-4.40
2025-08-07,"Consumer Discretionary",29,56,23,17,52,73,-21,553,-3.80
2025-08-07,"Consumer Staples",12,17,10,9,22,26,-4,221,-1.81
2025-08-07,"Energy",5,34,6,9,11,43,-32,270,-11.85
2025-08-07,"Financials",36,119,23,17,59,136,-77,891,-8.64
2025-08-07,"Healthcare",55,64,33,44,88,108,-20,1068,-1.87
2025-08-07,"Industrials",43,97,27,21,70,118,-48,892,-5.38
2025-08-07,"Materials",9,25,12,6,21,31,-10,272,-3.68
2025-08-07,"Real Estate",19,24,6,6,25,30,-5,291,-1.72
2025-08-07,"Semiconductors",12,5,4,1,16,6,10,114,8.77
2025-08-07,"Technology ex-Semis",21,27,13,13,34,40,-6,384,-1.56
2025-08-07,"Utilities",6,9,6,4,12,13,-1,120,-0.83
2025-08-08,"Communication/Media",19,22,10,11,29,33,-4,341,-1.17
2025-08-08,"Consumer Discretionary",31,39,9,8,40,47,-7,553,-1.27
2025-08-08,"Consumer Staples",13,11,5,2,18,13,5,221,2.26
2025-08-08,"Energy",17,16,6,9,23,25,-2,270,-0.74
2025-08-08,"Financials",94,39,14,10,108,49,59,891,6.62
2025-08-08,"Healthcare",91,50,37,36,128,86,42,1068,3.93
2025-08-08,"Industrials",44,73,20,26,64,99,-35,892,-3.92
2025-08-08,"Materials",12,18,11,1,23,19,4,272,1.47
2025-08-08,"Real Estate",10,29,7,3,17,32,-15,291,-5.15
2025-08-08,"Semiconductors",11,8,1,1,12,9,3,114,2.63
2025-08-08,"Technology ex-Semis",18,23,13,15,31,38,-7,384,-1.82
2025-08-08,"Utilities",8,15,2,2,10,17,-7,120,-5.83
2025-08-11,"Communication/Media",19,33,11,11,30,44,-14,341,-4.11
2025-08-11,"Consumer Discretionary",26,30,16,9,42,39,3,553,0.54
2025-08-11,"Consumer Staples",11,16,3,3,14,19,-5,221,-2.26
2025-08-11,"Energy",11,26,6,8,17,34,-17,270,-6.30
2025-08-11,"Financials",40,64,18,9,58,73,-15,891,-1.68
2025-08-11,"Healthcare",65,84,21,33,86,117,-31,1068,-2.90
2025-08-11,"Industrials",66,60,14,23,80,83,-3,892,-0.34
2025-08-11,"Materials",16,19,11,5,27,24,3,272,1.10
2025-08-11,"Real Estate",12,26,0,8,12,34,-22,291,-7.56
2025-08-11,"Semiconductors",2,19,3,0,5,19,-14,114,-12.28
2025-08-11,"Technology ex-Semis",13,31,8,16,21,47,-26,384,-6.77
2025-08-11,"Utilities",6,5,2,0,8,5,3,120,2.50
2025-08-12,"Communication/Media",47,16,10,5,57,21,36,341,10.56
2025-08-12,"Consumer Discretionary",61,18,15,7,76,25,51,553,9.22
2025-08-12,"Consumer Staples",33,2,3,5,36,7,29,221,13.12
2025-08-12,"Energy",34,13,6,3,40,16,24,270,8.89
2025-08-12,"Financials",100,29,45,11,145,40,105,891,11.78
2025-08-12,"Healthcare",151,43,27,15,178,58,120,1068,11.24
2025-08-12,"Industrials",127,19,38,12,165,31,134,892,15.02
2025-08-12,"Materials",22,8,9,3,31,11,20,272,7.35
2025-08-12,"Real Estate",59,7,5,3,64,10,54,291,18.56
2025-08-12,"Semiconductors",28,1,4,1,32,2,30,114,26.32
2025-08-12,"Technology ex-Semis",63,11,6,6,69,17,52,384,13.54
2025-08-12,"Utilities",19,2,1,1,20,3,17,120,14.17
2025-08-13,"Communication/Media",36,15,7,2,43,17,26,341,7.62
2025-08-13,"Consumer Discretionary",43,21,32,12,75,33,42,553,7.59
2025-08-13,"Consumer Staples",19,11,18,2,37,13,24,221,10.86
2025-08-13,"Energy",33,6,1,4,34,10,24,270,8.89
2025-08-13,"Financials",53,44,65,4,118,48,70,891,7.86
2025-08-13,"Healthcare",92,54,57,11,149,65,84,1068,7.87
2025-08-13,"Industrials",75,39,43,10,118,49,69,892,7.74
2025-08-13,"Materials",18,23,15,0,33,23,10,272,3.68
2025-08-13,"Real Estate",34,13,17,3,51,16,35,291,12.03
2025-08-13,"Semiconductors",8,8,2,4,10,12,-2,114,-1.75
2025-08-13,"Technology ex-Semis",59,15,6,1,65,16,49,384,12.76
2025-08-13,"Utilities",9,8,4,0,13,8,5,120,4.17
2025-08-14,"Communication/Media",19,24,8,7,27,31,-4,341,-1.17
2025-08-14,"Consumer Discretionary",30,38,10,11,40,49,-9,553,-1.63
2025-08-14,"Consumer Staples",7,20,3,3,10,23,-13,221,-5.88
2025-08-14,"Energy",27,17,5,4,32,21,11,270,4.07
2025-08-14,"Financials",35,52,11,7,46,59,-13,891,-1.46
2025-08-14,"Healthcare",62,58,22,12,84,70,14,1068,1.31
2025-08-14,"Industrials",39,113,13,17,52,130,-78,892,-8.74
2025-08-14,"Materials",11,14,3,2,14,16,-2,272,-0.74
2025-08-14,"Real Estate",12,26,4,1,16,27,-11,291,-3.78
2025-08-14,"Semiconductors",6,1,4,0,10,1,9,114,7.89
2025-08-14,"Technology ex-Semis",17,38,8,11,25,49,-24,384,-6.25
2025-08-14,"Utilities",1,23,0,1,1,24,-23,120,-19.17
2025-08-15,"Communication/Media",14,39,5,8,19,47,-28,341,-8.21
2025-08-15,"Consumer Discretionary",23,66,2,8,25,74,-49,553,-8.86
2025-08-15,"Consumer Staples",5,30,3,0,8,30,-22,221,-9.95
2025-08-15,"Energy",15,34,2,3,17,37,-20,270,-7.41
2025-08-15,"Financials",23,198,7,19,30,217,-187,891,-20.99
2025-08-15,"Healthcare",61,94,30,16,91,110,-19,1068,-1.78
2025-08-15,"Industrials",47,129,11,15,58,144,-86,892,-9.64
2025-08-15,"Materials",10,33,8,4,18,37,-19,272,-6.99
2025-08-15,"Real Estate",16,36,4,3,20,39,-19,291,-6.53
2025-08-15,"Semiconductors",1,23,3,1,4,24,-20,114,-17.54
2025-08-15,"Technology ex-Semis",25,37,4,4,29,41,-12,384,-3.13
2025-08-15,"Utilities",7,6,1,2,8,8,0,120,0.00
2025-08-18,"Communication/Media",27,17,6,5,33,22,11,341,3.23
2025-08-18,"Consumer Discretionary",34,45,8,4,42,49,-7,553,-1.27
2025-08-18,"Consumer Staples",9,24,1,3,10,27,-17,221,-7.69
2025-08-18,"Energy",23,14,2,7,25,21,4,270,1.48
2025-08-18,"Financials",64,55,6,10,70,65,5,891,0.56
2025-08-18,"Healthcare",56,122,31,13,87,135,-48,1068,-4.49
2025-08-18,"Industrials",81,54,9,12,90,66,24,892,2.69
2025-08-18,"Materials",7,30,5,2,12,32,-20,272,-7.35
2025-08-18,"Real Estate",6,52,3,2,9,54,-45,291,-15.46
2025-08-18,"Semiconductors",4,4,1,1,5,5,0,114,0.00
2025-08-18,"Technology ex-Semis",32,16,2,2,34,18,16,384,4.17
2025-08-18,"Utilities",3,19,2,5,5,24,-19,120,-15.83
2025-08-19,"Communication/Media",9,39,6,6,15,45,-30,341,-8.80
2025-08-19,"Consumer Discretionary",18,80,12,7,30,87,-57,553,-10.31
2025-08-19,"Consumer Staples",14,27,2,5,16,32,-16,221,-7.24
2025-08-19,"Energy",15,35,2,8,17,43,-26,270,-9.63
2025-08-19,"Financials",37,81,11,8,48,89,-41,891,-4.60
2025-08-19,"Healthcare",22,166,15,19,37,185,-148,1068,-13.86
2025-08-19,"Industrials",37,97,10,13,47,110,-63,892,-7.06
2025-08-19,"Materials",6,36,3,2,9,38,-29,272,-10.66
2025-08-19,"Real Estate",22,19,9,0,31,19,12,291,4.12
2025-08-19,"Semiconductors",2,18,1,3,3,21,-18,114,-15.79
2025-08-19,"Technology ex-Semis",7,67,3,8,10,75,-65,384,-16.93
2025-08-19,"Utilities",21,1,0,5,21,6,15,120,12.50
2025-08-20,"Communication/Media",26,18,0,8,26,26,0,341,0.00
2025-08-20,"Consumer Discretionary",35,60,8,10,43,70,-27,553,-4.88
2025-08-20,"Consumer Staples",11,35,4,6,15,41,-26,221,-11.76
2025-08-20,"Energy",27,13,6,9,33,22,11,270,4.07
2025-08-20,"Financials",59,34,5,18,64,52,12,891,1.35
2025-08-20,"Healthcare",70,66,17,19,87,85,2,1068,0.19
2025-08-20,"Industrials",71,69,10,20,81,89,-8,892,-0.90
2025-08-20,"Materials",21,18,1,5,22,23,-1,272,-0.37
2025-08-20,"Real Estate",15,25,11,3,26,28,-2,291,-0.69
2025-08-20,"Semiconductors",24,1,3,6,27,7,20,114,17.54
2025-08-20,"Technology ex-Semis",42,16,2,16,44,32,12,384,3.13
2025-08-20,"Utilities",6,16,4,5,10,21,-11,120,-9.17
2025-08-21,"Communication/Media",49,20,6,2,55,22,33,341,9.68
2025-08-21,"Consumer Discretionary",59,24,7,9,66,33,33,553,5.97
2025-08-21,"Consumer Staples",24,10,3,5,27,15,12,221,5.43
2025-08-21,"Energy",39,11,6,2,45,13,32,270,11.85
2025-08-21,"Financials",52,71,12,9,64,80,-16,891,-1.80
2025-08-21,"Healthcare",76,76,12,7,88,83,5,1068,0.47
2025-08-21,"Industrials",83,36,6,14,89,50,39,892,4.37
2025-08-21,"Materials",28,2,3,2,31,4,27,272,9.93
2025-08-21,"Real Estate",14,35,0,1,14,36,-22,291,-7.56
2025-08-21,"Semiconductors",11,4,0,1,11,5,6,114,5.26
2025-08-21,"Technology ex-Semis",35,9,3,2,38,11,27,384,7.03
2025-08-21,"Utilities",2,8,1,2,3,10,-7,120,-5.83
2025-08-22,"Communication/Media",39,18,18,1,57,19,38,341,11.14
2025-08-22,"Consumer Discretionary",54,16,43,2,97,18,79,553,14.29
2025-08-22,"Consumer Staples",20,11,17,1,37,12,25,221,11.31
2025-08-22,"Energy",25,9,23,0,48,9,39,270,14.44
2025-08-22,"Financials",56,45,190,6,246,51,195,891,21.89
2025-08-22,"Healthcare",70,65,41,1,111,66,45,1068,4.21
2025-08-22,"Industrials",90,31,58,8,148,39,109,892,12.22
2025-08-22,"Materials",22,7,20,0,42,7,35,272,12.87
2025-08-22,"Real Estate",19,24,39,1,58,25,33,291,11.34
2025-08-22,"Semiconductors",13,1,11,0,24,1,23,114,20.18
2025-08-22,"Technology ex-Semis",50,7,14,0,64,7,57,384,14.84
2025-08-22,"Utilities",9,4,9,0,18,4,14,120,11.67
2025-08-25,"Communication/Media",9,47,14,1,23,48,-25,341,-7.33
2025-08-25,"Consumer Discretionary",15,89,16,6,31,95,-64,553,-11.57
2025-08-25,"Consumer Staples",5,52,5,4,10,56,-46,221,-20.81
2025-08-25,"Energy",5,33,10,1,15,34,-19,270,-7.04
2025-08-25,"Financials",17,158,17,4,34,162,-128,891,-14.37
2025-08-25,"Healthcare",15,233,20,5,35,238,-203,1068,-19.01
2025-08-25,"Industrials",29,157,28,4,57,161,-104,892,-11.66
2025-08-25,"Materials",6,43,7,2,13,45,-32,272,-11.76
2025-08-25,"Real Estate",6,61,6,1,12,62,-50,291,-17.18
2025-08-25,"Semiconductors",0,16,1,0,1,16,-15,114,-13.16
2025-08-25,"Technology ex-Semis",8,86,9,4,17,90,-73,384,-19.01
2025-08-25,"Utilities",1,29,2,1,3,30,-27,120,-22.50
2025-08-26,"Communication/Media",15,35,11,3,26,38,-12,341,-3.52
2025-08-26,"Consumer Discretionary",31,54,12,6,43,60,-17,553,-3.07
2025-08-26,"Consumer Staples",11,33,7,1,18,34,-16,221,-7.24
2025-08-26,"Energy",17,21,5,0,22,21,1,270,0.37
2025-08-26,"Financials",63,32,27,6,90,38,52,891,5.84
2025-08-26,"Healthcare",59,72,19,5,78,77,1,1068,0.09
2025-08-26,"Industrials",58,71,24,3,82,74,8,892,0.90
2025-08-26,"Materials",7,14,15,0,22,14,8,272,2.94
2025-08-26,"Real Estate",15,30,3,0,18,30,-12,291,-4.12
2025-08-26,"Semiconductors",9,10,2,0,11,10,1,114,0.88
2025-08-26,"Technology ex-Semis",14,34,5,4,19,38,-19,384,-4.95
2025-08-26,"Utilities",8,6,0,1,8,7,1,120,0.83
2025-08-27,"Communication/Media",23,18,6,2,29,20,9,341,2.64
2025-08-27,"Consumer Discretionary",22,44,20,6,42,50,-8,553,-1.45
2025-08-27,"Consumer Staples",20,11,2,3,22,14,8,221,3.62
2025-08-27,"Energy",12,25,18,2,30,27,3,270,1.11
2025-08-27,"Financials",33,70,30,7,63,77,-14,891,-1.57
2025-08-27,"Healthcare",38,111,31,11,69,122,-53,1068,-4.96
2025-08-27,"Industrials",44,71,24,2,68,73,-5,892,-0.56
2025-08-27,"Materials",8,18,5,0,13,18,-5,272,-1.84
2025-08-27,"Real Estate",17,24,19,1,36,25,11,291,3.78
2025-08-27,"Semiconductors",6,7,1,0,7,7,0,114,0.00
2025-08-27,"Technology ex-Semis",29,16,12,1,41,17,24,384,6.25
2025-08-27,"Utilities",9,6,2,1,11,7,4,120,3.33
2025-08-28,"Communication/Media",19,26,8,2,27,28,-1,341,-0.29
2025-08-28,"Consumer Discretionary",18,49,13,4,31,53,-22,553,-3.98
2025-08-28,"Consumer Staples",9,19,1,3,10,22,-12,221,-5.43
2025-08-28,"Energy",11,8,8,0,19,8,11,270,4.07
2025-08-28,"Financials",27,112,14,4,41,116,-75,891,-8.42
2025-08-28,"Healthcare",39,116,26,10,65,126,-61,1068,-5.71
2025-08-28,"Industrials",37,81,12,3,49,84,-35,892,-3.92
2025-08-28,"Materials",12,21,9,1,21,22,-1,272,-0.37
2025-08-28,"Real Estate",10,19,5,2,15,21,-6,291,-2.06
2025-08-28,"Semiconductors",5,15,5,0,10,15,-5,114,-4.39
2025-08-28,"Technology ex-Semis",12,33,15,1,27,34,-7,384,-1.82
2025-08-28,"Utilities",2,21,0,3,2,24,-22,120,-18.33
2025-08-29,"Communication/Media",18,25,11,1,29,26,3,341,0.88
2025-08-29,"Consumer Discretionary",22,57,10,11,32,68,-36,553,-6.51
2025-08-29,"Consumer Staples",21,9,2,2,23,11,12,221,5.43
2025-08-29,"Energy",11,24,18,0,29,24,5,270,1.85
2025-08-29,"Financials",28,94,15,16,43,110,-67,891,-7.52
2025-08-29,"Healthcare",65,83,13,12,78,95,-17,1068,-1.59
2025-08-29,"Industrials",38,115,14,12,52,127,-75,892,-8.41
2025-08-29,"Materials",16,18,6,0,22,18,4,272,1.47
2025-08-29,"Real Estate",11,13,11,7,22,20,2,291,0.69
2025-08-29,"Semiconductors",2,25,3,3,5,28,-23,114,-20.18
2025-08-29,"Technology ex-Semis",14,43,17,2,31,45,-14,384,-3.65
2025-08-29,"Utilities",2,12,2,2,4,14,-10,120,-8.33
2025-09-02,"Communication/Media",25,24,6,13,31,37,-6,341,-1.76
2025-09-02,"Consumer Discretionary",40,41,13,21,53,62,-9,553,-1.63
2025-09-02,"Consumer Staples",16,17,3,4,19,21,-2,221,-0.90
2025-09-02,"Energy",20,14,5,1,25,15,10,270,3.70
2025-09-02,"Financials",110,47,8,16,118,63,55,891,6.17
2025-09-02,"Healthcare",67,69,23,19,90,88,2,1068,0.19
2025-09-02,"Industrials",86,45,9,31,95,76,19,892,2.13
2025-09-02,"Materials",10,14,6,4,16,18,-2,272,-0.74
2025-09-02,"Real Estate",18,48,2,12,20,60,-40,291,-13.75
2025-09-02,"Semiconductors",14,4,2,8,16,12,4,114,3.51
2025-09-02,"Technology ex-Semis",25,28,3,7,28,35,-7,384,-1.82
2025-09-02,"Utilities",12,6,0,16,12,22,-10,120,-8.33
2025-09-03,"Communication/Media",31,25,3,5,34,30,4,341,1.17
2025-09-03,"Consumer Discretionary",46,45,12,6,58,51,7,553,1.27
2025-09-03,"Consumer Staples",23,10,3,7,26,17,9,221,4.07
2025-09-03,"Energy",5,71,8,3,13,74,-61,270,-22.59
2025-09-03,"Financials",66,64,16,10,82,74,8,891,0.90
2025-09-03,"Healthcare",76,95,31,17,107,112,-5,1068,-0.47
2025-09-03,"Industrials",37,64,13,13,50,77,-27,892,-3.03
2025-09-03,"Materials",7,23,6,6,13,29,-16,272,-5.88
2025-09-03,"Real Estate",37,14,8,2,45,16,29,291,9.97
2025-09-03,"Semiconductors",1,9,1,0,2,9,-7,114,-6.14
2025-09-03,"Technology ex-Semis",15,40,7,5,22,45,-23,384,-5.99
2025-09-03,"Utilities",13,9,0,5,13,14,-1,120,-0.83
2025-09-04,"Communication/Media",33,32,6,6,39,38,1,341,0.29
2025-09-04,"Consumer Discretionary",52,17,18,11,70,28,42,553,7.59
2025-09-04,"Consumer Staples",13,7,8,6,21,13,8,221,3.62
2025-09-04,"Energy",23,16,1,1,24,17,7,270,2.59
2025-09-04,"Financials",89,32,17,10,106,42,64,891,7.18
2025-09-04,"Healthcare",92,69,15,26,107,95,12,1068,1.12
2025-09-04,"Industrials",125,26,16,20,141,46,95,892,10.65
2025-09-04,"Materials",34,19,3,1,37,20,17,272,6.25
2025-09-04,"Real Estate",30,8,9,3,39,11,28,291,9.62
2025-09-04,"Semiconductors",16,3,1,2,17,5,12,114,10.53
2025-09-04,"Technology ex-Semis",38,20,4,8,42,28,14,384,3.65
2025-09-04,"Utilities",25,1,0,7,25,8,17,120,14.17
2025-09-05,"Communication/Media",18,28,12,2,30,30,0,341,0.00
2025-09-05,"Consumer Discretionary",32,54,22,7,54,61,-7,553,-1.27
2025-09-05,"Consumer Staples",24,17,14,3,38,20,18,221,8.14
2025-09-05,"Energy",11,18,3,14,14,32,-18,270,-6.67
2025-09-05,"Financials",25,174,28,15,53,189,-136,891,-15.26
2025-09-05,"Healthcare",88,73,35,9,123,82,41,1068,3.84
2025-09-05,"Industrials",58,73,38,20,96,93,3,892,0.34
2025-09-05,"Materials",7,20,11,1,18,21,-3,272,-1.10
2025-09-05,"Real Estate",16,28,24,2,40,30,10,291,3.44
2025-09-05,"Semiconductors",7,6,5,4,12,10,2,114,1.75
2025-09-05,"Technology ex-Semis",29,15,10,2,39,17,22,384,5.73
2025-09-05,"Utilities",13,5,5,1,18,6,12,120,10.00
2025-09-08,"Communication/Media",31,22,16,8,47,30,17,341,4.99
2025-09-08,"Consumer Discretionary",31,36,19,5,50,41,9,553,1.63
2025-09-08,"Consumer Staples",11,15,1,6,12,21,-9,221,-4.07
2025-09-08,"Energy",11,23,5,9,16,32,-16,270,-5.93
2025-09-08,"Financials",82,51,21,12,103,63,40,891,4.49
2025-09-08,"Healthcare",71,106,25,11,96,117,-21,1068,-1.97
2025-09-08,"Industrials",54,74,22,14,76,88,-12,892,-1.35
2025-09-08,"Materials",19,20,6,4,25,24,1,272,0.37
2025-09-08,"Real Estate",10,25,13,4,23,29,-6,291,-2.06
2025-09-08,"Semiconductors",6,4,2,0,8,4,4,114,3.51
2025-09-08,"Technology ex-Semis",44,20,20,3,64,23,41,384,10.68
2025-09-08,"Utilities",0,9,0,5,0,14,-14,120,-11.67
2025-09-09,"Communication/Media",31,27,11,2,42,29,13,341,3.81
2025-09-09,"Consumer Discretionary",39,48,9,11,48,59,-11,553,-1.99
2025-09-09,"Consumer Staples",18,28,4,3,22,31,-9,221,-4.07
2025-09-09,"Energy",6,40,4,1,10,41,-31,270,-11.48
2025-09-09,"Financials",43,140,20,13,63,153,-90,891,-10.10
2025-09-09,"Healthcare",79,64,20,19,99,83,16,1068,1.50
2025-09-09,"Industrials",62,69,17,21,79,90,-11,892,-1.23
2025-09-09,"Materials",6,48,3,6,9,54,-45,272,-16.54
2025-09-09,"Real Estate",9,55,5,3,14,58,-44,291,-15.12
2025-09-09,"Semiconductors",9,5,3,0,12,5,7,114,6.14
2025-09-09,"Technology ex-Semis",37,29,18,7,55,36,19,384,4.95
2025-09-09,"Utilities",19,5,1,4,20,9,11,120,9.17
2025-09-10,"Communication/Media",11,35,10,9,21,44,-23,341,-6.74
2025-09-10,"Consumer Discretionary",28,54,11,16,39,70,-31,553,-5.61
2025-09-10,"Consumer Staples",18,19,1,10,19,29,-10,221,-4.52
2025-09-10,"Energy",38,19,15,5,53,24,29,270,10.74
2025-09-10,"Financials",36,74,12,26,48,100,-52,891,-5.84
2025-09-10,"Healthcare",45,164,17,32,62,196,-134,1068,-12.55
2025-09-10,"Industrials",67,87,31,21,98,108,-10,892,-1.12
2025-09-10,"Materials",14,13,2,9,16,22,-6,272,-2.21
2025-09-10,"Real Estate",8,43,6,2,14,45,-31,291,-10.65
2025-09-10,"Semiconductors",4,18,3,2,7,20,-13,114,-11.40
2025-09-10,"Technology ex-Semis",9,59,20,5,29,64,-35,384,-9.11
2025-09-10,"Utilities",20,3,3,1,23,4,19,120,15.83
2025-09-11,"Communication/Media",35,14,11,6,46,20,26,341,7.62
2025-09-11,"Consumer Discretionary",87,26,20,2,107,28,79,553,14.29
2025-09-11,"Consumer Staples",36,12,7,3,43,15,28,221,12.67
2025-09-11,"Energy",19,14,6,1,25,15,10,270,3.70
2025-09-11,"Financials",149,28,28,8,177,36,141,891,15.82
2025-09-11,"Healthcare",131,49,30,16,161,65,96,1068,8.99
2025-09-11,"Industrials",112,34,27,10,139,44,95,892,10.65
2025-09-11,"Materials",38,9,5,0,43,9,34,272,12.50
2025-09-11,"Real Estate",30,27,8,2,38,29,9,291,3.09
2025-09-11,"Semiconductors",7,6,5,2,12,8,4,114,3.51
2025-09-11,"Technology ex-Semis",47,22,12,2,59,24,35,384,9.11
2025-09-11,"Utilities",24,2,2,0,26,2,24,120,20.00
2025-09-12,"Communication/Media",17,43,6,7,23,50,-27,341,-7.92
2025-09-12,"Consumer Discretionary",22,82,10,17,32,99,-67,553,-12.12
2025-09-12,"Consumer Staples",8,21,2,4,10,25,-15,221,-6.79
2025-09-12,"Energy",0,58,1,0,1,58,-57,270,-21.11
2025-09-12,"Financials",37,86,14,7,51,93,-42,891,-4.71
2025-09-12,"Healthcare",33,134,30,33,63,167,-104,1068,-9.74
2025-09-12,"Industrials",22,156,22,15,44,171,-127,892,-14.24
2025-09-12,"Materials",7,27,6,2,13,29,-16,272,-5.88
2025-09-12,"Real Estate",4,33,3,3,7,36,-29,291,-9.97
2025-09-12,"Semiconductors",1,17,7,0,8,17,-9,114,-7.89
2025-09-12,"Technology ex-Semis",7,49,9,6,16,55,-39,384,-10.16
2025-09-12,"Utilities",5,8,3,0,8,8,0,120,0.00
2025-09-15,"Communication/Media",23,28,16,6,39,34,5,341,1.47
2025-09-15,"Consumer Discretionary",31,56,14,15,45,71,-26,553,-4.70
2025-09-15,"Consumer Staples",14,19,9,9,23,28,-5,221,-2.26
2025-09-15,"Energy",16,27,10,6,26,33,-7,270,-2.59
2025-09-15,"Financials",34,107,14,39,48,146,-98,891,-11.00
2025-09-15,"Healthcare",53,91,22,49,75,140,-65,1068,-6.09
2025-09-15,"Industrials",50,69,29,12,79,81,-2,892,-0.22
2025-09-15,"Materials",13,16,12,7,25,23,2,272,0.74
2025-09-15,"Real Estate",12,31,3,6,15,37,-22,291,-7.56
2025-09-15,"Semiconductors",9,7,4,1,13,8,5,114,4.39
2025-09-15,"Technology ex-Semis",13,33,13,6,26,39,-13,384,-3.39
2025-09-15,"Utilities",2,15,3,3,5,18,-13,120,-10.83
2025-09-16,"Communication/Media",20,25,8,5,28,30,-2,341,-0.59
2025-09-16,"Consumer Discretionary",48,33,11,9,59,42,17,553,3.07
2025-09-16,"Consumer Staples",30,13,4,6,34,19,15,221,6.79
2025-09-16,"Energy",33,21,11,2,44,23,21,270,7.78
2025-09-16,"Financials",59,59,7,43,66,102,-36,891,-4.04
2025-09-16,"Healthcare",79,77,22,27,101,104,-3,1068,-0.28
2025-09-16,"Industrials",65,63,13,22,78,85,-7,892,-0.78
2025-09-16,"Materials",12,33,2,3,14,36,-22,272,-8.09
2025-09-16,"Real Estate",13,25,3,7,16,32,-16,291,-5.50
2025-09-16,"Semiconductors",10,8,0,1,10,9,1,114,0.88
2025-09-16,"Technology ex-Semis",28,21,14,7,42,28,14,384,3.65
2025-09-16,"Utilities",4,17,1,4,5,21,-16,120,-13.33
2025-09-17,"Communication/Media",15,38,9,3,24,41,-17,341,-4.99
2025-09-17,"Consumer Discretionary",18,72,9,14,27,86,-59,553,-10.67
2025-09-17,"Consumer Staples",2,34,6,4,8,38,-30,221,-13.57
2025-09-17,"Energy",8,39,12,3,20,42,-22,270,-8.15
2025-09-17,"Financials",30,127,22,7,52,134,-82,891,-9.20
2025-09-17,"Healthcare",18,156,24,22,42,178,-136,1068,-12.73
2025-09-17,"Industrials",17,122,32,28,49,150,-101,892,-11.32
2025-09-17,"Materials",3,39,8,4,11,43,-32,272,-11.76
2025-09-17,"Real Estate",5,72,13,6,18,78,-60,291,-20.62
2025-09-17,"Semiconductors",5,6,2,0,7,6,1,114,0.88
2025-09-17,"Technology ex-Semis",9,46,17,1,26,47,-21,384,-5.47
2025-09-17,"Utilities",2,8,1,2,3,10,-7,120,-5.83
2025-09-18,"Communication/Media",20,27,10,6,30,33,-3,341,-0.88
2025-09-18,"Consumer Discretionary",60,33,8,8,68,41,27,553,4.88
2025-09-18,"Consumer Staples",22,8,3,6,25,14,11,221,4.98
2025-09-18,"Energy",15,22,4,0,19,22,-3,270,-1.11
2025-09-18,"Financials",168,33,25,5,193,38,155,891,17.40
2025-09-18,"Healthcare",143,44,25,15,168,59,109,1068,10.21
2025-09-18,"Industrials",97,36,24,5,121,41,80,892,8.97
2025-09-18,"Materials",30,11,6,4,36,15,21,272,7.72
2025-09-18,"Real Estate",29,18,5,11,34,29,5,291,1.72
2025-09-18,"Semiconductors",4,8,17,0,21,8,13,114,11.40
2025-09-18,"Technology ex-Semis",31,22,19,3,50,25,25,384,6.51
2025-09-18,"Utilities",14,8,1,1,15,9,6,120,5.00
2025-09-19,"Communication/Media",12,42,4,3,16,45,-29,341,-8.50
2025-09-19,"Consumer Discretionary",23,86,3,11,26,97,-71,553,-12.84
2025-09-19,"Consumer Staples",9,29,4,10,13,39,-26,221,-11.76
2025-09-19,"Energy",3,56,4,12,7,68,-61,270,-22.59
2025-09-19,"Financials",45,124,17,9,62,133,-71,891,-7.97
2025-09-19,"Healthcare",31,144,17,20,48,164,-116,1068,-10.86
2025-09-19,"Industrials",27,117,23,12,50,129,-79,892,-8.86
2025-09-19,"Materials",11,31,9,4,20,35,-15,272,-5.51
2025-09-19,"Real Estate",14,46,1,5,15,51,-36,291,-12.37
2025-09-19,"Semiconductors",2,14,4,0,6,14,-8,114,-7.02
2025-09-19,"Technology ex-Semis",11,46,11,2,22,48,-26,384,-6.77
2025-09-19,"Utilities",9,12,4,1,13,13,0,120,0.00
2025-09-22,"Communication/Media",30,18,4,8,34,26,8,341,2.35
2025-09-22,"Consumer Discretionary",47,31,11,20,58,51,7,553,1.27
2025-09-22,"Consumer Staples",15,11,4,15,19,26,-7,221,-3.17
2025-09-22,"Energy",33,9,2,20,35,29,6,270,2.22
2025-09-22,"Financials",58,57,8,28,66,85,-19,891,-2.13
2025-09-22,"Healthcare",114,50,29,22,143,72,71,1068,6.65
2025-09-22,"Industrials",81,31,22,15,103,46,57,892,6.39
2025-09-22,"Materials",9,22,9,13,18,35,-17,272,-6.25
2025-09-22,"Real Estate",28,21,1,19,29,40,-11,291,-3.78
2025-09-22,"Semiconductors",4,6,4,0,8,6,2,114,1.75
2025-09-22,"Technology ex-Semis",43,16,12,4,55,20,35,384,9.11
2025-09-22,"Utilities",12,7,1,2,13,9,4,120,3.33
2025-09-23,"Communication/Media",6,64,10,3,16,67,-51,341,-14.96
2025-09-23,"Consumer Discretionary",23,59,9,15,32,74,-42,553,-7.59
2025-09-23,"Consumer Staples",9,20,4,14,13,34,-21,221,-9.50
2025-09-23,"Energy",12,39,24,3,36,42,-6,270,-2.22
2025-09-23,"Financials",16,126,14,17,30,143,-113,891,-12.68
2025-09-23,"Healthcare",16,185,28,12,44,197,-153,1068,-14.33
2025-09-23,"Industrials",20,143,25,19,45,162,-117,892,-13.12
2025-09-23,"Materials",6,40,7,5,13,45,-32,272,-11.76
2025-09-23,"Real Estate",22,30,3,13,25,43,-18,291,-6.19
2025-09-23,"Semiconductors",0,24,1,0,1,24,-23,114,-20.18
2025-09-23,"Technology ex-Semis",4,85,5,5,9,90,-81,384,-21.09
2025-09-23,"Utilities",12,10,10,0,22,10,12,120,10.00
2025-09-24,"Communication/Media",21,31,2,7,23,38,-15,341,-4.40
2025-09-24,"Consumer Discretionary",33,37,6,18,39,55,-16,553,-2.89
2025-09-24,"Consumer Staples",13,10,2,6,15,16,-1,221,-0.45
2025-09-24,"Energy",16,31,13,1,29,32,-3,270,-1.11
2025-09-24,"Financials",29,94,5,32,34,126,-92,891,-10.33
2025-09-24,"Healthcare",60,95,32,26,92,121,-29,1068,-2.72
2025-09-24,"Industrials",36,134,13,24,49,158,-109,892,-12.22
2025-09-24,"Materials",5,33,7,8,12,41,-29,272,-10.66
2025-09-24,"Real Estate",17,32,1,21,18,53,-35,291,-12.03
2025-09-24,"Semiconductors",3,18,3,1,6,19,-13,114,-11.40
2025-09-24,"Technology ex-Semis",10,47,8,5,18,52,-34,384,-8.85
2025-09-24,"Utilities",2,17,9,1,11,18,-7,120,-5.83
2025-09-25,"Communication/Media",23,21,4,13,27,34,-7,341,-2.05
2025-09-25,"Consumer Discretionary",39,38,2,31,41,69,-28,553,-5.06
2025-09-25,"Consumer Staples",7,16,2,10,9,26,-17,221,-7.69
2025-09-25,"Energy",9,13,4,3,13,16,-3,270,-1.11
2025-09-25,"Financials",68,58,6,59,74,117,-43,891,-4.83
2025-09-25,"Healthcare",61,92,13,50,74,142,-68,1068,-6.37
2025-09-25,"Industrials",59,60,9,56,68,116,-48,892,-5.38
2025-09-25,"Materials",11,18,5,10,16,28,-12,272,-4.41
2025-09-25,"Real Estate",22,17,1,21,23,38,-15,291,-5.15
2025-09-25,"Semiconductors",6,3,0,2,6,5,1,114,0.88
2025-09-25,"Technology ex-Semis",23,30,0,16,23,46,-23,384,-5.99
2025-09-25,"Utilities",0,33,6,1,6,34,-28,120,-23.33
2025-09-26,"Communication/Media",35,15,6,9,41,24,17,341,4.99
2025-09-26,"Consumer Discretionary",88,19,7,10,95,29,66,553,11.93
2025-09-26,"Consumer Staples",35,7,2,3,37,10,27,221,12.22
2025-09-26,"Energy",8,26,15,1,23,27,-4,270,-1.48
2025-09-26,"Financials",58,47,8,10,66,57,9,891,1.01
2025-09-26,"Healthcare",123,38,29,17,152,55,97,1068,9.08
2025-09-26,"Industrials",88,39,9,15,97,54,43,892,4.82
2025-09-26,"Materials",31,15,3,1,34,16,18,272,6.62
2025-09-26,"Real Estate",51,16,0,5,51,21,30,291,10.31
2025-09-26,"Semiconductors",6,3,1,0,7,3,4,114,3.51
2025-09-26,"Technology ex-Semis",38,17,2,3,40,20,20,384,5.21
2025-09-26,"Utilities",16,2,6,1,22,3,19,120,15.83
2025-09-29,"Communication/Media",22,16,8,6,30,22,8,341,2.35
2025-09-29,"Consumer Discretionary",27,37,11,15,38,52,-14,553,-2.53
2025-09-29,"Consumer Staples",22,14,4,4,26,18,8,221,3.62
2025-09-29,"Energy",4,56,3,11,7,67,-60,270,-22.22
2025-09-29,"Financials",43,72,9,65,52,137,-85,891,-9.54
2025-09-29,"Healthcare",61,84,37,20,98,104,-6,1068,-0.56
2025-09-29,"Industrials",49,80,10,14,59,94,-35,892,-3.92
2025-09-29,"Materials",10,30,4,1,14,31,-17,272,-6.25
2025-09-29,"Real Estate",19,16,0,11,19,27,-8,291,-2.75
2025-09-29,"Semiconductors",1,31,3,0,4,31,-27,114,-23.68
2025-09-29,"Technology ex-Semis",22,38,3,6,25,44,-19,384,-4.95
2025-09-29,"Utilities",4,8,8,0,12,8,4,120,3.33
2025-09-30,"Communication/Media",28,26,3,8,31,34,-3,341,-0.88
2025-09-30,"Consumer Discretionary",45,45,8,18,53,63,-10,553,-1.81
2025-09-30,"Consumer Staples",22,9,7,4,29,13,16,221,7.24
2025-09-30,"Energy",21,21,2,20,23,41,-18,270,-6.67
2025-09-30,"Financials",84,38,7,69,91,107,-16,891,-1.80
2025-09-30,"Healthcare",92,62,25,16,117,78,39,1068,3.65
2025-09-30,"Industrials",129,38,9,19,138,57,81,892,9.08
2025-09-30,"Materials",31,9,0,5,31,14,17,272,6.25
2025-09-30,"Real Estate",64,11,5,9,69,20,49,291,16.84
2025-09-30,"Semiconductors",9,4,1,4,10,8,2,114,1.75
2025-09-30,"Technology ex-Semis",21,26,7,20,28,46,-18,384,-4.69
2025-09-30,"Utilities",3,8,5,2,8,10,-2,120,-1.67
2025-10-01,"Communication/Media",21,35,7,13,28,48,-20,341,-5.87
2025-10-01,"Consumer Discretionary",55,20,9,16,64,36,28,553,5.06
2025-10-01,"Consumer Staples",23,12,1,4,24,16,8,221,3.62
2025-10-01,"Energy",24,14,4,3,28,17,11,270,4.07
2025-10-01,"Financials",59,52,9,39,68,91,-23,891,-2.58
2025-10-01,"Healthcare",67,104,50,17,117,121,-4,1068,-0.37
2025-10-01,"Industrials",80,41,18,21,98,62,36,892,4.04
2025-10-01,"Materials",8,15,4,4,12,19,-7,272,-2.57
2025-10-01,"Real Estate",28,12,6,11,34,23,11,291,3.78
2025-10-01,"Semiconductors",10,2,1,3,11,5,6,114,5.26
2025-10-01,"Technology ex-Semis",30,17,8,17,38,34,4,384,1.04
2025-10-01,"Utilities",8,31,6,3,14,34,-20,120,-16.67
2025-10-02,"Communication/Media",34,18,6,11,40,29,11,341,3.23
2025-10-02,"Consumer Discretionary",78,24,13,6,91,30,61,553,11.03
2025-10-02,"Consumer Staples",17,10,2,9,19,19,0,221,0.00
2025-10-02,"Energy",9,39,2,8,11,47,-36,270,-13.33
2025-10-02,"Financials",117,33,7,34,124,67,57,891,6.40
2025-10-02,"Healthcare",67,79,29,10,96,89,7,1068,0.66
2025-10-02,"Industrials",72,44,14,16,86,60,26,892,2.91
2025-10-02,"Materials",22,13,6,2,28,15,13,272,4.78
2025-10-02,"Real Estate",23,13,4,14,27,27,0,291,0.00
2025-10-02,"Semiconductors",6,12,3,0,9,12,-3,114,-2.63
2025-10-02,"Technology ex-Semis",41,10,18,3,59,13,46,384,11.98
2025-10-02,"Utilities",10,10,1,1,11,11,0,120,0.00
2025-10-03,"Communication/Media",14,27,10,5,24,32,-8,341,-2.35
2025-10-03,"Consumer Discretionary",32,54,9,8,41,62,-21,553,-3.80
2025-10-03,"Consumer Staples",14,21,1,2,15,23,-8,221,-3.62
2025-10-03,"Energy",29,10,3,5,32,15,17,270,6.30
2025-10-03,"Financials",66,56,11,4,77,60,17,891,1.91
2025-10-03,"Healthcare",48,115,46,8,94,123,-29,1068,-2.72
2025-10-03,"Industrials",43,105,34,14,77,119,-42,892,-4.71
2025-10-03,"Materials",7,25,5,3,12,28,-16,272,-5.88
2025-10-03,"Real Estate",9,38,9,4,18,42,-24,291,-8.25
2025-10-03,"Semiconductors",1,21,4,0,5,21,-16,114,-14.04
2025-10-03,"Technology ex-Semis",11,57,13,4,24,61,-37,384,-9.64
2025-10-03,"Utilities",5,5,3,0,8,5,3,120,2.50
2025-10-06,"Communication/Media",25,24,10,10,35,34,1,341,0.29
2025-10-06,"Consumer Discretionary",24,83,11,14,35,97,-62,553,-11.21
2025-10-06,"Consumer Staples",6,22,3,8,9,30,-21,221,-9.50
2025-10-06,"Energy",7,37,7,4,14,41,-27,270,-10.00
2025-10-06,"Financials",62,67,27,12,89,79,10,891,1.12
2025-10-06,"Healthcare",34,130,35,10,69,140,-71,1068,-6.65
2025-10-06,"Industrials",40,75,32,16,72,91,-19,892,-2.13
2025-10-06,"Materials",4,37,6,4,10,41,-31,272,-11.40
2025-10-06,"Real Estate",9,36,3,14,12,50,-38,291,-13.06
2025-10-06,"Semiconductors",8,5,6,0,14,5,9,114,7.89
2025-10-06,"Technology ex-Semis",29,22,10,10,39,32,7,384,1.82
2025-10-06,"Utilities",4,9,1,2,5,11,-6,120,-5.00
2025-10-07,"Communication/Media",15,43,0,17,15,60,-45,341,-13.20
2025-10-07,"Consumer Discretionary",22,72,6,35,28,107,-79,553,-14.29
2025-10-07,"Consumer Staples",20,14,9,8,29,22,7,221,3.17
2025-10-07,"Energy",29,9,2,16,31,25,6,270,2.22
2025-10-07,"Financials",31,91,19,19,50,110,-60,891,-6.73
2025-10-07,"Healthcare",41,142,37,10,78,152,-74,1068,-6.93
2025-10-07,"Industrials",27,118,15,23,42,141,-99,892,-11.10
2025-10-07,"Materials",1,47,5,5,6,52,-46,272,-16.91
2025-10-07,"Real Estate",15,26,1,17,16,43,-27,291,-9.28
2025-10-07,"Semiconductors",1,20,2,3,3,23,-20,114,-17.54
2025-10-07,"Technology ex-Semis",17,54,4,16,21,70,-49,384,-12.76
2025-10-07,"Utilities",5,12,5,2,10,14,-4,120,-3.33
2025-10-08,"Communication/Media",27,13,7,7,34,20,14,341,4.11
2025-10-08,"Consumer Discretionary",61,23,5,12,66,35,31,553,5.61
2025-10-08,"Consumer Staples",16,11,2,7,18,18,0,221,0.00
2025-10-08,"Energy",28,20,2,3,30,23,7,270,2.59
2025-10-08,"Financials",42,57,13,16,55,73,-18,891,-2.02
2025-10-08,"Healthcare",64,83,49,13,113,96,17,1068,1.59
2025-10-08,"Industrials",93,44,17,8,110,52,58,892,6.50
2025-10-08,"Materials",15,13,4,2,19,15,4,272,1.47
2025-10-08,"Real Estate",27,14,4,9,31,23,8,291,2.75
2025-10-08,"Semiconductors",15,4,2,2,17,6,11,114,9.65
2025-10-08,"Technology ex-Semis",34,14,5,3,39,17,22,384,5.73
2025-10-08,"Utilities",9,5,3,1,12,6,6,120,5.00
2025-10-09,"Communication/Media",25,34,6,11,31,45,-14,341,-4.11
2025-10-09,"Consumer Discretionary",24,42,6,31,30,73,-43,553,-7.78
2025-10-09,"Consumer Staples",12,13,3,9,15,22,-7,221,-3.17
2025-10-09,"Energy",8,51,6,9,14,60,-46,270,-17.04
2025-10-09,"Financials",43,66,6,39,49,105,-56,891,-6.29
2025-10-09,"Healthcare",28,129,25,10,53,139,-86,1068,-8.05
2025-10-09,"Industrials",29,141,15,30,44,171,-127,892,-14.24
2025-10-09,"Materials",4,44,3,7,7,51,-44,272,-16.18
2025-10-09,"Real Estate",6,24,3,15,9,39,-30,291,-10.31
2025-10-09,"Semiconductors",5,5,2,0,7,5,2,114,1.75
2025-10-09,"Technology ex-Semis",36,28,4,2,40,30,10,384,2.60
2025-10-09,"Utilities",4,29,2,4,6,33,-27,120,-22.50
2025-10-10,"Communication/Media",2,40,3,40,5,80,-75,341,-21.99
2025-10-10,"Consumer Discretionary",15,61,2,57,17,118,-101,553,-18.26
2025-10-10,"Consumer Staples",5,22,4,6,9,28,-19,221,-8.60
2025-10-10,"Energy",2,42,0,45,2,87,-85,270,-31.48
2025-10-10,"Financials",18,72,9,113,27,185,-158,891,-17.73
2025-10-10,"Healthcare",17,238,6,62,23,300,-277,1068,-25.94
2025-10-10,"Industrials",12,141,8,78,20,219,-199,892,-22.31
2025-10-10,"Materials",4,38,2,17,6,55,-49,272,-18.01
2025-10-10,"Real Estate",9,19,3,23,12,42,-30,291,-10.31
2025-10-10,"Semiconductors",0,22,0,22,0,44,-44,114,-38.60
2025-10-10,"Technology ex-Semis",5,82,4,40,9,122,-113,384,-29.43
2025-10-10,"Utilities",1,17,3,7,4,24,-20,120,-16.67
2025-10-13,"Communication/Media",36,14,6,11,42,25,17,341,4.99
2025-10-13,"Consumer Discretionary",93,12,3,13,96,25,71,553,12.84
2025-10-13,"Consumer Staples",26,14,1,4,27,18,9,221,4.07
2025-10-13,"Energy",38,3,1,3,39,6,33,270,12.22
2025-10-13,"Financials",172,13,3,25,175,38,137,891,15.38
2025-10-13,"Healthcare",86,69,8,29,94,98,-4,1068,-0.37
2025-10-13,"Industrials",108,40,8,15,116,55,61,892,6.84
2025-10-13,"Materials",20,15,4,0,24,15,9,272,3.31
2025-10-13,"Real Estate",62,12,1,7,63,19,44,291,15.12
2025-10-13,"Semiconductors",25,4,2,1,27,5,22,114,19.30
2025-10-13,"Technology ex-Semis",55,12,3,5,58,17,41,384,10.68
2025-10-13,"Utilities",12,11,2,1,14,12,2,120,1.67
2025-10-14,"Communication/Media",74,10,6,7,80,17,63,341,18.48
2025-10-14,"Consumer Discretionary",140,6,11,13,151,19,132,553,23.87
2025-10-14,"Consumer Staples",51,5,3,7,54,12,42,221,19.00
2025-10-14,"Energy",47,8,2,16,49,24,25,270,9.26
2025-10-14,"Financials",240,18,22,14,262,32,230,891,25.81
2025-10-14,"Healthcare",156,48,11,14,167,62,105,1068,9.83
2025-10-14,"Industrials",209,17,27,19,236,36,200,892,22.42
2025-10-14,"Materials",36,10,7,4,43,14,29,272,10.66
2025-10-14,"Real Estate",75,6,6,1,81,7,74,291,25.43
2025-10-14,"Semiconductors",11,3,2,2,13,5,8,114,7.02
2025-10-14,"Technology ex-Semis",72,6,4,15,76,21,55,384,14.32
2025-10-14,"Utilities",10,4,3,4,13,8,5,120,4.17
2025-10-15,"Communication/Media",16,19,9,1,25,20,5,341,1.47
2025-10-15,"Consumer Discretionary",26,59,27,5,53,64,-11,553,-1.99
2025-10-15,"Consumer Staples",16,21,5,0,21,21,0,221,0.00
2025-10-15,"Energy",22,26,6,1,28,27,1,270,0.37
2025-10-15,"Financials",43,141,12,25,55,166,-111,891,-12.46
2025-10-15,"Healthcare",72,67,35,9,107,76,31,1068,2.90
2025-10-15,"Industrials",39,88,29,9,68,97,-29,892,-3.25
2025-10-15,"Materials",13,29,4,6,17,35,-18,272,-6.62
2025-10-15,"Real Estate",30,26,8,0,38,26,12,291,4.12
2025-10-15,"Semiconductors",12,10,8,1,20,11,9,114,7.89
2025-10-15,"Technology ex-Semis",15,33,8,4,23,37,-14,384,-3.65
2025-10-15,"Utilities",6,4,6,1,12,5,7,120,5.83
2025-10-16,"Communication/Media",11,44,5,16,16,60,-44,341,-12.90
2025-10-16,"Consumer Discretionary",23,70,5,9,28,79,-51,553,-9.22
2025-10-16,"Consumer Staples",9,20,6,5,15,25,-10,221,-4.52
2025-10-16,"Energy",7,44,2,10,9,54,-45,270,-16.67
2025-10-16,"Financials",20,123,9,134,29,257,-228,891,-25.59
2025-10-16,"Healthcare",21,196,37,20,58,216,-158,1068,-14.79
2025-10-16,"Industrials",26,173,21,20,47,193,-146,892,-16.37
2025-10-16,"Materials",6,47,2,4,8,51,-43,272,-15.81
2025-10-16,"Real Estate",13,34,8,2,21,36,-15,291,-5.15
2025-10-16,"Semiconductors",5,25,4,0,9,25,-16,114,-14.04
2025-10-16,"Technology ex-Semis",6,72,4,19,10,91,-81,384,-21.09
2025-10-16,"Utilities",2,32,5,0,7,32,-25,120,-20.83
2025-10-17,"Communication/Media",24,15,2,16,26,31,-5,341,-1.47
2025-10-17,"Consumer Discretionary",46,23,5,12,51,35,16,553,2.89
2025-10-17,"Consumer Staples",27,10,1,7,28,17,11,221,4.98
2025-10-17,"Energy",31,12,2,6,33,18,15,270,5.56
2025-10-17,"Financials",114,28,2,26,116,54,62,891,6.96
2025-10-17,"Healthcare",71,67,15,39,86,106,-20,1068,-1.87
2025-10-17,"Industrials",70,58,7,29,77,87,-10,892,-1.12
2025-10-17,"Materials",12,38,3,9,15,47,-32,272,-11.76
2025-10-17,"Real Estate",32,12,3,5,35,17,18,291,6.19
2025-10-17,"Semiconductors",5,5,0,2,5,7,-2,114,-1.75
2025-10-17,"Technology ex-Semis",55,17,2,13,57,30,27,384,7.03
2025-10-17,"Utilities",8,7,0,1,8,8,0,120,0.00
2025-10-20,"Communication/Media",49,12,4,3,53,15,38,341,11.14
2025-10-20,"Consumer Discretionary",51,33,12,6,63,39,24,553,4.34
2025-10-20,"Consumer Staples",20,20,2,1,22,21,1,221,0.45
2025-10-20,"Energy",33,7,4,2,37,9,28,270,10.37
2025-10-20,"Financials",217,34,10,6,227,40,187,891,20.99
2025-10-20,"Healthcare",117,36,38,17,155,53,102,1068,9.55
2025-10-20,"Industrials",98,28,22,3,120,31,89,892,9.98
2025-10-20,"Materials",19,5,2,5,21,10,11,272,4.04
2025-10-20,"Real Estate",31,12,8,1,39,13,26,291,8.93
2025-10-20,"Semiconductors",2,7,5,2,7,9,-2,114,-1.75
2025-10-20,"Technology ex-Semis",65,12,4,5,69,17,52,384,13.54
2025-10-20,"Utilities",3,5,5,0,8,5,3,120,2.50
2025-10-21,"Communication/Media",28,17,4,0,32,17,15,341,4.40
2025-10-21,"Consumer Discretionary",45,32,20,8,65,40,25,553,4.52
2025-10-21,"Consumer Staples",17,20,8,5,25,25,0,221,0.00
2025-10-21,"Energy",7,35,3,4,10,39,-29,270,-10.74
2025-10-21,"Financials",79,52,15,7,94,59,35,891,3.93
2025-10-21,"Healthcare",47,93,33,10,80,103,-23,1068,-2.15
2025-10-21,"Industrials",51,54,31,14,82,68,14,892,1.57
2025-10-21,"Materials",10,25,5,21,15,46,-31,272,-11.40
2025-10-21,"Real Estate",10,35,3,1,13,36,-23,291,-7.90
2025-10-21,"Semiconductors",4,12,1,2,5,14,-9,114,-7.89
2025-10-21,"Technology ex-Semis",35,22,7,9,42,31,11,384,2.86
2025-10-21,"Utilities",3,12,2,2,5,14,-9,120,-7.50
2025-10-22,"Communication/Media",24,25,5,11,29,36,-7,341,-2.05
2025-10-22,"Consumer Discretionary",21,51,18,8,39,59,-20,553,-3.62
2025-10-22,"Consumer Staples",20,16,7,8,27,24,3,221,1.36
2025-10-22,"Energy",33,6,7,7,40,13,27,270,10.00
2025-10-22,"Financials",58,72,21,7,79,79,0,891,0.00
2025-10-22,"Healthcare",37,117,21,46,58,163,-105,1068,-9.83
2025-10-22,"Industrials",36,145,17,32,53,177,-124,892,-13.90
2025-10-22,"Materials",40,21,5,11,45,32,13,272,4.78
2025-10-22,"Real Estate",17,18,10,3,27,21,6,291,2.06
2025-10-22,"Semiconductors",2,13,0,5,2,18,-16,114,-14.04
2025-10-22,"Technology ex-Semis",11,37,9,23,20,60,-40,384,-10.42
2025-10-22,"Utilities",1,13,1,1,2,14,-12,120,-10.00
2025-10-23,"Communication/Media",37,18,5,4,42,22,20,341,5.87
2025-10-23,"Consumer Discretionary",46,27,24,11,70,38,32,553,5.79
2025-10-23,"Consumer Staples",17,20,5,2,22,22,0,221,0.00
2025-10-23,"Energy",23,9,41,4,64,13,51,270,18.89
2025-10-23,"Financials",71,60,27,15,98,75,23,891,2.58
2025-10-23,"Healthcare",86,56,18,22,104,78,26,1068,2.43
2025-10-23,"Industrials",111,36,25,9,136,45,91,892,10.20
2025-10-23,"Materials",16,9,9,1,25,10,15,272,5.51
2025-10-23,"Real Estate",15,35,9,1,24,36,-12,291,-4.12
2025-10-23,"Semiconductors",23,1,1,1,24,2,22,114,19.30
2025-10-23,"Technology ex-Semis",55,5,6,5,61,10,51,384,13.28
2025-10-23,"Utilities",5,12,1,1,6,13,-7,120,-5.83
2025-10-24,"Communication/Media",18,36,15,0,33,36,-3,341,-0.88
2025-10-24,"Consumer Discretionary",17,85,18,10,35,95,-60,553,-10.85
2025-10-24,"Consumer Staples",10,29,12,3,22,32,-10,221,-4.52
2025-10-24,"Energy",11,42,13,2,24,44,-20,270,-7.41
2025-10-24,"Financials",51,69,34,5,85,74,11,891,1.23
2025-10-24,"Healthcare",65,78,29,7,94,85,9,1068,0.84
2025-10-24,"Industrials",52,110,36,8,88,118,-30,892,-3.36
2025-10-24,"Materials",17,18,10,3,27,21,6,272,2.21
2025-10-24,"Real Estate",10,35,12,3,22,38,-16,291,-5.50
2025-10-24,"Semiconductors",3,24,7,0,10,24,-14,114,-12.28
2025-10-24,"Technology ex-Semis",17,59,10,1,27,60,-33,384,-8.59
2025-10-24,"Utilities",6,5,1,0,7,5,2,120,1.67
2025-10-27,"Communication/Media",23,32,10,7,33,39,-6,341,-1.76
2025-10-27,"Consumer Discretionary",25,74,13,5,38,79,-41,553,-7.41
2025-10-27,"Consumer Staples",12,33,2,1,14,34,-20,221,-9.05
2025-10-27,"Energy",7,29,10,3,17,32,-15,270,-5.56
2025-10-27,"Financials",24,119,43,5,67,124,-57,891,-6.40
2025-10-27,"Healthcare",52,106,28,14,80,120,-40,1068,-3.75
2025-10-27,"Industrials",28,115,16,2,44,117,-73,892,-8.18
2025-10-27,"Materials",12,28,4,21,16,49,-33,272,-12.13
2025-10-27,"Real Estate",12,24,9,5,21,29,-8,291,-2.75
2025-10-27,"Semiconductors",6,10,6,0,12,10,2,114,1.75
2025-10-27,"Technology ex-Semis",13,48,11,1,24,49,-25,384,-6.51
2025-10-27,"Utilities",13,7,5,0,18,7,11,120,9.17
2025-10-28,"Communication/Media",19,31,5,5,24,36,-12,341,-3.52
2025-10-28,"Consumer Discretionary",23,68,7,15,30,83,-53,553,-9.58
2025-10-28,"Consumer Staples",15,23,0,8,15,31,-16,221,-7.24
2025-10-28,"Energy",6,25,5,4,11,29,-18,270,-6.67
2025-10-28,"Financials",36,88,33,14,69,102,-33,891,-3.70
2025-10-28,"Healthcare",51,111,14,30,65,141,-76,1068,-7.12
2025-10-28,"Industrials",34,103,11,23,45,126,-81,892,-9.08
2025-10-28,"Materials",39,13,3,7,42,20,22,272,8.09
2025-10-28,"Real Estate",12,37,6,12,18,49,-31,291,-10.65
2025-10-28,"Semiconductors",5,14,4,0,9,14,-5,114,-4.39
2025-10-28,"Technology ex-Semis",8,57,8,1,16,58,-42,384,-10.94
2025-10-28,"Utilities",11,17,0,3,11,20,-9,120,-7.50
2025-10-29,"Communication/Media",8,36,6,13,14,49,-35,341,-10.26
2025-10-29,"Consumer Discretionary",13,55,11,32,24,87,-63,553,-11.39
2025-10-29,"Consumer Staples",6,28,5,16,11,44,-33,221,-14.93
2025-10-29,"Energy",11,24,10,4,21,28,-7,270,-2.59
2025-10-29,"Financials",23,115,21,50,44,165,-121,891,-13.58
2025-10-29,"Healthcare",23,100,17,55,40,155,-115,1068,-10.77
2025-10-29,"Industrials",27,74,30,51,57,125,-68,892,-7.62
2025-10-29,"Materials",2,21,1,16,3,37,-34,272,-12.50
2025-10-29,"Real Estate",6,39,3,31,9,70,-61,291,-20.96
2025-10-29,"Semiconductors",2,11,1,2,3,13,-10,114,-8.77
2025-10-29,"Technology ex-Semis",4,42,4,15,8,57,-49,384,-12.76
2025-10-29,"Utilities",1,21,3,12,4,33,-29,120,-24.17
2025-10-30,"Communication/Media",14,24,7,18,21,42,-21,341,-6.16
2025-10-30,"Consumer Discretionary",23,49,10,43,33,92,-59,553,-10.67
2025-10-30,"Consumer Staples",12,10,2,15,14,25,-11,221,-4.98
2025-10-30,"Energy",4,25,6,3,10,28,-18,270,-6.67
2025-10-30,"Financials",47,97,18,27,65,124,-59,891,-6.62
2025-10-30,"Healthcare",47,80,16,60,63,140,-77,1068,-7.21
2025-10-30,"Industrials",38,83,9,48,47,131,-84,892,-9.42
2025-10-30,"Materials",31,16,2,9,33,25,8,272,2.94
2025-10-30,"Real Estate",25,22,8,20,33,42,-9,291,-3.09
2025-10-30,"Semiconductors",1,15,2,1,3,16,-13,114,-11.40
2025-10-30,"Technology ex-Semis",11,24,4,18,15,42,-27,384,-7.03
2025-10-30,"Utilities",5,9,0,4,5,13,-8,120,-6.67
2025-10-31,"Communication/Media",38,17,11,7,49,24,25,341,7.33
2025-10-31,"Consumer Discretionary",61,26,9,33,70,59,11,553,1.99
2025-10-31,"Consumer Staples",23,9,0,8,23,17,6,221,2.71
2025-10-31,"Energy",22,19,4,3,26,22,4,270,1.48
2025-10-31,"Financials",83,35,14,33,97,68,29,891,3.25
2025-10-31,"Healthcare",99,46,14,34,113,80,33,1068,3.09
2025-10-31,"Industrials",106,34,13,27,119,61,58,892,6.50
2025-10-31,"Materials",20,13,3,9,23,22,1,272,0.37
2025-10-31,"Real Estate",40,12,3,25,43,37,6,291,2.06
2025-10-31,"Semiconductors",4,10,1,0,5,10,-5,114,-4.39
2025-10-31,"Technology ex-Semis",36,10,13,9,49,19,30,384,7.81
2025-10-31,"Utilities",9,5,2,13,11,18,-7,120,-5.83
2025-11-03,"Communication/Media",22,22,2,9,24,31,-7,341,-2.05
2025-11-03,"Consumer Discretionary",54,25,8,20,62,45,17,553,3.07
2025-11-03,"Consumer Staples",20,16,6,11,26,27,-1,221,-0.45
2025-11-03,"Energy",26,16,7,3,33,19,14,270,5.19
2025-11-03,"Financials",119,44,14,19,133,63,70,891,7.86
2025-11-03,"Healthcare",69,77,26,58,95,135,-40,1068,-3.75
2025-11-03,"Industrials",57,62,7,32,64,94,-30,892,-3.36
2025-11-03,"Materials",20,8,4,16,24,24,0,272,0.00
2025-11-03,"Real Estate",41,5,6,11,47,16,31,291,10.65
2025-11-03,"Semiconductors",3,14,1,2,4,16,-12,114,-10.53
2025-11-03,"Technology ex-Semis",21,22,11,17,32,39,-7,384,-1.82
2025-11-03,"Utilities",18,1,0,14,18,15,3,120,2.50
2025-11-04,"Communication/Media",19,30,11,19,30,49,-19,341,-5.57
2025-11-04,"Consumer Discretionary",30,20,5,34,35,54,-19,553,-3.44
2025-11-04,"Consumer Staples",22,4,2,10,24,14,10,221,4.52
2025-11-04,"Energy",10,17,3,12,13,29,-16,270,-5.93
2025-11-04,"Financials",82,56,15,18,97,74,23,891,2.58
2025-11-04,"Healthcare",44,74,17,69,61,143,-82,1068,-7.68
2025-11-04,"Industrials",44,58,11,71,55,129,-74,892,-8.30
2025-11-04,"Materials",8,11,3,31,11,42,-31,272,-11.40
2025-11-04,"Real Estate",32,12,11,6,43,18,25,291,8.59
2025-11-04,"Semiconductors",4,9,1,14,5,23,-18,114,-15.79
2025-11-04,"Technology ex-Semis",3,36,1,38,4,74,-70,384,-18.23
2025-11-04,"Utilities",18,7,4,8,22,15,7,120,5.83
2025-11-05,"Communication/Media",35,14,12,11,47,25,22,341,6.45
2025-11-05,"Consumer Discretionary",76,12,14,15,90,27,63,553,11.39
2025-11-05,"Consumer Staples",29,6,8,2,37,8,29,221,13.12
2025-11-05,"Energy",18,19,5,7,23,26,-3,270,-1.11
2025-11-05,"Financials",131,36,43,7,174,43,131,891,14.70
2025-11-05,"Healthcare",93,37,18,48,111,85,26,1068,2.43
2025-11-05,"Industrials",111,20,18,17,129,37,92,892,10.31
2025-11-05,"Materials",27,1,2,6,29,7,22,272,8.09
2025-11-05,"Real Estate",30,11,6,4,36,15,21,291,7.22
2025-11-05,"Semiconductors",24,3,0,4,24,7,17,114,14.91
2025-11-05,"Technology ex-Semis",58,15,11,9,69,24,45,384,11.72
2025-11-05,"Utilities",13,4,4,0,17,4,13,120,10.83
2025-11-06,"Communication/Media",12,26,15,14,27,40,-13,341,-3.81
2025-11-06,"Consumer Discretionary",17,40,8,27,25,67,-42,553,-7.59
2025-11-06,"Consumer Staples",7,21,9,6,16,27,-11,221,-4.98
2025-11-06,"Energy",10,27,11,11,21,38,-17,270,-6.30
2025-11-06,"Financials",36,103,25,27,61,130,-69,891,-7.74
2025-11-06,"Healthcare",56,73,22,46,78,119,-41,1068,-3.84
2025-11-06,"Industrials",28,90,15,41,43,131,-88,892,-9.87
2025-11-06,"Materials",7,30,4,3,11,33,-22,272,-8.09
2025-11-06,"Real Estate",15,27,6,7,21,34,-13,291,-4.47
2025-11-06,"Semiconductors",1,7,2,9,3,16,-13,114,-11.40
2025-11-06,"Technology ex-Semis",7,27,16,27,23,54,-31,384,-8.07
2025-11-06,"Utilities",11,9,4,3,15,12,3,120,2.50
2025-11-07,"Communication/Media",70,5,6,20,76,25,51,341,14.96
2025-11-07,"Consumer Discretionary",108,11,14,12,122,23,99,553,17.90
2025-11-07,"Consumer Staples",32,7,5,9,37,16,21,221,9.50
2025-11-07,"Energy",42,10,11,5,53,15,38,270,14.07
2025-11-07,"Financials",172,26,26,20,198,46,152,891,17.06
2025-11-07,"Healthcare",184,25,13,65,197,90,107,1068,10.02
2025-11-07,"Industrials",184,22,7,51,191,73,118,892,13.23
2025-11-07,"Materials",67,0,4,7,71,7,64,272,23.53
2025-11-07,"Real Estate",66,6,13,7,79,13,66,291,22.68
2025-11-07,"Semiconductors",39,1,1,17,40,18,22,114,19.30
2025-11-07,"Technology ex-Semis",90,7,5,19,95,26,69,384,17.97
2025-11-07,"Utilities",27,1,2,3,29,4,25,120,20.83
2025-11-10,"Communication/Media",29,22,8,6,37,28,9,341,2.64
2025-11-10,"Consumer Discretionary",41,36,15,14,56,50,6,553,1.08
2025-11-10,"Consumer Staples",14,13,3,3,17,16,1,221,0.45
2025-11-10,"Energy",33,13,20,1,53,14,39,270,14.44
2025-11-10,"Financials",46,52,39,5,85,57,28,891,3.14
2025-11-10,"Healthcare",97,64,27,14,124,78,46,1068,4.31
2025-11-10,"Industrials",68,50,18,12,86,62,24,892,2.69
2025-11-10,"Materials",22,15,3,2,25,17,8,272,2.94
2025-11-10,"Real Estate",24,29,10,2,34,31,3,291,1.03
2025-11-10,"Semiconductors",16,3,2,1,18,4,14,114,12.28
2025-11-10,"Technology ex-Semis",37,23,10,5,47,28,19,384,4.95
2025-11-10,"Utilities",8,5,2,3,10,8,2,120,1.67
2025-11-11,"Communication/Media",32,20,9,2,41,22,19,341,5.57
2025-11-11,"Consumer Discretionary",40,29,6,5,46,34,12,553,2.17
2025-11-11,"Consumer Staples",18,5,6,3,24,8,16,221,7.24
2025-11-11,"Energy",9,21,18,3,27,24,3,270,1.11
2025-11-11,"Financials",59,47,20,0,79,47,32,891,3.59
2025-11-11,"Healthcare",145,35,37,3,182,38,144,1068,13.48
2025-11-11,"Industrials",68,50,6,3,74,53,21,892,2.35
2025-11-11,"Materials",16,10,3,0,19,10,9,272,3.31
2025-11-11,"Real Estate",39,16,10,1,49,17,32,291,11.00
2025-11-11,"Semiconductors",3,10,0,4,3,14,-11,114,-9.65
2025-11-11,"Technology ex-Semis",34,18,5,6,39,24,15,384,3.91
2025-11-11,"Utilities",11,3,3,0,14,3,11,120,9.17
2025-11-12,"Communication/Media",20,23,6,6,26,29,-3,341,-0.88
2025-11-12,"Consumer Discretionary",33,45,15,5,48,50,-2,553,-0.36
2025-11-12,"Consumer Staples",12,26,2,0,14,26,-12,221,-5.43
2025-11-12,"Energy",12,52,3,2,15,54,-39,270,-14.44
2025-11-12,"Financials",33,123,44,4,77,127,-50,891,-5.61
2025-11-12,"Healthcare",56,71,33,11,89,82,7,1068,0.66
2025-11-12,"Industrials",48,73,13,12,61,85,-24,892,-2.69
2025-11-12,"Materials",21,22,12,1,33,23,10,272,3.68
2025-11-12,"Real Estate",5,33,11,3,16,36,-20,291,-6.87
2025-11-12,"Semiconductors",8,7,0,0,8,7,1,114,0.88
2025-11-12,"Technology ex-Semis",25,30,8,9,33,39,-6,384,-1.56
2025-11-12,"Utilities",4,7,6,0,10,7,3,120,2.50
2025-11-13,"Communication/Media",9,43,7,21,16,64,-48,341,-14.08
2025-11-13,"Consumer Discretionary",14,75,6,16,20,91,-71,553,-12.84
2025-11-13,"Consumer Staples",5,29,4,7,9,36,-27,221,-12.22
2025-11-13,"Energy",4,40,5,6,9,46,-37,270,-13.70
2025-11-13,"Financials",22,131,22,13,44,144,-100,891,-11.22
2025-11-13,"Healthcare",27,126,10,26,37,152,-115,1068,-10.77
2025-11-13,"Industrials",24,114,7,23,31,137,-106,892,-11.88
2025-11-13,"Materials",6,49,7,0,13,49,-36,272,-13.24
2025-11-13,"Real Estate",9,34,3,6,12,40,-28,291,-9.62
2025-11-13,"Semiconductors",1,8,0,9,1,17,-16,114,-14.04
2025-11-13,"Technology ex-Semis",11,35,4,23,15,58,-43,384,-11.20
2025-11-13,"Utilities",4,20,1,7,5,27,-22,120,-18.33
2025-11-14,"Communication/Media",33,15,0,10,33,25,8,341,2.35
2025-11-14,"Consumer Discretionary",47,14,3,21,50,35,15,553,2.71
2025-11-14,"Consumer Staples",11,9,1,5,12,14,-2,221,-0.90
2025-11-14,"Energy",47,4,4,5,51,9,42,270,15.56
2025-11-14,"Financials",78,43,7,21,85,64,21,891,2.36
2025-11-14,"Healthcare",106,49,20,21,126,70,56,1068,5.24
2025-11-14,"Industrials",108,25,8,53,116,78,38,892,4.26
2025-11-14,"Materials",31,10,3,1,34,11,23,272,8.46
2025-11-14,"Real Estate",28,10,2,7,30,17,13,291,4.47
2025-11-14,"Semiconductors",18,0,0,8,18,8,10,114,8.77
2025-11-14,"Technology ex-Semis",40,11,0,21,40,32,8,384,2.08
2025-11-14,"Utilities",11,5,1,1,12,6,6,120,5.00
2025-11-17,"Communication/Media",15,19,4,14,19,33,-14,341,-4.11
2025-11-17,"Consumer Discretionary",7,54,3,19,10,73,-63,553,-11.39
2025-11-17,"Consumer Staples",3,27,4,15,7,42,-35,221,-15.84
2025-11-17,"Energy",7,51,2,5,9,56,-47,270,-17.41
2025-11-17,"Financials",18,160,6,88,24,248,-224,891,-25.14
2025-11-17,"Healthcare",37,82,26,19,63,101,-38,1068,-3.56
2025-11-17,"Industrials",22,59,6,37,28,96,-68,892,-7.62
2025-11-17,"Materials",5,35,3,6,8,41,-33,272,-12.13
2025-11-17,"Real Estate",5,46,3,16,8,62,-54,291,-18.56
2025-11-17,"Semiconductors",1,4,0,4,1,8,-7,114,-6.14
2025-11-17,"Technology ex-Semis",4,16,1,21,5,37,-32,384,-8.33
2025-11-17,"Utilities",3,12,2,4,5,16,-11,120,-9.17
2025-11-18,"Communication/Media",36,9,3,7,39,16,23,341,6.74
2025-11-18,"Consumer Discretionary",64,13,2,21,66,34,32,553,5.79
2025-11-18,"Consumer Staples",25,5,1,6,26,11,15,221,6.79
2025-11-18,"Energy",31,5,1,10,32,15,17,270,6.30
2025-11-18,"Financials",66,36,4,46,70,82,-12,891,-1.35
2025-11-18,"Healthcare",87,35,14,22,101,57,44,1068,4.12
2025-11-18,"Industrials",78,17,5,38,83,55,28,892,3.14
2025-11-18,"Materials",18,8,1,11,19,19,0,272,0.00
2025-11-18,"Real Estate",35,9,2,6,37,15,22,291,7.56
2025-11-18,"Semiconductors",6,3,2,5,8,8,0,114,0.00
2025-11-18,"Technology ex-Semis",38,4,0,20,38,24,14,384,3.65
2025-11-18,"Utilities",2,14,2,0,4,14,-10,120,-8.33
2025-11-19,"Communication/Media",13,27,8,7,21,34,-13,341,-3.81
2025-11-19,"Consumer Discretionary",21,23,3,13,24,36,-12,553,-2.17
2025-11-19,"Consumer Staples",7,10,4,5,11,15,-4,221,-1.81
2025-11-19,"Energy",21,18,0,5,21,23,-2,270,-0.74
2025-11-19,"Financials",90,58,7,15,97,73,24,891,2.69
2025-11-19,"Healthcare",39,72,14,20,53,92,-39,1068,-3.65
2025-11-19,"Industrials",49,33,6,8,55,41,14,892,1.57
2025-11-19,"Materials",6,22,14,7,20,29,-9,272,-3.31
2025-11-19,"Real Estate",12,28,2,5,14,33,-19,291,-6.53
2025-11-19,"Semiconductors",9,4,0,2,9,6,3,114,2.63
2025-11-19,"Technology ex-Semis",10,13,0,7,10,20,-10,384,-2.60
2025-11-19,"Utilities",4,20,0,5,4,25,-21,120,-17.50
2025-11-20,"Communication/Media",6,32,1,10,7,42,-35,341,-10.26
2025-11-20,"Consumer Discretionary",12,53,9,24,21,77,-56,553,-10.13
2025-11-20,"Consumer Staples",6,22,2,3,8,25,-17,221,-7.69
2025-11-20,"Energy",0,68,5,9,5,77,-72,270,-26.67
2025-11-20,"Financials",13,131,10,22,23,153,-130,891,-14.59
2025-11-20,"Healthcare",9,197,13,25,22,222,-200,1068,-18.73
2025-11-20,"Industrials",15,107,6,20,21,127,-106,892,-11.88
2025-11-20,"Materials",1,63,4,8,5,71,-66,272,-24.26
2025-11-20,"Real Estate",4,28,1,13,5,41,-36,291,-12.37
2025-11-20,"Semiconductors",0,15,0,3,0,18,-18,114,-15.79
2025-11-20,"Technology ex-Semis",0,48,3,11,3,59,-56,384,-14.58
2025-11-20,"Utilities",1,20,1,4,2,24,-22,120,-18.33
2025-11-21,"Communication/Media",66,6,0,8,66,14,52,341,15.25
2025-11-21,"Consumer Discretionary",125,12,15,7,140,19,121,553,21.88
2025-11-21,"Consumer Staples",22,5,5,6,27,11,16,221,7.24
2025-11-21,"Energy",49,6,1,18,50,24,26,270,9.63
2025-11-21,"Financials",174,11,46,19,220,30,190,891,21.32
2025-11-21,"Healthcare",162,30,15,19,177,49,128,1068,11.99
2025-11-21,"Industrials",204,13,11,24,215,37,178,892,19.96
2025-11-21,"Materials",43,8,1,3,44,11,33,272,12.13
2025-11-21,"Real Estate",53,2,7,6,60,8,52,291,17.87
2025-11-21,"Semiconductors",36,1,1,9,37,10,27,114,23.68
2025-11-21,"Technology ex-Semis",88,2,2,11,90,13,77,384,20.05
2025-11-21,"Utilities",17,2,3,6,20,8,12,120,10.00
2025-11-24,"Communication/Media",41,15,5,4,46,19,27,341,7.92
2025-11-24,"Consumer Discretionary",44,43,11,4,55,47,8,553,1.45
2025-11-24,"Consumer Staples",8,23,1,2,9,25,-16,221,-7.24
2025-11-24,"Energy",34,4,2,3,36,7,29,270,10.74
2025-11-24,"Financials",86,50,21,10,107,60,47,891,5.27
2025-11-24,"Healthcare",109,44,29,6,138,50,88,1068,8.24
2025-11-24,"Industrials",143,27,8,10,151,37,114,892,12.78
2025-11-24,"Materials",61,10,4,1,65,11,54,272,19.85
2025-11-24,"Real Estate",31,10,4,2,35,12,23,291,7.90
2025-11-24,"Semiconductors",33,0,0,0,33,0,33,114,28.95
2025-11-24,"Technology ex-Semis",80,12,5,0,85,12,73,384,19.01
2025-11-24,"Utilities",10,3,0,2,10,5,5,120,4.17
2025-11-25,"Communication/Media",41,16,7,0,48,16,32,341,9.38
2025-11-25,"Consumer Discretionary",58,18,35,4,93,22,71,553,12.84
2025-11-25,"Consumer Staples",18,11,14,2,32,13,19,221,8.60
2025-11-25,"Energy",39,7,2,8,41,15,26,270,9.63
2025-11-25,"Financials",79,31,120,3,199,34,165,891,18.52
2025-11-25,"Healthcare",86,33,29,6,115,39,76,1068,7.12
2025-11-25,"Industrials",106,16,29,5,135,21,114,892,12.78
2025-11-25,"Materials",25,10,16,3,41,13,28,272,10.29
2025-11-25,"Real Estate",23,21,26,3,49,24,25,291,8.59
2025-11-25,"Semiconductors",14,1,3,0,17,1,16,114,14.04
2025-11-25,"Technology ex-Semis",55,11,6,3,61,14,47,384,12.24
2025-11-25,"Utilities",9,9,2,0,11,9,2,120,1.67
2025-11-26,"Communication/Media",18,23,6,0,24,23,1,341,0.29
2025-11-26,"Consumer Discretionary",26,36,21,2,47,38,9,553,1.63
2025-11-26,"Consumer Staples",15,19,17,0,32,19,13,221,5.88
2025-11-26,"Energy",10,33,3,0,13,33,-20,270,-7.41
2025-11-26,"Financials",42,104,29,4,71,108,-37,891,-4.15
2025-11-26,"Healthcare",70,84,27,2,97,86,11,1068,1.03
2025-11-26,"Industrials",50,56,30,4,80,60,20,892,2.24
2025-11-26,"Materials",20,12,26,0,46,12,34,272,12.50
2025-11-26,"Real Estate",11,32,12,2,23,34,-11,291,-3.78
2025-11-26,"Semiconductors",5,9,1,0,6,9,-3,114,-2.63
2025-11-26,"Technology ex-Semis",20,35,4,3,24,38,-14,384,-3.65
2025-11-26,"Utilities",11,7,5,0,16,7,9,120,7.50
2025-11-28,"Communication/Media",26,19,5,2,31,21,10,341,2.93
2025-11-28,"Consumer Discretionary",25,42,13,0,38,42,-4,553,-0.72
2025-11-28,"Consumer Staples",5,12,5,0,10,12,-2,221,-0.90
2025-11-28,"Energy",37,6,5,4,42,10,32,270,11.85
2025-11-28,"Financials",37,93,34,2,71,95,-24,891,-2.69
2025-11-28,"Healthcare",51,72,19,3,70,75,-5,1068,-0.47
2025-11-28,"Industrials",60,40,18,4,78,44,34,892,3.81
2025-11-28,"Materials",13,7,32,0,45,7,38,272,13.97
2025-11-28,"Real Estate",14,10,6,1,20,11,9,291,3.09
2025-11-28,"Semiconductors",12,1,0,0,12,1,11,114,9.65
2025-11-28,"Technology ex-Semis",19,23,1,1,20,24,-4,384,-1.04
2025-11-28,"Utilities",7,7,5,0,12,7,5,120,4.17
2025-12-01,"Communication/Media",22,20,5,4,27,24,3,341,0.88
2025-12-01,"Consumer Discretionary",28,66,24,1,52,67,-15,553,-2.71
2025-12-01,"Consumer Staples",11,19,8,3,19,22,-3,221,-1.36
2025-12-01,"Energy",12,25,13,1,25,26,-1,270,-0.37
2025-12-01,"Financials",65,94,31,10,96,104,-8,891,-0.90
2025-12-01,"Healthcare",21,225,16,10,37,235,-198,1068,-18.54
2025-12-01,"Industrials",31,100,28,7,59,107,-48,892,-5.38
2025-12-01,"Materials",2,45,12,2,14,47,-33,272,-12.13
2025-12-01,"Real Estate",24,31,0,1,24,32,-8,291,-2.75
2025-12-01,"Semiconductors",6,11,3,0,9,11,-2,114,-1.75
2025-12-01,"Technology ex-Semis",15,26,5,0,20,26,-6,384,-1.56
2025-12-01,"Utilities",2,21,4,0,6,21,-15,120,-12.50
2025-12-02,"Communication/Media",14,26,5,3,19,29,-10,341,-2.93
2025-12-02,"Consumer Discretionary",23,50,13,4,36,54,-18,553,-3.25
2025-12-02,"Consumer Staples",7,22,6,4,13,26,-13,221,-5.88
2025-12-02,"Energy",18,38,6,6,24,44,-20,270,-7.41
2025-12-02,"Financials",20,157,18,5,38,162,-124,891,-13.92
2025-12-02,"Healthcare",27,127,12,18,39,145,-106,1068,-9.93
2025-12-02,"Industrials",50,59,21,3,71,62,9,892,1.01
2025-12-02,"Materials",8,27,4,1,12,28,-16,272,-5.88
2025-12-02,"Real Estate",10,48,8,1,18,49,-31,291,-10.65
2025-12-02,"Semiconductors",0,6,8,0,8,6,2,114,1.75
2025-12-02,"Technology ex-Semis",10,26,9,2,19,28,-9,384,-2.34
2025-12-02,"Utilities",6,15,0,6,6,21,-15,120,-12.50
2025-12-03,"Communication/Media",26,21,11,7,37,28,9,341,2.64
2025-12-03,"Consumer Discretionary",37,36,20,3,57,39,18,553,3.25
2025-12-03,"Consumer Staples",10,27,10,2,20,29,-9,221,-4.07
2025-12-03,"Energy",24,8,24,1,48,9,39,270,14.44
2025-12-03,"Financials",51,36,44,8,95,44,51,891,5.72
2025-12-03,"Healthcare",135,29,22,11,157,40,117,1068,10.96
2025-12-03,"Industrials",81,31,52,6,133,37,96,892,10.76
2025-12-03,"Materials",10,22,15,1,25,23,2,272,0.74
2025-12-03,"Real Estate",21,14,15,2,36,16,20,291,6.87
2025-12-03,"Semiconductors",6,1,14,1,20,2,18,114,15.79
2025-12-03,"Technology ex-Semis",37,14,10,1,47,15,32,384,8.33
2025-12-03,"Utilities",5,4,1,7,6,11,-5,120,-4.17
2025-12-04,"Communication/Media",17,26,12,2,29,28,1,341,0.29
2025-12-04,"Consumer Discretionary",19,58,18,8,37,66,-29,553,-5.24
2025-12-04,"Consumer Staples",3,40,4,5,7,45,-38,221,-17.19
2025-12-04,"Energy",5,19,19,2,24,21,3,270,1.11
2025-12-04,"Financials",24,75,27,6,51,81,-30,891,-3.37
2025-12-04,"Healthcare",78,55,48,16,126,71,55,1068,5.15
2025-12-04,"Industrials",40,86,51,2,91,88,3,892,0.34
2025-12-04,"Materials",11,24,6,1,17,25,-8,272,-2.94
2025-12-04,"Real Estate",8,32,6,9,14,41,-27,291,-9.28
2025-12-04,"Semiconductors",5,5,8,1,13,6,7,114,6.14
2025-12-04,"Technology ex-Semis",12,17,29,1,41,18,23,384,5.99
2025-12-04,"Utilities",3,10,0,7,3,17,-14,120,-11.67
2025-12-05,"Communication/Media",11,29,10,5,21,34,-13,341,-3.81
2025-12-05,"Consumer Discretionary",15,71,12,6,27,77,-50,553,-9.04
2025-12-05,"Consumer Staples",10,27,4,3,14,30,-16,221,-7.24
2025-12-05,"Energy",2,56,11,3,13,59,-46,270,-17.04
2025-12-05,"Financials",28,120,26,11,54,131,-77,891,-8.64
2025-12-05,"Healthcare",19,140,25,13,44,153,-109,1068,-10.21
2025-12-05,"Industrials",29,104,19,8,48,112,-64,892,-7.17
2025-12-05,"Materials",2,46,7,2,9,48,-39,272,-14.34
2025-12-05,"Real Estate",14,25,5,3,19,28,-9,291,-3.09
2025-12-05,"Semiconductors",0,12,10,1,10,13,-3,114,-2.63
2025-12-05,"Technology ex-Semis",8,48,25,4,33,52,-19,384,-4.95
2025-12-05,"Utilities",8,10,1,7,9,17,-8,120,-6.67
2025-12-08,"Communication/Media",18,40,15,6,33,46,-13,341,-3.81
2025-12-08,"Consumer Discretionary",22,75,15,12,37,87,-50,553,-9.04
2025-12-08,"Consumer Staples",8,24,6,9,14,33,-19,221,-8.60
2025-12-08,"Energy",5,65,5,5,10,70,-60,270,-22.22
2025-12-08,"Financials",35,123,18,13,53,136,-83,891,-9.32
2025-12-08,"Healthcare",41,125,37,20,78,145,-67,1068,-6.27
2025-12-08,"Industrials",24,117,37,4,61,121,-60,892,-6.73
2025-12-08,"Materials",1,46,4,4,5,50,-45,272,-16.54
2025-12-08,"Real Estate",15,38,3,14,18,52,-34,291,-11.68
2025-12-08,"Semiconductors",2,8,5,0,7,8,-1,114,-0.88
2025-12-08,"Technology ex-Semis",17,46,14,3,31,49,-18,384,-4.69
2025-12-08,"Utilities",2,9,1,11,3,20,-17,120,-14.17
2025-12-09,"Communication/Media",26,18,8,9,34,27,7,341,2.05
2025-12-09,"Consumer Discretionary",40,35,8,10,48,45,3,553,0.54
2025-12-09,"Consumer Staples",18,16,2,3,20,19,1,221,0.45
2025-12-09,"Energy",15,23,2,7,17,30,-13,270,-4.81
2025-12-09,"Financials",45,107,29,8,74,115,-41,891,-4.60
2025-12-09,"Healthcare",53,99,21,23,74,122,-48,1068,-4.49
2025-12-09,"Industrials",39,106,24,2,63,108,-45,892,-5.04
2025-12-09,"Materials",26,10,7,1,33,11,22,272,8.09
2025-12-09,"Real Estate",19,16,5,5,24,21,3,291,1.03
2025-12-09,"Semiconductors",5,5,4,0,9,5,4,114,3.51
2025-12-09,"Technology ex-Semis",20,21,10,4,30,25,5,384,1.30
2025-12-09,"Utilities",3,7,4,1,7,8,-1,120,-0.83
2025-12-10,"Communication/Media",15,19,19,5,34,24,10,341,2.93
2025-12-10,"Consumer Discretionary",40,31,25,6,65,37,28,553,5.06
2025-12-10,"Consumer Staples",26,14,13,4,39,18,21,221,9.50
2025-12-10,"Energy",18,9,5,5,23,14,9,270,3.33
2025-12-10,"Financials",48,37,32,17,80,54,26,891,2.92
2025-12-10,"Healthcare",96,53,31,16,127,69,58,1068,5.43
2025-12-10,"Industrials",68,42,68,9,136,51,85,892,9.53
2025-12-10,"Materials",30,13,13,2,43,15,28,272,10.29
2025-12-10,"Real Estate",22,24,14,2,36,26,10,291,3.44
2025-12-10,"Semiconductors",3,5,7,0,10,5,5,114,4.39
2025-12-10,"Technology ex-Semis",13,19,21,3,34,22,12,384,3.13
2025-12-10,"Utilities",15,5,0,3,15,8,7,120,5.83
2025-12-11,"Communication/Media",18,33,14,4,32,37,-5,341,-1.47
2025-12-11,"Consumer Discretionary",40,42,27,4,67,46,21,553,3.80
2025-12-11,"Consumer Staples",8,23,11,5,19,28,-9,221,-4.07
2025-12-11,"Energy",16,22,6,4,22,26,-4,270,-1.48
2025-12-11,"Financials",37,84,30,3,67,87,-20,891,-2.24
2025-12-11,"Healthcare",59,94,29,9,88,103,-15,1068,-1.40
2025-12-11,"Industrials",46,50,50,6,96,56,40,892,4.48
2025-12-11,"Materials",13,8,14,1,27,9,18,272,6.62
2025-12-11,"Real Estate",17,23,19,7,36,30,6,291,2.06
2025-12-11,"Semiconductors",10,7,4,1,14,8,6,114,5.26
2025-12-11,"Technology ex-Semis",26,25,7,1,33,26,7,384,1.82
2025-12-11,"Utilities",4,8,3,0,7,8,-1,120,-0.83
2025-12-12,"Communication/Media",10,69,12,3,22,72,-50,341,-14.66
2025-12-12,"Consumer Discretionary",18,99,21,6,39,105,-66,553,-11.93
2025-12-12,"Consumer Staples",14,23,8,0,22,23,-1,221,-0.45
2025-12-12,"Energy",4,44,2,10,6,54,-48,270,-17.78
2025-12-12,"Financials",24,115,23,5,47,120,-73,891,-8.19
2025-12-12,"Healthcare",26,157,44,18,70,175,-105,1068,-9.83
2025-12-12,"Industrials",20,175,33,9,53,184,-131,892,-14.69
2025-12-12,"Materials",3,45,6,0,9,45,-36,272,-13.24
2025-12-12,"Real Estate",9,42,10,2,19,44,-25,291,-8.59
2025-12-12,"Semiconductors",0,47,1,0,1,47,-46,114,-40.35
2025-12-12,"Technology ex-Semis",4,72,14,3,18,75,-57,384,-14.84
2025-12-12,"Utilities",12,15,3,1,15,16,-1,120,-0.83
2025-12-15,"Communication/Media",4,45,4,5,8,50,-42,341,-12.32
2025-12-15,"Consumer Discretionary",24,56,9,17,33,73,-40,553,-7.23
2025-12-15,"Consumer Staples",10,22,7,1,17,23,-6,221,-2.71
2025-12-15,"Energy",20,15,3,16,23,31,-8,270,-2.96
2025-12-15,"Financials",28,97,20,27,48,124,-76,891,-8.53
2025-12-15,"Healthcare",42,134,19,30,61,164,-103,1068,-9.64
2025-12-15,"Industrials",20,111,7,25,27,136,-109,892,-12.22
2025-12-15,"Materials",3,42,6,2,9,44,-35,272,-12.87
2025-12-15,"Real Estate",17,26,4,12,21,38,-17,291,-5.84
2025-12-15,"Semiconductors",2,17,0,1,2,18,-16,114,-14.04
2025-12-15,"Technology ex-Semis",8,71,8,17,16,88,-72,384,-18.75
2025-12-15,"Utilities",15,7,3,4,18,11,7,120,5.83
2025-12-16,"Communication/Media",27,18,2,10,29,28,1,341,0.29
2025-12-16,"Consumer Discretionary",32,40,9,13,41,53,-12,553,-2.17
2025-12-16,"Consumer Staples",12,31,6,5,18,36,-18,221,-8.14
2025-12-16,"Energy",10,32,0,23,10,55,-45,270,-16.67
2025-12-16,"Financials",34,91,18,13,52,104,-52,891,-5.84
2025-12-16,"Healthcare",69,68,8,37,77,105,-28,1068,-2.62
2025-12-16,"Industrials",40,58,8,21,48,79,-31,892,-3.48
2025-12-16,"Materials",9,20,2,8,11,28,-17,272,-6.25
2025-12-16,"Real Estate",10,49,4,7,14,56,-42,291,-14.43
2025-12-16,"Semiconductors",6,5,0,1,6,6,0,114,0.00
2025-12-16,"Technology ex-Semis",40,16,3,7,43,23,20,384,5.21
2025-12-16,"Utilities",8,9,2,1,10,10,0,120,0.00
2025-12-17,"Communication/Media",10,28,6,4,16,32,-16,341,-4.69
2025-12-17,"Consumer Discretionary",23,51,5,10,28,61,-33,553,-5.97
2025-12-17,"Consumer Staples",6,29,4,4,10,33,-23,221,-10.41
2025-12-17,"Energy",31,3,1,7,32,10,22,270,8.15
2025-12-17,"Financials",32,103,17,13,49,116,-67,891,-7.52
2025-12-17,"Healthcare",29,120,16,28,45,148,-103,1068,-9.64
2025-12-17,"Industrials",26,109,16,22,42,131,-89,892,-9.98
2025-12-17,"Materials",16,26,3,2,19,28,-9,272,-3.31
2025-12-17,"Real Estate",22,27,16,8,38,35,3,291,1.03
2025-12-17,"Semiconductors",3,12,0,2,3,14,-11,114,-9.65
2025-12-17,"Technology ex-Semis",6,37,7,16,13,53,-40,384,-10.42
2025-12-17,"Utilities",7,6,4,8,11,14,-3,120,-2.50
2025-12-18,"Communication/Media",19,31,5,5,24,36,-12,341,-3.52
2025-12-18,"Consumer Discretionary",17,48,11,6,28,54,-26,553,-4.70
2025-12-18,"Consumer Staples",7,21,3,5,10,26,-16,221,-7.24
2025-12-18,"Energy",10,18,3,8,13,26,-13,270,-4.81
2025-12-18,"Financials",34,73,13,9,47,82,-35,891,-3.93
2025-12-18,"Healthcare",39,93,9,22,48,115,-67,1068,-6.27
2025-12-18,"Industrials",41,69,12,13,53,82,-29,892,-3.25
2025-12-18,"Materials",12,28,3,3,15,31,-16,272,-5.88
2025-12-18,"Real Estate",12,36,9,4,21,40,-19,291,-6.53
2025-12-18,"Semiconductors",2,6,2,2,4,8,-4,114,-3.51
2025-12-18,"Technology ex-Semis",17,19,5,7,22,26,-4,384,-1.04
2025-12-18,"Utilities",5,11,2,3,7,14,-7,120,-5.83
2025-12-19,"Communication/Media",28,32,7,5,35,37,-2,341,-0.59
2025-12-19,"Consumer Discretionary",35,42,7,7,42,49,-7,553,-1.27
2025-12-19,"Consumer Staples",10,29,0,5,10,34,-24,221,-10.86
2025-12-19,"Energy",21,12,1,6,22,18,4,270,1.48
2025-12-19,"Financials",52,114,11,11,63,125,-62,891,-6.96
2025-12-19,"Healthcare",112,54,16,20,128,74,54,1068,5.06
2025-12-19,"Industrials",105,62,11,12,116,74,42,892,4.71
2025-12-19,"Materials",17,21,3,7,20,28,-8,272,-2.94
2025-12-19,"Real Estate",21,38,2,8,23,46,-23,291,-7.90
2025-12-19,"Semiconductors",14,8,2,1,16,9,7,114,6.14
2025-12-19,"Technology ex-Semis",37,18,6,3,43,21,22,384,5.73
2025-12-19,"Utilities",6,21,1,1,7,22,-15,120,-12.50
2025-12-22,"Communication/Media",19,29,14,11,33,40,-7,341,-2.05
2025-12-22,"Consumer Discretionary",34,53,10,5,44,58,-14,553,-2.53
2025-12-22,"Consumer Staples",16,20,2,8,18,28,-10,221,-4.52
2025-12-22,"Energy",21,37,4,4,25,41,-16,270,-5.93
2025-12-22,"Financials",38,92,16,13,54,105,-51,891,-5.72
2025-12-22,"Healthcare",93,79,25,14,118,93,25,1068,2.34
2025-12-22,"Industrials",59,63,33,7,92,70,22,892,2.47
2025-12-22,"Materials",12,22,6,2,18,24,-6,272,-2.21
2025-12-22,"Real Estate",25,24,2,6,27,30,-3,291,-1.03
2025-12-22,"Semiconductors",3,10,3,0,6,10,-4,114,-3.51
2025-12-22,"Technology ex-Semis",20,35,13,0,33,35,-2,384,-0.52
2025-12-22,"Utilities",23,7,1,3,24,10,14,120,11.67
2025-12-23,"Communication/Media",25,23,2,3,27,26,1,341,0.29
2025-12-23,"Consumer Discretionary",42,50,4,14,46,64,-18,553,-3.25
2025-12-23,"Consumer Staples",8,13,2,12,10,25,-15,221,-6.79
2025-12-23,"Energy",30,12,2,3,32,15,17,270,6.30
2025-12-23,"Financials",35,109,14,20,49,129,-80,891,-8.98
2025-12-23,"Healthcare",36,97,9,24,45,121,-76,1068,-7.12
2025-12-23,"Industrials",50,66,19,13,69,79,-10,892,-1.12
2025-12-23,"Materials",9,21,4,0,13,21,-8,272,-2.94
2025-12-23,"Real Estate",17,32,5,13,22,45,-23,291,-7.90
2025-12-23,"Semiconductors",9,9,2,1,11,10,1,114,0.88
2025-12-23,"Technology ex-Semis",18,35,5,11,23,46,-23,384,-5.99
2025-12-23,"Utilities",7,8,1,0,8,8,0,120,0.00
2025-12-24,"Communication/Media",36,9,4,4,40,13,27,341,7.92
2025-12-24,"Consumer Discretionary",50,17,5,5,55,22,33,553,5.97
2025-12-24,"Consumer Staples",21,9,1,6,22,15,7,221,3.17
2025-12-24,"Energy",26,17,0,3,26,20,6,270,2.22
2025-12-24,"Financials",63,42,2,12,65,54,11,891,1.23
2025-12-24,"Healthcare",91,33,9,17,100,50,50,1068,4.68
2025-12-24,"Industrials",73,43,5,8,78,51,27,892,3.03
2025-12-24,"Materials",16,5,3,1,19,6,13,272,4.78
2025-12-24,"Real Estate",39,4,3,6,42,10,32,291,11.00
2025-12-24,"Semiconductors",5,6,0,0,5,6,-1,114,-0.88
2025-12-24,"Technology ex-Semis",30,18,0,10,30,28,2,384,0.52
2025-12-24,"Utilities",11,4,0,2,11,6,5,120,4.17
2025-12-26,"Communication/Media",20,22,2,5,22,27,-5,341,-1.47
2025-12-26,"Consumer Discretionary",52,32,8,9,60,41,19,553,3.44
2025-12-26,"Consumer Staples",20,9,2,3,22,12,10,221,4.52
2025-12-26,"Energy",17,17,1,7,18,24,-6,270,-2.22
2025-12-26,"Financials",47,44,6,7,53,51,2,891,0.22
2025-12-26,"Healthcare",76,54,14,19,90,73,17,1068,1.59
2025-12-26,"Industrials",67,43,7,19,74,62,12,892,1.35
2025-12-26,"Materials",17,14,4,5,21,19,2,272,0.74
2025-12-26,"Real Estate",18,9,4,7,22,16,6,291,2.06
2025-12-26,"Semiconductors",5,3,4,3,9,6,3,114,2.63
2025-12-26,"Technology ex-Semis",26,16,3,14,29,30,-1,384,-0.26
2025-12-26,"Utilities",3,6,0,2,3,8,-5,120,-4.17
2025-12-29,"Communication/Media",26,21,5,6,31,27,4,341,1.17
2025-12-29,"Consumer Discretionary",34,37,9,22,43,59,-16,553,-2.89
2025-12-29,"Consumer Staples",13,11,1,14,14,25,-11,221,-4.98
2025-12-29,"Energy",20,20,3,3,23,23,0,270,0.00
2025-12-29,"Financials",46,82,9,19,55,101,-46,891,-5.16
2025-12-29,"Healthcare",51,92,5,32,56,124,-68,1068,-6.37
2025-12-29,"Industrials",46,66,5,25,51,91,-40,892,-4.48
2025-12-29,"Materials",17,42,2,9,19,51,-32,272,-11.76
2025-12-29,"Real Estate",17,25,7,4,24,29,-5,291,-1.72
2025-12-29,"Semiconductors",7,9,0,4,7,13,-6,114,-5.26
2025-12-29,"Technology ex-Semis",26,21,3,14,29,35,-6,384,-1.56
2025-12-29,"Utilities",6,13,2,1,8,14,-6,120,-5.00
2025-12-30,"Communication/Media",22,33,7,13,29,46,-17,341,-4.99
2025-12-30,"Consumer Discretionary",16,47,6,11,22,58,-36,553,-6.51
2025-12-30,"Consumer Staples",13,16,2,3,15,19,-4,221,-1.81
2025-12-30,"Energy",8,32,6,3,14,35,-21,270,-7.78
2025-12-30,"Financials",30,78,8,24,38,102,-64,891,-7.18
2025-12-30,"Healthcare",47,79,7,21,54,100,-46,1068,-4.31
2025-12-30,"Industrials",33,92,6,11,39,103,-64,892,-7.17
2025-12-30,"Materials",4,38,2,6,6,44,-38,272,-13.97
2025-12-30,"Real Estate",19,23,4,1,23,24,-1,291,-0.34
2025-12-30,"Semiconductors",2,11,1,1,3,12,-9,114,-7.89
2025-12-30,"Technology ex-Semis",17,34,2,7,19,41,-22,384,-5.73
2025-12-30,"Utilities",5,7,2,1,7,8,-1,120,-0.83
2025-12-31,"Communication/Media",33,37,5,6,38,43,-5,341,-1.47
2025-12-31,"Consumer Discretionary",26,41,2,24,28,65,-37,553,-6.69
2025-12-31,"Consumer Staples",10,17,2,3,12,20,-8,221,-3.62
2025-12-31,"Energy",20,21,0,2,20,23,-3,270,-1.11
2025-12-31,"Financials",44,66,7,56,51,122,-71,891,-7.97
2025-12-31,"Healthcare",77,62,9,29,86,91,-5,1068,-0.47
2025-12-31,"Industrials",25,75,7,31,32,106,-74,892,-8.30
2025-12-31,"Materials",9,22,1,3,10,25,-15,272,-5.51
2025-12-31,"Real Estate",16,34,3,26,19,60,-41,291,-14.09
2025-12-31,"Semiconductors",3,14,0,9,3,23,-20,114,-17.54
2025-12-31,"Technology ex-Semis",15,28,2,13,17,41,-24,384,-6.25
2025-12-31,"Utilities",3,17,0,4,3,21,-18,120,-15.00
2026-01-02,"Communication/Media",41,23,9,10,50,33,17,341,4.99
2026-01-02,"Consumer Discretionary",91,19,9,18,100,37,63,553,11.39
2026-01-02,"Consumer Staples",20,13,3,17,23,30,-7,221,-3.17
2026-01-02,"Energy",32,4,17,5,49,9,40,270,14.81
2026-01-02,"Financials",89,38,10,55,99,93,6,891,0.67
2026-01-02,"Healthcare",116,56,14,37,130,93,37,1068,3.46
2026-01-02,"Industrials",162,28,13,32,175,60,115,892,12.89
2026-01-02,"Materials",36,5,6,12,42,17,25,272,9.19
2026-01-02,"Real Estate",46,10,4,15,50,25,25,291,8.59
2026-01-02,"Semiconductors",18,3,6,0,24,3,21,114,18.42
2026-01-02,"Technology ex-Semis",56,10,5,54,61,64,-3,384,-0.78
2026-01-02,"Utilities",14,1,6,2,20,3,17,120,14.17
2026-01-05,"Communication/Media",22,24,11,4,33,28,5,341,1.47
2026-01-05,"Consumer Discretionary",42,32,32,7,74,39,35,553,6.33
2026-01-05,"Consumer Staples",20,13,1,9,21,22,-1,221,-0.45
2026-01-05,"Energy",13,22,29,24,42,46,-4,270,-1.48
2026-01-05,"Financials",73,31,71,14,144,45,99,891,11.11
2026-01-05,"Healthcare",113,57,34,61,147,118,29,1068,2.72
2026-01-05,"Industrials",60,71,78,16,138,87,51,892,5.72
2026-01-05,"Materials",16,29,18,0,34,29,5,272,1.84
2026-01-05,"Real Estate",19,23,9,9,28,32,-4,291,-1.37
2026-01-05,"Semiconductors",5,16,15,2,20,18,2,114,1.75
2026-01-05,"Technology ex-Semis",36,24,7,10,43,34,9,384,2.34
2026-01-05,"Utilities",11,5,7,9,18,14,4,120,3.33
2026-01-06,"Communication/Media",29,26,6,5,35,31,4,341,1.17
2026-01-06,"Consumer Discretionary",62,30,30,9,92,39,53,553,9.58
2026-01-06,"Consumer Staples",29,10,5,8,34,18,16,221,7.24
2026-01-06,"Energy",6,58,7,6,13,64,-51,270,-18.89
2026-01-06,"Financials",93,50,25,22,118,72,46,891,5.16
2026-01-06,"Healthcare",100,47,66,13,166,60,106,1068,9.93
2026-01-06,"Industrials",78,46,53,19,131,65,66,892,7.40
2026-01-06,"Materials",31,9,17,0,48,9,39,272,14.34
2026-01-06,"Real Estate",35,15,10,5,45,20,25,291,8.59
2026-01-06,"Semiconductors",4,2,18,1,22,3,19,114,16.67
2026-01-06,"Technology ex-Semis",69,17,9,13,78,30,48,384,12.50
2026-01-06,"Utilities",11,6,6,2,17,8,9,120,7.50
2026-01-07,"Communication/Media",18,39,8,10,26,49,-23,341,-6.74
2026-01-07,"Consumer Discretionary",24,80,17,11,41,91,-50,553,-9.04
2026-01-07,"Consumer Staples",3,15,7,6,10,21,-11,221,-4.98
2026-01-07,"Energy",7,33,14,18,21,51,-30,270,-11.11
2026-01-07,"Financials",58,81,8,25,66,106,-40,891,-4.49
2026-01-07,"Healthcare",75,76,60,7,135,83,52,1068,4.87
2026-01-07,"Industrials",29,135,18,12,47,147,-100,892,-11.21
2026-01-07,"Materials",29,19,9,5,38,24,14,272,5.15
2026-01-07,"Real Estate",12,53,15,6,27,59,-32,291,-11.00
2026-01-07,"Semiconductors",7,7,5,5,12,12,0,114,0.00
2026-01-07,"Technology ex-Semis",33,34,14,4,47,38,9,384,2.34
2026-01-07,"Utilities",1,25,4,6,5,31,-26,120,-21.67
2026-01-08,"Communication/Media",21,21,10,17,31,38,-7,341,-2.05
2026-01-08,"Consumer Discretionary",43,24,35,7,78,31,47,553,8.50
2026-01-08,"Consumer Staples",28,7,13,6,41,13,28,221,12.67
2026-01-08,"Energy",27,9,18,2,45,11,34,270,12.59
2026-01-08,"Financials",97,45,47,11,144,56,88,891,9.88
2026-01-08,"Healthcare",51,109,45,17,96,126,-30,1068,-2.81
2026-01-08,"Industrials",55,48,58,18,113,66,47,892,5.27
2026-01-08,"Materials",20,13,18,2,38,15,23,272,8.46
2026-01-08,"Real Estate",37,21,22,4,59,25,34,291,11.68
2026-01-08,"Semiconductors",6,13,2,2,8,15,-7,114,-6.14
2026-01-08,"Technology ex-Semis",21,34,9,4,30,38,-8,384,-2.08
2026-01-08,"Utilities",9,9,4,3,13,12,1,120,0.83
2026-01-09,"Communication/Media",22,32,6,6,28,38,-10,341,-2.93
2026-01-09,"Consumer Discretionary",24,53,22,10,46,63,-17,553,-3.07
2026-01-09,"Consumer Staples",24,11,18,4,42,15,27,221,12.22
2026-01-09,"Energy",13,34,11,2,24,36,-12,270,-4.44
2026-01-09,"Financials",32,182,23,10,55,192,-137,891,-15.38
2026-01-09,"Healthcare",33,141,25,22,58,163,-105,1068,-9.83
2026-01-09,"Industrials",29,62,59,7,88,69,19,892,2.13
2026-01-09,"Materials",5,23,20,0,25,23,2,272,0.74
2026-01-09,"Real Estate",16,43,17,1,33,44,-11,291,-3.78
2026-01-09,"Semiconductors",4,7,2,0,6,7,-1,114,-0.88
2026-01-09,"Technology ex-Semis",16,46,11,4,27,50,-23,384,-5.99
2026-01-09,"Utilities",6,14,5,0,11,14,-3,120,-2.50
2026-01-12,"Communication/Media",42,27,23,5,65,32,33,341,9.68
2026-01-12,"Consumer Discretionary",43,33,19,14,62,47,15,553,2.71
2026-01-12,"Consumer Staples",14,14,16,4,30,18,12,221,5.43
2026-01-12,"Energy",24,18,10,0,34,18,16,270,5.93
2026-01-12,"Financials",73,73,21,37,94,110,-16,891,-1.80
2026-01-12,"Healthcare",88,79,27,63,115,142,-27,1068,-2.53
2026-01-12,"Industrials",48,61,44,10,92,71,21,892,2.35
2026-01-12,"Materials",12,24,14,1,26,25,1,272,0.37
2026-01-12,"Real Estate",11,27,10,4,21,31,-10,291,-3.44
2026-01-12,"Semiconductors",7,9,5,1,12,10,2,114,1.75
2026-01-12,"Technology ex-Semis",25,12,14,9,39,21,18,384,4.69
2026-01-12,"Utilities",7,2,6,0,13,2,11,120,9.17
2026-01-13,"Communication/Media",16,48,8,12,24,60,-36,341,-10.56
2026-01-13,"Consumer Discretionary",17,57,10,8,27,65,-38,553,-6.87
2026-01-13,"Consumer Staples",17,18,8,0,25,18,7,221,3.17
2026-01-13,"Energy",13,26,29,0,42,26,16,270,5.93
2026-01-13,"Financials",29,136,14,35,43,171,-128,891,-14.37
2026-01-13,"Healthcare",79,96,22,31,101,127,-26,1068,-2.43
2026-01-13,"Industrials",26,114,30,6,56,120,-64,892,-7.17
2026-01-13,"Materials",5,43,11,0,16,43,-27,272,-9.93
2026-01-13,"Real Estate",18,32,5,3,23,35,-12,291,-4.12
2026-01-13,"Semiconductors",2,12,4,0,6,12,-6,114,-5.26
2026-01-13,"Technology ex-Semis",8,52,9,15,17,67,-50,384,-13.02
2026-01-13,"Utilities",14,7,8,0,22,7,15,120,12.50
2026-01-14,"Communication/Media",24,31,7,8,31,39,-8,341,-2.35
2026-01-14,"Consumer Discretionary",26,50,15,18,41,68,-27,553,-4.88
2026-01-14,"Consumer Staples",9,17,12,2,21,19,2,221,0.90
2026-01-14,"Energy",5,31,35,0,40,31,9,270,3.33
2026-01-14,"Financials",116,29,15,15,131,44,87,891,9.76
2026-01-14,"Healthcare",85,71,35,19,120,90,30,1068,2.81
2026-01-14,"Industrials",51,58,28,13,79,71,8,892,0.90
2026-01-14,"Materials",7,14,5,1,12,15,-3,272,-1.10
2026-01-14,"Real Estate",25,14,14,5,39,19,20,291,6.87
2026-01-14,"Semiconductors",7,9,5,2,12,11,1,114,0.88
2026-01-14,"Technology ex-Semis",17,20,13,15,30,35,-5,384,-1.30
2026-01-14,"Utilities",4,5,16,2,20,7,13,120,10.83
2026-01-15,"Communication/Media",17,44,22,4,39,48,-9,341,-2.64
2026-01-15,"Consumer Discretionary",32,37,26,5,58,42,16,553,2.89
2026-01-15,"Consumer Staples",10,19,13,1,23,20,3,221,1.36
2026-01-15,"Energy",4,21,8,0,12,21,-9,270,-3.33
2026-01-15,"Financials",36,65,56,10,92,75,17,891,1.91
2026-01-15,"Healthcare",59,108,23,21,82,129,-47,1068,-4.40
2026-01-15,"Industrials",36,65,43,4,79,69,10,892,1.12
2026-01-15,"Materials",7,16,7,1,14,17,-3,272,-1.10
2026-01-15,"Real Estate",18,25,14,1,32,26,6,291,2.06
2026-01-15,"Semiconductors",1,31,7,0,8,31,-23,114,-20.18
2026-01-15,"Technology ex-Semis",12,56,17,8,29,64,-35,384,-9.11
2026-01-15,"Utilities",5,7,9,0,14,7,7,120,5.83
2026-01-16,"Communication/Media",11,37,9,4,20,41,-21,341,-6.16
2026-01-16,"Consumer Discretionary",27,70,10,10,37,80,-43,553,-7.78
2026-01-16,"Consumer Staples",9,28,5,3,14,31,-17,221,-7.69
2026-01-16,"Energy",11,39,6,1,17,40,-23,270,-8.52
2026-01-16,"Financials",48,112,19,10,67,122,-55,891,-6.17
2026-01-16,"Healthcare",47,120,29,22,76,142,-66,1068,-6.18
2026-01-16,"Industrials",36,90,31,6,67,96,-29,892,-3.25
2026-01-16,"Materials",17,17,2,1,19,18,1,272,0.37
2026-01-16,"Real Estate",24,15,13,4,37,19,18,291,6.19
2026-01-16,"Semiconductors",3,13,5,1,8,14,-6,114,-5.26
2026-01-16,"Technology ex-Semis",14,32,8,18,22,50,-28,384,-7.29
2026-01-16,"Utilities",5,11,4,0,9,11,-2,120,-1.67
2026-01-20,"Communication/Media",20,33,5,13,25,46,-21,341,-6.16
2026-01-20,"Consumer Discretionary",25,74,5,39,30,113,-83,553,-15.01
2026-01-20,"Consumer Staples",18,18,5,1,23,19,4,221,1.81
2026-01-20,"Energy",7,47,4,0,11,47,-36,270,-13.33
2026-01-20,"Financials",51,136,14,40,65,176,-111,891,-12.46
2026-01-20,"Healthcare",125,74,17,40,142,114,28,1068,2.62
2026-01-20,"Industrials",26,161,14,30,40,191,-151,892,-16.93
2026-01-20,"Materials",7,41,6,6,13,47,-34,272,-12.50
2026-01-20,"Real Estate",9,55,5,8,14,63,-49,291,-16.84
2026-01-20,"Semiconductors",3,10,1,1,4,11,-7,114,-6.14
2026-01-20,"Technology ex-Semis",16,31,2,23,18,54,-36,384,-9.38
2026-01-20,"Utilities",8,9,4,3,12,12,0,120,0.00
2026-01-21,"Communication/Media",39,16,6,11,45,27,18,341,5.28
2026-01-21,"Consumer Discretionary",88,17,9,8,97,25,72,553,13.02
2026-01-21,"Consumer Staples",9,9,8,4,17,13,4,221,1.81
2026-01-21,"Energy",10,12,13,0,23,12,11,270,4.07
2026-01-21,"Financials",109,23,96,15,205,38,167,891,18.74
2026-01-21,"Healthcare",141,42,22,14,163,56,107,1068,10.02
2026-01-21,"Industrials",79,25,23,14,102,39,63,892,7.06
2026-01-21,"Materials",17,25,7,0,24,25,-1,272,-0.37
2026-01-21,"Real Estate",14,17,8,4,22,21,1,291,0.34
2026-01-21,"Semiconductors",7,4,2,1,9,5,4,114,3.51
2026-01-21,"Technology ex-Semis",45,11,4,15,49,26,23,384,5.99
2026-01-21,"Utilities",7,9,7,1,14,10,4,120,3.33
2026-01-22,"Communication/Media",30,23,13,2,43,25,18,341,5.28
2026-01-22,"Consumer Discretionary",24,67,24,7,48,74,-26,553,-4.70
2026-01-22,"Consumer Staples",4,35,22,2,26,37,-11,221,-4.98
2026-01-22,"Energy",5,20,6,2,11,22,-11,270,-4.07
2026-01-22,"Financials",45,108,70,12,115,120,-5,891,-0.56
2026-01-22,"Healthcare",97,89,59,1,156,90,66,1068,6.18
2026-01-22,"Industrials",44,85,27,6,71,91,-20,892,-2.24
2026-01-22,"Materials",6,26,8,0,14,26,-12,272,-4.41
2026-01-22,"Real Estate",5,79,13,3,18,82,-64,291,-21.99
2026-01-22,"Semiconductors",1,34,6,0,7,34,-27,114,-23.68
2026-01-22,"Technology ex-Semis",46,26,5,2,51,28,23,384,5.99
2026-01-22,"Utilities",3,29,8,2,11,31,-20,120,-16.67
2026-01-23,"Communication/Media",17,46,8,4,25,50,-25,341,-7.33
2026-01-23,"Consumer Discretionary",20,42,2,13,22,55,-33,553,-5.97
2026-01-23,"Consumer Staples",8,18,3,1,11,19,-8,221,-3.62
2026-01-23,"Energy",2,63,16,1,18,64,-46,270,-17.04
2026-01-23,"Financials",27,177,8,22,35,199,-164,891,-18.41
2026-01-23,"Healthcare",52,143,14,9,66,152,-86,1068,-8.05
2026-01-23,"Industrials",17,161,15,4,32,165,-133,892,-14.91
2026-01-23,"Materials",6,14,6,0,12,14,-2,272,-0.74
2026-01-23,"Real Estate",26,27,2,6,28,33,-5,291,-1.72
2026-01-23,"Semiconductors",2,25,0,1,2,26,-24,114,-21.05
2026-01-23,"Technology ex-Semis",25,33,13,1,38,34,4,384,1.04
2026-01-23,"Utilities",2,5,0,0,2,5,-3,120,-2.50
2026-01-26,"Communication/Media",22,27,12,4,34,31,3,341,0.88
2026-01-26,"Consumer Discretionary",32,42,9,17,41,59,-18,553,-3.25
2026-01-26,"Consumer Staples",15,23,4,0,19,23,-4,221,-1.81
2026-01-26,"Energy",4,40,9,2,13,42,-29,270,-10.74
2026-01-26,"Financials",61,60,11,19,72,79,-7,891,-0.79
2026-01-26,"Healthcare",59,85,16,17,75,102,-27,1068,-2.53
2026-01-26,"Industrials",39,95,11,12,50,107,-57,892,-6.39
2026-01-26,"Materials",3,61,4,2,7,63,-56,272,-20.59
2026-01-26,"Real Estate",8,36,3,5,11,41,-30,291,-10.31
2026-01-26,"Semiconductors",5,12,0,1,5,13,-8,114,-7.02
2026-01-26,"Technology ex-Semis",36,26,4,9,40,35,5,384,1.30
2026-01-26,"Utilities",3,5,3,1,6,6,0,120,0.00
2026-01-27,"Communication/Media",32,26,9,6,41,32,9,341,2.64
2026-01-27,"Consumer Discretionary",45,24,11,17,56,41,15,553,2.71
2026-01-27,"Consumer Staples",19,13,4,2,23,15,8,221,3.62
2026-01-27,"Energy",16,11,5,2,21,13,8,270,2.96
2026-01-27,"Financials",39,63,14,10,53,73,-20,891,-2.24
2026-01-27,"Healthcare",66,58,25,23,91,81,10,1068,0.94
2026-01-27,"Industrials",75,59,13,21,88,80,8,892,0.90
2026-01-27,"Materials",13,8,1,6,14,14,0,272,0.00
2026-01-27,"Real Estate",35,13,4,15,39,28,11,291,3.78
2026-01-27,"Semiconductors",4,4,1,0,5,4,1,114,0.88
2026-01-27,"Technology ex-Semis",34,20,6,3,40,23,17,384,4.43
2026-01-27,"Utilities",6,6,3,0,9,6,3,120,2.50
2026-01-28,"Communication/Media",9,33,8,14,17,47,-30,341,-8.80
2026-01-28,"Consumer Discretionary",15,59,6,25,21,84,-63,553,-11.39
2026-01-28,"Consumer Staples",10,35,3,6,13,41,-28,221,-12.67
2026-01-28,"Energy",7,19,5,1,12,20,-8,270,-2.96
2026-01-28,"Financials",40,96,13,24,53,120,-67,891,-7.52
2026-01-28,"Healthcare",29,140,5,32,34,172,-138,1068,-12.92
2026-01-28,"Industrials",34,88,9,26,43,114,-71,892,-7.96
2026-01-28,"Materials",8,24,1,1,9,25,-16,272,-5.88
2026-01-28,"Real Estate",8,40,4,15,12,55,-43,291,-14.78
2026-01-28,"Semiconductors",3,12,3,3,6,15,-9,114,-7.89
2026-01-28,"Technology ex-Semis",5,37,7,6,12,43,-31,384,-8.07
2026-01-28,"Utilities",3,20,6,2,9,22,-13,120,-10.83
2026-01-29,"Communication/Media",45,16,6,13,51,29,22,341,6.45
2026-01-29,"Consumer Discretionary",57,24,10,27,67,51,16,553,2.89
2026-01-29,"Consumer Staples",12,9,2,6,14,15,-1,221,-0.45
2026-01-29,"Energy",5,38,11,1,16,39,-23,270,-8.52
2026-01-29,"Financials",132,40,20,16,152,56,96,891,10.77
2026-01-29,"Healthcare",76,44,12,50,88,94,-6,1068,-0.56
2026-01-29,"Industrials",89,31,15,31,104,62,42,892,4.71
2026-01-29,"Materials",12,28,6,5,18,33,-15,272,-5.51
2026-01-29,"Real Estate",65,7,5,7,70,14,56,291,19.24
2026-01-29,"Semiconductors",13,3,1,6,14,9,5,114,4.39
2026-01-29,"Technology ex-Semis",21,17,6,43,27,60,-33,384,-8.59
2026-01-29,"Utilities",4,6,2,0,6,6,0,120,0.00
2026-01-30,"Communication/Media",24,35,7,10,31,45,-14,341,-4.11
2026-01-30,"Consumer Discretionary",48,31,5,16,53,47,6,553,1.08
2026-01-30,"Consumer Staples",22,6,5,5,27,11,16,221,7.24
2026-01-30,"Energy",9,21,3,4,12,25,-13,270,-4.81
2026-01-30,"Financials",54,60,17,20,71,80,-9,891,-1.01
2026-01-30,"Healthcare",72,63,10,46,82,109,-27,1068,-2.53
2026-01-30,"Industrials",45,84,14,23,59,107,-48,892,-5.38
2026-01-30,"Materials",7,47,1,15,8,62,-54,272,-19.85
2026-01-30,"Real Estate",42,13,9,20,51,33,18,291,6.19
2026-01-30,"Semiconductors",0,18,1,6,1,24,-23,114,-20.18
2026-01-30,"Technology ex-Semis",28,25,0,15,28,40,-12,384,-3.13
2026-01-30,"Utilities",13,8,0,1,13,9,4,120,3.33
2026-02-02,"Communication/Media",17,29,9,8,26,37,-11,341,-3.23
2026-02-02,"Consumer Discretionary",89,26,10,15,99,41,58,553,10.49
2026-02-02,"Consumer Staples",19,15,7,1,26,16,10,221,4.52
2026-02-02,"Energy",19,24,0,3,19,27,-8,270,-2.96
2026-02-02,"Financials",62,43,58,21,120,64,56,891,6.29
2026-02-02,"Healthcare",113,41,20,38,133,79,54,1068,5.06
2026-02-02,"Industrials",86,32,19,28,105,60,45,892,5.04
2026-02-02,"Materials",20,12,3,2,23,14,9,272,3.31
2026-02-02,"Real Estate",18,36,5,5,23,41,-18,291,-6.19
2026-02-02,"Semiconductors",17,1,0,3,17,4,13,114,11.40
2026-02-02,"Technology ex-Semis",24,23,6,10,30,33,-3,384,-0.78
2026-02-02,"Utilities",2,19,2,0,4,19,-15,120,-12.50
2026-02-03,"Communication/Media",19,25,4,25,23,50,-27,341,-7.92
2026-02-03,"Consumer Discretionary",38,36,15,23,53,59,-6,553,-1.08
2026-02-03,"Consumer Staples",11,19,13,14,24,33,-9,221,-4.07
2026-02-03,"Energy",17,7,4,5,21,12,9,270,3.33
2026-02-03,"Financials",28,58,39,45,67,103,-36,891,-4.04
2026-02-03,"Healthcare",64,65,18,43,82,108,-26,1068,-2.43
2026-02-03,"Industrials",62,51,39,47,101,98,3,892,0.34
2026-02-03,"Materials",24,9,14,4,38,13,25,272,9.19
2026-02-03,"Real Estate",29,11,4,14,33,25,8,291,2.75
2026-02-03,"Semiconductors",5,8,0,13,5,21,-16,114,-14.04
2026-02-03,"Technology ex-Semis",16,20,5,45,21,65,-44,384,-11.46
2026-02-03,"Utilities",6,6,2,4,8,10,-2,120,-1.67
2026-02-04,"Communication/Media",24,17,8,18,32,35,-3,341,-0.88
2026-02-04,"Consumer Discretionary",47,26,30,14,77,40,37,553,6.69
2026-02-04,"Consumer Staples",18,20,14,3,32,23,9,221,4.07
2026-02-04,"Energy",3,21,9,6,12,27,-15,270,-5.56
2026-02-04,"Financials",64,56,43,15,107,71,36,891,4.04
2026-02-04,"Healthcare",44,82,9,54,53,136,-83,1068,-7.77
2026-02-04,"Industrials",47,63,37,67,84,130,-46,892,-5.16
2026-02-04,"Materials",14,18,15,9,29,27,2,272,0.74
2026-02-04,"Real Estate",29,12,19,5,48,17,31,291,10.65
2026-02-04,"Semiconductors",4,7,3,11,7,18,-11,114,-9.65
2026-02-04,"Technology ex-Semis",48,5,4,22,52,27,25,384,6.51
2026-02-04,"Utilities",2,18,5,6,7,24,-17,120,-14.17
2026-02-05,"Communication/Media",9,25,6,27,15,52,-37,341,-10.85
2026-02-05,"Consumer Discretionary",23,49,10,21,33,70,-37,553,-6.69
2026-02-05,"Consumer Staples",9,25,3,8,12,33,-21,221,-9.50
2026-02-05,"Energy",10,30,1,15,11,45,-34,270,-12.59
2026-02-05,"Financials",30,73,24,34,54,107,-53,891,-5.95
2026-02-05,"Healthcare",16,93,14,89,30,182,-152,1068,-14.23
2026-02-05,"Industrials",31,66,9,44,40,110,-70,892,-7.85
2026-02-05,"Materials",0,40,3,23,3,63,-60,272,-22.06
2026-02-05,"Real Estate",12,23,15,16,27,39,-12,291,-4.12
2026-02-05,"Semiconductors",6,3,1,3,7,6,1,114,0.88
2026-02-05,"Technology ex-Semis",6,14,6,19,12,33,-21,384,-5.47
2026-02-05,"Utilities",6,8,2,1,8,9,-1,120,-0.83
2026-02-06,"Communication/Media",55,16,6,9,61,25,36,341,10.56
2026-02-06,"Consumer Discretionary",85,14,15,8,100,22,78,553,14.10
2026-02-06,"Consumer Staples",21,7,4,4,25,11,14,221,6.33
2026-02-06,"Energy",39,6,4,2,43,8,35,270,12.96
2026-02-06,"Financials",86,66,20,6,106,72,34,891,3.82
2026-02-06,"Healthcare",193,23,19,13,212,36,176,1068,16.48
2026-02-06,"Industrials",133,34,31,14,164,48,116,892,13.00
2026-02-06,"Materials",45,10,3,0,48,10,38,272,13.97
2026-02-06,"Real Estate",28,29,14,2,42,31,11,291,3.78
2026-02-06,"Semiconductors",37,3,4,2,41,5,36,114,31.58
2026-02-06,"Technology ex-Semis",97,10,3,2,100,12,88,384,22.92
2026-02-06,"Utilities",8,18,2,1,10,19,-9,120,-7.50
2026-02-09,"Communication/Media",50,16,7,4,57,20,37,341,10.85
2026-02-09,"Consumer Discretionary",36,39,17,7,53,46,7,553,1.27
2026-02-09,"Consumer Staples",12,24,4,7,16,31,-15,221,-6.79
2026-02-09,"Energy",18,12,6,2,24,14,10,270,3.70
2026-02-09,"Financials",75,111,15,10,90,121,-31,891,-3.48
2026-02-09,"Healthcare",117,57,16,15,133,72,61,1068,5.71
2026-02-09,"Industrials",68,69,22,6,90,75,15,892,1.68
2026-02-09,"Materials",36,3,5,1,41,4,37,272,13.60
2026-02-09,"Real Estate",20,16,5,9,25,25,0,291,0.00
2026-02-09,"Semiconductors",11,3,3,0,14,3,11,114,9.65
2026-02-09,"Technology ex-Semis",62,9,4,2,66,11,55,384,14.32
2026-02-09,"Utilities",10,6,3,4,13,10,3,120,2.50
2026-02-10,"Communication/Media",19,33,13,3,32,36,-4,341,-1.17
2026-02-10,"Consumer Discretionary",25,86,14,8,39,94,-55,553,-9.95
2026-02-10,"Consumer Staples",11,15,5,1,16,16,0,221,0.00
2026-02-10,"Energy",12,39,0,1,12,40,-28,270,-10.37
2026-02-10,"Financials",54,75,8,9,62,84,-22,891,-2.47
2026-02-10,"Healthcare",55,120,28,9,83,129,-46,1068,-4.31
2026-02-10,"Industrials",32,77,26,9,58,86,-28,892,-3.14
2026-02-10,"Materials",6,21,4,2,10,23,-13,272,-4.78
2026-02-10,"Real Estate",19,14,11,1,30,15,15,291,5.15
2026-02-10,"Semiconductors",6,16,7,0,13,16,-3,114,-2.63
2026-02-10,"Technology ex-Semis",19,29,5,1,24,30,-6,384,-1.56
2026-02-10,"Utilities",14,5,4,0,18,5,13,120,10.83
2026-02-11,"Communication/Media",17,37,4,5,21,42,-21,341,-6.16
2026-02-11,"Consumer Discretionary",31,47,12,16,43,63,-20,553,-3.62
2026-02-11,"Consumer Staples",13,12,3,3,16,15,1,221,0.45
2026-02-11,"Energy",15,13,8,2,23,15,8,270,2.96
2026-02-11,"Financials",27,130,11,16,38,146,-108,891,-12.12
2026-02-11,"Healthcare",131,46,9,32,140,78,62,1068,5.81
2026-02-11,"Industrials",30,84,13,24,43,108,-65,892,-7.29
2026-02-11,"Materials",15,15,4,2,19,17,2,272,0.74
2026-02-11,"Real Estate",7,58,11,8,18,66,-48,291,-16.49
2026-02-11,"Semiconductors",8,4,5,1,13,5,8,114,7.02
2026-02-11,"Technology ex-Semis",13,32,3,11,16,43,-27,384,-7.03
2026-02-11,"Utilities",4,10,2,0,6,10,-4,120,-3.33
2026-02-12,"Communication/Media",9,26,7,8,16,34,-18,341,-5.28
2026-02-12,"Consumer Discretionary",16,53,13,18,29,71,-42,553,-7.59
2026-02-12,"Consumer Staples",14,37,4,9,18,46,-28,221,-12.67
2026-02-12,"Energy",2,61,4,5,6,66,-60,270,-22.22
2026-02-12,"Financials",39,78,17,41,56,119,-63,891,-7.07
2026-02-12,"Healthcare",35,89,18,25,53,114,-61,1068,-5.71
2026-02-12,"Industrials",30,152,13,46,43,198,-155,892,-17.38
2026-02-12,"Materials",1,64,6,7,7,71,-64,272,-23.53
2026-02-12,"Real Estate",7,48,9,20,16,68,-52,291,-17.87
2026-02-12,"Semiconductors",4,31,2,1,6,32,-26,114,-22.81
2026-02-12,"Technology ex-Semis",15,21,7,11,22,32,-10,384,-2.60
2026-02-12,"Utilities",3,9,4,0,7,9,-2,120,-1.67
2026-02-13,"Communication/Media",32,19,7,7,39,26,13,341,3.81
2026-02-13,"Consumer Discretionary",39,34,12,9,51,43,8,553,1.45
2026-02-13,"Consumer Staples",13,8,4,4,17,12,5,221,2.26
2026-02-13,"Energy",16,4,3,1,19,5,14,270,5.19
2026-02-13,"Financials",71,37,5,24,76,61,15,891,1.68
2026-02-13,"Healthcare",57,85,13,10,70,95,-25,1068,-2.34
2026-02-13,"Industrials",56,38,8,16,64,54,10,892,1.12
2026-02-13,"Materials",16,13,1,11,17,24,-7,272,-2.57
2026-02-13,"Real Estate",25,20,3,2,28,22,6,291,2.06
2026-02-13,"Semiconductors",6,2,1,1,7,3,4,114,3.51
2026-02-13,"Technology ex-Semis",28,5,4,0,32,5,27,384,7.03
2026-02-13,"Utilities",7,4,7,4,14,8,6,120,5.00
2026-02-17,"Communication/Media",22,28,6,4,28,32,-4,341,-1.17
2026-02-17,"Consumer Discretionary",39,42,5,10,44,52,-8,553,-1.45
2026-02-17,"Consumer Staples",9,27,0,8,9,35,-26,221,-11.76
2026-02-17,"Energy",17,17,1,11,18,28,-10,270,-3.70
2026-02-17,"Financials",53,59,13,12,66,71,-5,891,-0.56
2026-02-17,"Healthcare",97,55,22,22,119,77,42,1068,3.93
2026-02-17,"Industrials",58,42,13,23,71,65,6,892,0.67
2026-02-17,"Materials",33,12,2,11,35,23,12,272,4.41
2026-02-17,"Real Estate",14,15,9,3,23,18,5,291,1.72
2026-02-17,"Semiconductors",9,8,0,1,9,9,0,114,0.00
2026-02-17,"Technology ex-Semis",11,20,1,6,12,26,-14,384,-3.65
2026-02-17,"Utilities",5,16,9,3,14,19,-5,120,-4.17
2026-02-18,"Communication/Media",33,33,10,3,43,36,7,341,2.05
2026-02-18,"Consumer Discretionary",47,37,16,6,63,43,20,553,3.62
2026-02-18,"Consumer Staples",15,24,6,5,21,29,-8,221,-3.62
2026-02-18,"Energy",19,16,5,2,24,18,6,270,2.22
2026-02-18,"Financials",62,112,16,5,78,117,-39,891,-4.38
2026-02-18,"Healthcare",87,63,22,7,109,70,39,1068,3.65
2026-02-18,"Industrials",64,76,8,4,72,80,-8,892,-0.90
2026-02-18,"Materials",21,10,1,4,22,14,8,272,2.94
2026-02-18,"Real Estate",13,60,5,2,18,62,-44,291,-15.12
2026-02-18,"Semiconductors",1,6,0,3,1,9,-8,114,-7.02
2026-02-18,"Technology ex-Semis",40,14,3,3,43,17,26,384,6.77
2026-02-18,"Utilities",0,34,4,0,4,34,-30,120,-25.00
2026-02-19,"Communication/Media",27,19,7,2,34,21,13,341,3.81
2026-02-19,"Consumer Discretionary",49,25,7,7,56,32,24,553,4.34
2026-02-19,"Consumer Staples",19,22,1,6,20,28,-8,221,-3.62
2026-02-19,"Energy",26,19,9,2,35,21,14,270,5.19
2026-02-19,"Financials",98,49,9,19,107,68,39,891,4.38
2026-02-19,"Healthcare",147,47,15,18,162,65,97,1068,9.08
2026-02-19,"Industrials",98,45,8,13,106,58,48,892,5.38
2026-02-19,"Materials",38,14,1,7,39,21,18,272,6.62
2026-02-19,"Real Estate",24,21,6,5,30,26,4,291,1.37
2026-02-19,"Semiconductors",14,2,0,4,14,6,8,114,7.02
2026-02-19,"Technology ex-Semis",51,17,2,1,53,18,35,384,9.11
2026-02-19,"Utilities",4,2,1,2,5,4,1,120,0.83
2026-02-20,"Communication/Media",40,22,5,6,45,28,17,341,4.99
2026-02-20,"Consumer Discretionary",50,22,16,12,66,34,32,553,5.79
2026-02-20,"Consumer Staples",14,13,4,0,18,13,5,221,2.26
2026-02-20,"Energy",9,14,3,2,12,16,-4,270,-1.48
2026-02-20,"Financials",88,32,6,17,94,49,45,891,5.05
2026-02-20,"Healthcare",45,94,10,13,55,107,-52,1068,-4.87
2026-02-20,"Industrials",55,55,22,7,77,62,15,892,1.68
2026-02-20,"Materials",27,11,3,5,30,16,14,272,5.15
2026-02-20,"Real Estate",28,21,4,6,32,27,5,291,1.72
2026-02-20,"Semiconductors",9,4,0,1,9,5,4,114,3.51
2026-02-20,"Technology ex-Semis",25,47,9,4,34,51,-17,384,-4.43
2026-02-20,"Utilities",4,7,0,0,4,7,-3,120,-2.50
2026-02-23,"Communication/Media",9,55,4,5,13,60,-47,341,-13.78
2026-02-23,"Consumer Discretionary",26,66,11,20,37,86,-49,553,-8.86
2026-02-23,"Consumer Staples",14,22,0,1,14,23,-9,221,-4.07
2026-02-23,"Energy",6,52,4,3,10,55,-45,270,-16.67
2026-02-23,"Financials",14,84,6,51,20,135,-115,891,-12.91
2026-02-23,"Healthcare",67,65,24,23,91,88,3,1068,0.28
2026-02-23,"Industrials",34,96,8,29,42,125,-83,892,-9.30
2026-02-23,"Materials",20,12,4,7,24,19,5,272,1.84
2026-02-23,"Real Estate",10,37,6,4,16,41,-25,291,-8.59
2026-02-23,"Semiconductors",5,5,0,1,5,6,-1,114,-0.88
2026-02-23,"Technology ex-Semis",11,19,1,18,12,37,-25,384,-6.51
2026-02-23,"Utilities",4,14,1,2,5,16,-11,120,-9.17
2026-02-24,"Communication/Media",30,23,2,6,32,29,3,341,0.88
2026-02-24,"Consumer Discretionary",55,29,4,8,59,37,22,553,3.98
2026-02-24,"Consumer Staples",19,12,1,1,20,13,7,221,3.17
2026-02-24,"Energy",16,15,0,2,16,17,-1,270,-0.37
2026-02-24,"Financials",105,29,7,30,112,59,53,891,5.95
2026-02-24,"Healthcare",89,59,47,14,136,73,63,1068,5.90
2026-02-24,"Industrials",100,21,8,18,108,39,69,892,7.74
2026-02-24,"Materials",21,14,1,1,22,15,7,272,2.57
2026-02-24,"Real Estate",28,21,4,3,32,24,8,291,2.75
2026-02-24,"Semiconductors",14,6,3,0,17,6,11,114,9.65
2026-02-24,"Technology ex-Semis",53,11,2,4,55,15,40,384,10.42
2026-02-24,"Utilities",8,7,0,1,8,8,0,120,0.00
2026-02-25,"Communication/Media",28,25,5,6,33,31,2,341,0.59
2026-02-25,"Consumer Discretionary",55,32,6,14,61,46,15,553,2.71
2026-02-25,"Consumer Staples",18,6,2,8,20,14,6,221,2.71
2026-02-25,"Energy",13,22,0,2,13,24,-11,270,-4.07
2026-02-25,"Financials",208,31,10,7,218,38,180,891,20.20
2026-02-25,"Healthcare",86,94,42,10,128,104,24,1068,2.25
2026-02-25,"Industrials",85,63,15,15,100,78,22,892,2.47
2026-02-25,"Materials",17,21,14,4,31,25,6,272,2.21
2026-02-25,"Real Estate",35,13,3,1,38,14,24,291,8.25
2026-02-25,"Semiconductors",4,10,7,1,11,11,0,114,0.00
2026-02-25,"Technology ex-Semis",67,11,11,1,78,12,66,384,17.19
2026-02-25,"Utilities",15,3,1,1,16,4,12,120,10.00
2026-02-26,"Communication/Media",15,27,13,2,28,29,-1,341,-0.29
2026-02-26,"Consumer Discretionary",47,42,26,9,73,51,22,553,3.98
2026-02-26,"Consumer Staples",20,17,9,3,29,20,9,221,4.07
2026-02-26,"Energy",20,11,4,4,24,15,9,270,3.33
2026-02-26,"Financials",47,45,10,10,57,55,2,891,0.22
2026-02-26,"Healthcare",89,59,42,28,131,87,44,1068,4.12
2026-02-26,"Industrials",107,29,11,14,118,43,75,892,8.41
2026-02-26,"Materials",29,10,4,3,33,13,20,272,7.35
2026-02-26,"Real Estate",22,19,10,1,32,20,12,291,4.12
2026-02-26,"Semiconductors",7,7,0,0,7,7,0,114,0.00
2026-02-26,"Technology ex-Semis",43,17,4,3,47,20,27,384,7.03
2026-02-26,"Utilities",6,9,3,2,9,11,-2,120,-1.67
2026-02-27,"Communication/Media",31,17,11,3,42,20,22,341,6.45
2026-02-27,"Consumer Discretionary",43,44,8,13,51,57,-6,553,-1.08
2026-02-27,"Consumer Staples",15,12,2,6,17,18,-1,221,-0.45
2026-02-27,"Energy",15,11,10,1,25,12,13,270,4.81
2026-02-27,"Financials",40,59,11,102,51,161,-110,891,-12.35
2026-02-27,"Healthcare",55,89,25,22,80,111,-31,1068,-2.90
2026-02-27,"Industrials",64,59,14,21,78,80,-2,892,-0.22
2026-02-27,"Materials",22,7,8,4,30,11,19,272,6.99
2026-02-27,"Real Estate",15,48,5,10,20,58,-38,291,-13.06
2026-02-27,"Semiconductors",11,6,1,4,12,10,2,114,1.75
2026-02-27,"Technology ex-Semis",29,26,8,2,37,28,9,384,2.34
2026-02-27,"Utilities",5,11,1,6,6,17,-11,120,-9.17
2026-03-02,"Communication/Media",40,10,4,10,44,20,24,341,7.04
2026-03-02,"Consumer Discretionary",92,17,6,34,98,51,47,553,8.50
2026-03-02,"Consumer Staples",21,18,3,6,24,24,0,221,0.00
2026-03-02,"Energy",13,17,31,2,44,19,25,270,9.26
2026-03-02,"Financials",208,23,12,78,220,101,119,891,13.36
2026-03-02,"Healthcare",116,49,26,18,142,67,75,1068,7.02
2026-03-02,"Industrials",130,35,33,18,163,53,110,892,12.33
2026-03-02,"Materials",27,7,14,4,41,11,30,272,11.03
2026-03-02,"Real Estate",50,8,4,7,54,15,39,291,13.40
2026-03-02,"Semiconductors",19,0,3,1,22,1,21,114,18.42
2026-03-02,"Technology ex-Semis",42,14,9,5,51,19,32,384,8.33
2026-03-02,"Utilities",16,10,1,2,17,12,5,120,4.17
2026-03-03,"Communication/Media",36,20,2,8,38,28,10,341,2.93
2026-03-03,"Consumer Discretionary",79,11,7,35,86,46,40,553,7.23
2026-03-03,"Consumer Staples",28,11,0,16,28,27,1,221,0.45
2026-03-03,"Energy",11,47,5,4,16,51,-35,270,-12.96
2026-03-03,"Financials",149,19,9,44,158,63,95,891,10.66
2026-03-03,"Healthcare",87,74,10,47,97,121,-24,1068,-2.25
2026-03-03,"Industrials",83,35,10,53,93,88,5,892,0.56
2026-03-03,"Materials",27,8,2,18,29,26,3,272,1.10
2026-03-03,"Real Estate",29,11,1,7,30,18,12,291,4.12
2026-03-03,"Semiconductors",3,8,2,5,5,13,-8,114,-7.02
2026-03-03,"Technology ex-Semis",45,10,7,12,52,22,30,384,7.81
2026-03-03,"Utilities",16,1,5,4,21,5,16,120,13.33
2026-03-04,"Communication/Media",28,17,6,1,34,18,16,341,4.69
2026-03-04,"Consumer Discretionary",37,46,11,2,48,48,0,553,0.00
2026-03-04,"Consumer Staples",15,9,2,2,17,11,6,221,2.71
2026-03-04,"Energy",12,11,4,2,16,13,3,270,1.11
2026-03-04,"Financials",67,66,14,5,81,71,10,891,1.12
2026-03-04,"Healthcare",106,58,26,9,132,67,65,1068,6.09
2026-03-04,"Industrials",61,56,16,11,77,67,10,892,1.12
2026-03-04,"Materials",11,33,5,2,16,35,-19,272,-6.99
2026-03-04,"Real Estate",30,11,5,2,35,13,22,291,7.56
2026-03-04,"Semiconductors",9,6,3,1,12,7,5,114,4.39
2026-03-04,"Technology ex-Semis",19,18,30,1,49,19,30,384,7.81
2026-03-04,"Utilities",14,5,2,0,16,5,11,120,9.17
2026-03-05,"Communication/Media",11,35,17,5,28,40,-12,341,-3.52
2026-03-05,"Consumer Discretionary",44,33,13,19,57,52,5,553,0.90
2026-03-05,"Consumer Staples",9,21,3,26,12,47,-35,221,-15.84
2026-03-05,"Energy",10,15,4,5,14,20,-6,270,-2.22
2026-03-05,"Financials",47,57,17,25,64,82,-18,891,-2.02
2026-03-05,"Healthcare",48,124,22,30,70,154,-84,1068,-7.87
2026-03-05,"Industrials",27,92,17,53,44,145,-101,892,-11.32
2026-03-05,"Materials",12,31,4,19,16,50,-34,272,-12.50
2026-03-05,"Real Estate",19,26,5,3,24,29,-5,291,-1.72
2026-03-05,"Semiconductors",3,10,1,8,4,18,-14,114,-12.28
2026-03-05,"Technology ex-Semis",20,31,24,1,44,32,12,384,3.13
2026-03-05,"Utilities",4,14,1,3,5,17,-12,120,-10.00
2026-03-06,"Communication/Media",22,26,6,6,28,32,-4,341,-1.17
2026-03-06,"Consumer Discretionary",53,34,7,44,60,78,-18,553,-3.25
2026-03-06,"Consumer Staples",32,5,1,22,33,27,6,221,2.71
2026-03-06,"Energy",4,38,7,3,11,41,-30,270,-11.11
2026-03-06,"Financials",189,39,5,78,194,117,77,891,8.64
2026-03-06,"Healthcare",115,58,14,45,129,103,26,1068,2.43
2026-03-06,"Industrials",67,55,11,80,78,135,-57,892,-6.39
2026-03-06,"Materials",25,12,3,26,28,38,-10,272,-3.68
2026-03-06,"Real Estate",37,12,0,12,37,24,13,291,4.47
2026-03-06,"Semiconductors",2,12,3,14,5,26,-21,114,-18.42
2026-03-06,"Technology ex-Semis",17,24,5,8,22,32,-10,384,-2.60
2026-03-06,"Utilities",18,6,1,7,19,13,6,120,5.00
2026-03-09,"Communication/Media",69,16,5,17,74,33,41,341,12.02
2026-03-09,"Consumer Discretionary",133,20,5,43,138,63,75,553,13.56
2026-03-09,"Consumer Staples",42,5,4,17,46,22,24,221,10.86
2026-03-09,"Energy",35,42,4,7,39,49,-10,270,-3.70
2026-03-09,"Financials",179,28,8,52,187,80,107,891,12.01
2026-03-09,"Healthcare",206,24,28,27,234,51,183,1068,17.13
2026-03-09,"Industrials",213,19,8,72,221,91,130,892,14.57
2026-03-09,"Materials",68,6,1,24,69,30,39,272,14.34
2026-03-09,"Real Estate",81,5,3,31,84,36,48,291,16.49
2026-03-09,"Semiconductors",48,1,0,19,48,20,28,114,24.56
2026-03-09,"Technology ex-Semis",61,10,5,6,66,16,50,384,13.02
2026-03-09,"Utilities",29,2,1,11,30,13,17,120,14.17
2026-03-10,"Communication/Media",18,39,8,5,26,44,-18,341,-5.28
2026-03-10,"Consumer Discretionary",22,50,9,4,31,54,-23,553,-4.16
2026-03-10,"Consumer Staples",4,12,4,3,8,15,-7,221,-3.17
2026-03-10,"Energy",9,36,4,1,13,37,-24,270,-8.89
2026-03-10,"Financials",44,53,8,8,52,61,-9,891,-1.01
2026-03-10,"Healthcare",37,125,54,8,91,133,-42,1068,-3.93
2026-03-10,"Industrials",29,70,20,7,49,77,-28,892,-3.14
2026-03-10,"Materials",16,9,3,0,19,9,10,272,3.68
2026-03-10,"Real Estate",14,16,6,1,20,17,3,291,1.03
2026-03-10,"Semiconductors",5,7,2,1,7,8,-1,114,-0.88
2026-03-10,"Technology ex-Semis",17,43,8,4,25,47,-22,384,-5.73
2026-03-10,"Utilities",7,19,0,0,7,19,-12,120,-10.00
2026-03-11,"Communication/Media",19,34,5,12,24,46,-22,341,-6.45
2026-03-11,"Consumer Discretionary",45,22,15,3,60,25,35,553,6.33
2026-03-11,"Consumer Staples",8,12,4,7,12,19,-7,221,-3.17
2026-03-11,"Energy",18,6,1,7,19,13,6,270,2.22
2026-03-11,"Financials",43,36,9,15,52,51,1,891,0.11
2026-03-11,"Healthcare",81,62,23,18,104,80,24,1068,2.25
2026-03-11,"Industrials",70,33,12,14,82,47,35,892,3.92
2026-03-11,"Materials",37,6,1,4,38,10,28,272,10.29
2026-03-11,"Real Estate",21,17,0,10,21,27,-6,291,-2.06
2026-03-11,"Semiconductors",10,9,4,0,14,9,5,114,4.39
2026-03-11,"Technology ex-Semis",16,25,13,5,29,30,-1,384,-0.26
2026-03-11,"Utilities",8,4,2,9,10,13,-3,120,-2.50
2026-03-12,"Communication/Media",18,31,8,14,26,45,-19,341,-5.57
2026-03-12,"Consumer Discretionary",32,42,11,17,43,59,-16,553,-2.89
2026-03-12,"Consumer Staples",14,9,3,6,17,15,2,221,0.90
2026-03-12,"Energy",7,41,6,11,13,52,-39,270,-14.44
2026-03-12,"Financials",147,35,2,31,149,66,83,891,9.32
2026-03-12,"Healthcare",48,93,17,30,65,123,-58,1068,-5.43
2026-03-12,"Industrials",36,41,9,30,45,71,-26,892,-2.91
2026-03-12,"Materials",17,12,4,5,21,17,4,272,1.47
2026-03-12,"Real Estate",18,14,3,9,21,23,-2,291,-0.69
2026-03-12,"Semiconductors",1,6,0,3,1,9,-8,114,-7.02
2026-03-12,"Technology ex-Semis",11,38,8,7,19,45,-26,384,-6.77
2026-03-12,"Utilities",11,8,0,1,11,9,2,120,1.67
2026-03-13,"Communication/Media",18,19,0,14,18,33,-15,341,-4.40
2026-03-13,"Consumer Discretionary",29,29,3,8,32,37,-5,553,-0.90
2026-03-13,"Consumer Staples",15,18,6,5,21,23,-2,221,-0.90
2026-03-13,"Energy",15,12,7,14,22,26,-4,270,-1.48
2026-03-13,"Financials",39,39,5,23,44,62,-18,891,-2.02
2026-03-13,"Healthcare",46,96,15,41,61,137,-76,1068,-7.12
2026-03-13,"Industrials",36,55,11,27,47,82,-35,892,-3.92
2026-03-13,"Materials",7,22,2,29,9,51,-42,272,-15.44
2026-03-13,"Real Estate",13,24,3,11,16,35,-19,291,-6.53
2026-03-13,"Semiconductors",4,6,0,1,4,7,-3,114,-2.63
2026-03-13,"Technology ex-Semis",11,36,8,11,19,47,-28,384,-7.29
2026-03-13,"Utilities",7,4,2,6,9,10,-1,120,-0.83
2026-03-16,"Communication/Media",38,22,3,12,41,34,7,341,2.05
2026-03-16,"Consumer Discretionary",46,38,9,4,55,42,13,553,2.35
2026-03-16,"Consumer Staples",24,22,2,5,26,27,-1,221,-0.45
2026-03-16,"Energy",19,10,2,4,21,14,7,270,2.59
2026-03-16,"Financials",68,54,5,9,73,63,10,891,1.12
2026-03-16,"Healthcare",80,79,23,15,103,94,9,1068,0.84
2026-03-16,"Industrials",86,38,5,11,91,49,42,892,4.71
2026-03-16,"Materials",21,13,0,7,21,20,1,272,0.37
2026-03-16,"Real Estate",11,23,5,9,16,32,-16,291,-5.50
2026-03-16,"Semiconductors",2,14,4,1,6,15,-9,114,-7.89
2026-03-16,"Technology ex-Semis",20,26,9,5,29,31,-2,384,-0.52
2026-03-16,"Utilities",4,11,1,1,5,12,-7,120,-5.83
2026-03-17,"Communication/Media",20,29,9,5,29,34,-5,341,-1.47
2026-03-17,"Consumer Discretionary",28,52,5,3,33,55,-22,553,-3.98
2026-03-17,"Consumer Staples",8,18,1,8,9,26,-17,221,-7.69
2026-03-17,"Energy",12,31,4,2,16,33,-17,270,-6.30
2026-03-17,"Financials",56,100,7,10,63,110,-47,891,-5.27
2026-03-17,"Healthcare",76,109,17,20,93,129,-36,1068,-3.37
2026-03-17,"Industrials",66,51,22,18,88,69,19,892,2.13
2026-03-17,"Materials",14,20,1,5,15,25,-10,272,-3.68
2026-03-17,"Real Estate",24,29,3,5,27,34,-7,291,-2.41
2026-03-17,"Semiconductors",1,11,3,0,4,11,-7,114,-6.14
2026-03-17,"Technology ex-Semis",20,44,9,6,29,50,-21,384,-5.47
2026-03-17,"Utilities",6,26,3,2,9,28,-19,120,-15.83
2026-03-18,"Communication/Media",17,42,6,11,23,53,-30,341,-8.80
2026-03-18,"Consumer Discretionary",14,64,7,13,21,77,-56,553,-10.13
2026-03-18,"Consumer Staples",8,19,0,9,8,28,-20,221,-9.05
2026-03-18,"Energy",11,20,3,3,14,23,-9,270,-3.33
2026-03-18,"Financials",26,72,4,25,30,97,-67,891,-7.52
2026-03-18,"Healthcare",35,107,9,42,44,149,-105,1068,-9.83
2026-03-18,"Industrials",23,106,13,17,36,123,-87,892,-9.75
2026-03-18,"Materials",9,15,3,24,12,39,-27,272,-9.93
2026-03-18,"Real Estate",9,29,0,8,9,37,-28,291,-9.62
2026-03-18,"Semiconductors",2,12,4,4,6,16,-10,114,-8.77
2026-03-18,"Technology ex-Semis",14,34,6,10,20,44,-24,384,-6.25
2026-03-18,"Utilities",3,15,0,3,3,18,-15,120,-12.50
2026-03-19,"Communication/Media",37,21,2,15,39,36,3,341,0.88
2026-03-19,"Consumer Discretionary",90,18,5,16,95,34,61,553,11.03
2026-03-19,"Consumer Staples",33,4,1,7,34,11,23,221,10.41
2026-03-19,"Energy",21,21,8,7,29,28,1,270,0.37
2026-03-19,"Financials",203,18,2,29,205,47,158,891,17.73
2026-03-19,"Healthcare",146,20,9,58,155,78,77,1068,7.21
2026-03-19,"Industrials",160,20,4,30,164,50,114,892,12.78
2026-03-19,"Materials",44,3,2,18,46,21,25,272,9.19
2026-03-19,"Real Estate",28,6,0,19,28,25,3,291,1.03
2026-03-19,"Semiconductors",25,1,1,7,26,8,18,114,15.79
2026-03-19,"Technology ex-Semis",48,11,3,12,51,23,28,384,7.29
2026-03-19,"Utilities",14,0,1,6,15,6,9,120,7.50
2026-03-20,"Communication/Media",17,38,6,19,23,57,-34,341,-9.97
2026-03-20,"Consumer Discretionary",23,45,3,15,26,60,-34,553,-6.15
2026-03-20,"Consumer Staples",8,11,2,12,10,23,-13,221,-5.88
2026-03-20,"Energy",7,40,3,6,10,46,-36,270,-13.33
2026-03-20,"Financials",69,56,11,28,80,84,-4,891,-0.45
2026-03-20,"Healthcare",54,69,10,32,64,101,-37,1068,-3.46
2026-03-20,"Industrials",35,72,11,30,46,102,-56,892,-6.28
2026-03-20,"Materials",7,13,1,5,8,18,-10,272,-3.68
2026-03-20,"Real Estate",12,11,3,48,15,59,-44,291,-15.12
2026-03-20,"Semiconductors",4,20,2,3,6,23,-17,114,-14.91
2026-03-20,"Technology ex-Semis",28,28,4,18,32,46,-14,384,-3.65
2026-03-20,"Utilities",2,14,3,28,5,42,-37,120,-30.83
2026-03-23,"Communication/Media",45,20,4,1,49,21,28,341,8.21
2026-03-23,"Consumer Discretionary",33,41,4,7,37,48,-11,553,-1.99
2026-03-23,"Consumer Staples",23,13,1,2,24,15,9,221,4.07
2026-03-23,"Energy",39,5,0,1,39,6,33,270,12.22
2026-03-23,"Financials",78,78,11,5,89,83,6,891,0.67
2026-03-23,"Healthcare",78,69,12,35,90,104,-14,1068,-1.31
2026-03-23,"Industrials",88,53,17,8,105,61,44,892,4.93
2026-03-23,"Materials",31,7,0,1,31,8,23,272,8.46
2026-03-23,"Real Estate",21,14,3,5,24,19,5,291,1.72
2026-03-23,"Semiconductors",5,16,1,1,6,17,-11,114,-9.65
2026-03-23,"Technology ex-Semis",37,18,3,4,40,22,18,384,4.69
2026-03-23,"Utilities",8,7,0,0,8,7,1,120,0.83
2026-03-24,"Communication/Media",23,34,11,3,34,37,-3,341,-0.88
2026-03-24,"Consumer Discretionary",58,32,9,9,67,41,26,553,4.70
2026-03-24,"Consumer Staples",14,10,2,4,16,14,2,221,0.90
2026-03-24,"Energy",18,16,8,1,26,17,9,270,3.33
2026-03-24,"Financials",82,60,5,8,87,68,19,891,2.13
2026-03-24,"Healthcare",98,50,12,31,110,81,29,1068,2.72
2026-03-24,"Industrials",135,39,11,12,146,51,95,892,10.65
2026-03-24,"Materials",55,4,5,2,60,6,54,272,19.85
2026-03-24,"Real Estate",22,17,3,8,25,25,0,291,0.00
2026-03-24,"Semiconductors",8,2,7,1,15,3,12,114,10.53
2026-03-24,"Technology ex-Semis",11,29,3,16,14,45,-31,384,-8.07
2026-03-24,"Utilities",12,4,1,2,13,6,7,120,5.83
2026-03-25,"Communication/Media",20,22,8,6,28,28,0,341,0.00
2026-03-25,"Consumer Discretionary",46,32,13,11,59,43,16,553,2.89
2026-03-25,"Consumer Staples",44,8,2,5,46,13,33,221,14.93
2026-03-25,"Energy",10,26,2,2,12,28,-16,270,-5.93
2026-03-25,"Financials",42,86,22,15,64,101,-37,891,-4.15
2026-03-25,"Healthcare",106,69,20,11,126,80,46,1068,4.31
2026-03-25,"Industrials",83,61,17,14,100,75,25,892,2.80
2026-03-25,"Materials",24,29,1,1,25,30,-5,272,-1.84
2026-03-25,"Real Estate",22,16,3,0,25,16,9,291,3.09
2026-03-25,"Semiconductors",8,13,7,0,15,13,2,114,1.75
2026-03-25,"Technology ex-Semis",29,20,7,12,36,32,4,384,1.04
2026-03-25,"Utilities",5,10,2,0,7,10,-3,120,-2.50
2026-03-26,"Communication/Media",11,45,6,10,17,55,-38,341,-11.14
2026-03-26,"Consumer Discretionary",27,59,10,11,37,70,-33,553,-5.97
2026-03-26,"Consumer Staples",9,20,6,2,15,22,-7,221,-3.17
2026-03-26,"Energy",10,30,6,1,16,31,-15,270,-5.56
2026-03-26,"Financials",67,70,6,11,73,81,-8,891,-0.90
2026-03-26,"Healthcare",45,112,17,17,62,129,-67,1068,-6.27
2026-03-26,"Industrials",29,124,9,23,38,147,-109,892,-12.22
2026-03-26,"Materials",4,27,0,0,4,27,-23,272,-8.46
2026-03-26,"Real Estate",18,16,2,3,20,19,1,291,0.34
2026-03-26,"Semiconductors",1,36,1,3,2,39,-37,114,-32.46
2026-03-26,"Technology ex-Semis",21,29,4,18,25,47,-22,384,-5.73
2026-03-26,"Utilities",24,9,0,0,24,9,15,120,12.50
2026-03-27,"Communication/Media",11,31,3,19,14,50,-36,341,-10.56
2026-03-27,"Consumer Discretionary",13,59,5,29,18,88,-70,553,-12.66
2026-03-27,"Consumer Staples",17,9,5,2,22,11,11,221,4.98
2026-03-27,"Energy",16,22,6,2,22,24,-2,270,-0.74
2026-03-27,"Financials",32,125,2,27,34,152,-118,891,-13.24
2026-03-27,"Healthcare",40,114,8,62,48,176,-128,1068,-11.99
2026-03-27,"Industrials",21,77,9,47,30,124,-94,892,-10.54
2026-03-27,"Materials",20,13,1,2,21,15,6,272,2.21
2026-03-27,"Real Estate",9,17,1,11,10,28,-18,291,-6.19
2026-03-27,"Semiconductors",0,10,0,6,0,16,-16,114,-14.04
2026-03-27,"Technology ex-Semis",21,19,1,35,22,54,-32,384,-8.33
2026-03-27,"Utilities",1,8,3,1,4,9,-5,120,-4.17
2026-03-30,"Communication/Media",19,26,4,16,23,42,-19,341,-5.57
2026-03-30,"Consumer Discretionary",22,51,3,14,25,65,-40,553,-7.23
2026-03-30,"Consumer Staples",13,10,2,3,15,13,2,221,0.90
2026-03-30,"Energy",3,61,2,7,5,68,-63,270,-23.33
2026-03-30,"Financials",88,42,11,8,99,50,49,891,5.50
2026-03-30,"Healthcare",52,39,8,47,60,86,-26,1068,-2.43
2026-03-30,"Industrials",34,67,9,41,43,108,-65,892,-7.29
2026-03-30,"Materials",2,19,5,2,7,21,-14,272,-5.15
2026-03-30,"Real Estate",25,18,0,4,25,22,3,291,1.03
2026-03-30,"Semiconductors",1,9,0,15,1,24,-23,114,-20.18
2026-03-30,"Technology ex-Semis",37,10,4,13,41,23,18,384,4.69
2026-03-30,"Utilities",6,5,2,1,8,6,2,120,1.67
2026-03-31,"Communication/Media",64,17,6,3,70,20,50,341,14.66
2026-03-31,"Consumer Discretionary",88,17,14,8,102,25,77,553,13.92
2026-03-31,"Consumer Staples",28,9,2,2,30,11,19,221,8.60
2026-03-31,"Energy",7,26,3,13,10,39,-29,270,-10.74
2026-03-31,"Financials",107,47,33,14,140,61,79,891,8.87
2026-03-31,"Healthcare",247,27,19,11,266,38,228,1068,21.35
2026-03-31,"Industrials",189,25,8,8,197,33,164,892,18.39
2026-03-31,"Materials",27,10,9,0,36,10,26,272,9.56
2026-03-31,"Real Estate",33,20,5,4,38,24,14,291,4.81
2026-03-31,"Semiconductors",43,0,0,1,43,1,42,114,36.84
2026-03-31,"Technology ex-Semis",83,10,3,4,86,14,72,384,18.75
2026-03-31,"Utilities",12,8,3,1,15,9,6,120,5.00
2026-04-01,"Communication/Media",25,34,7,3,32,37,-5,341,-1.47
2026-04-01,"Consumer Discretionary",43,44,12,4,55,48,7,553,1.27
2026-04-01,"Consumer Staples",18,12,7,6,25,18,7,221,3.17
2026-04-01,"Energy",10,45,3,13,13,58,-45,270,-16.67
2026-04-01,"Financials",31,112,70,8,101,120,-19,891,-2.13
2026-04-01,"Healthcare",79,109,49,3,128,112,16,1068,1.50
2026-04-01,"Industrials",50,76,29,7,79,83,-4,892,-0.45
2026-04-01,"Materials",7,30,10,1,17,31,-14,272,-5.15
2026-04-01,"Real Estate",32,23,0,4,32,27,5,291,1.72
2026-04-01,"Semiconductors",9,12,5,0,14,12,2,114,1.75
2026-04-01,"Technology ex-Semis",26,22,10,5,36,27,9,384,2.34
2026-04-01,"Utilities",7,4,3,0,10,4,6,120,5.00
2026-04-02,"Communication/Media",58,6,6,0,64,6,58,341,17.01
2026-04-02,"Consumer Discretionary",88,20,13,8,101,28,73,553,13.20
2026-04-02,"Consumer Staples",18,14,4,2,22,16,6,221,2.71
2026-04-02,"Energy",22,12,8,2,30,14,16,270,5.93
2026-04-02,"Financials",126,17,19,6,145,23,122,891,13.69
2026-04-02,"Healthcare",153,35,29,15,182,50,132,1068,12.36
2026-04-02,"Industrials",87,21,22,9,109,30,79,892,8.86
2026-04-02,"Materials",23,17,4,1,27,18,9,272,3.31
2026-04-02,"Real Estate",70,4,1,3,71,7,64,291,21.99
2026-04-02,"Semiconductors",16,2,4,0,20,2,18,114,15.79
2026-04-02,"Technology ex-Semis",76,9,4,6,80,15,65,384,16.93
2026-04-02,"Utilities",13,4,9,0,22,4,18,120,15.00
2026-04-06,"Communication/Media",18,41,13,2,31,43,-12,341,-3.52
2026-04-06,"Consumer Discretionary",59,27,16,2,75,29,46,553,8.32
2026-04-06,"Consumer Staples",31,11,5,0,36,11,25,221,11.31
2026-04-06,"Energy",16,8,4,5,20,13,7,270,2.59
2026-04-06,"Financials",65,39,114,3,179,42,137,891,15.38
2026-04-06,"Healthcare",44,118,34,8,78,126,-48,1068,-4.49
2026-04-06,"Industrials",70,54,31,3,101,57,44,892,4.93
2026-04-06,"Materials",6,18,3,1,9,19,-10,272,-3.68
2026-04-06,"Real Estate",20,11,4,0,24,11,13,291,4.47
2026-04-06,"Semiconductors",5,11,5,0,10,11,-1,114,-0.88
2026-04-06,"Technology ex-Semis",23,26,9,2,32,28,4,384,1.04
2026-04-06,"Utilities",3,15,3,0,6,15,-9,120,-7.50
2026-04-07,"Communication/Media",14,22,5,1,19,23,-4,341,-1.17
2026-04-07,"Consumer Discretionary",25,68,21,3,46,71,-25,553,-4.52
2026-04-07,"Consumer Staples",5,29,3,1,8,30,-22,221,-9.95
2026-04-07,"Energy",20,29,5,4,25,33,-8,270,-2.96
2026-04-07,"Financials",37,64,48,5,85,69,16,891,1.80
2026-04-07,"Healthcare",73,64,27,14,100,78,22,1068,2.06
2026-04-07,"Industrials",41,57,30,6,71,63,8,892,0.90
2026-04-07,"Materials",16,21,2,2,18,23,-5,272,-1.84
2026-04-07,"Real Estate",23,24,6,1,29,25,4,291,1.37
2026-04-07,"Semiconductors",4,2,3,0,7,2,5,114,4.39
2026-04-07,"Technology ex-Semis",13,33,5,5,18,38,-20,384,-5.21
2026-04-07,"Utilities",4,10,6,0,10,10,0,120,0.00
2026-04-08,"Communication/Media",8,68,31,0,39,68,-29,341,-8.50
2026-04-08,"Consumer Discretionary",14,109,81,4,95,113,-18,553,-3.25
2026-04-08,"Consumer Staples",17,31,21,3,38,34,4,221,1.81
2026-04-08,"Energy",86,7,6,19,92,26,66,270,24.44
2026-04-08,"Financials",22,113,156,2,178,115,63,891,7.07
2026-04-08,"Healthcare",31,157,64,3,95,160,-65,1068,-6.09
2026-04-08,"Industrials",26,116,157,3,183,119,64,892,7.17
2026-04-08,"Materials",21,45,42,2,63,47,16,272,5.88
2026-04-08,"Real Estate",13,28,31,1,44,29,15,291,5.15
2026-04-08,"Semiconductors",0,4,35,0,35,4,31,114,27.19
2026-04-08,"Technology ex-Semis",5,96,19,6,24,102,-78,384,-20.31
2026-04-08,"Utilities",15,6,11,1,26,7,19,120,15.83
2026-04-09,"Communication/Media",17,35,14,3,31,38,-7,341,-2.05
2026-04-09,"Consumer Discretionary",43,38,22,5,65,43,22,553,3.98
2026-04-09,"Consumer Staples",20,8,14,0,34,8,26,221,11.76
2026-04-09,"Energy",4,44,5,6,9,50,-41,270,-15.19
2026-04-09,"Financials",41,50,29,7,70,57,13,891,1.46
2026-04-09,"Healthcare",60,66,48,16,108,82,26,1068,2.43
2026-04-09,"Industrials",44,63,57,7,101,70,31,892,3.48
2026-04-09,"Materials",5,24,12,2,17,26,-9,272,-3.31
2026-04-09,"Real Estate",10,12,27,1,37,13,24,291,8.25
2026-04-09,"Semiconductors",1,11,5,0,6,11,-5,114,-4.39
2026-04-09,"Technology ex-Semis",20,39,6,28,26,67,-41,384,-10.68
2026-04-09,"Utilities",3,5,19,1,22,6,16,120,13.33
2026-04-10,"Communication/Media",20,39,7,8,27,47,-20,341,-5.87
2026-04-10,"Consumer Discretionary",15,85,16,5,31,90,-59,553,-10.67
2026-04-10,"Consumer Staples",13,33,3,3,16,36,-20,221,-9.05
2026-04-10,"Energy",31,16,1,8,32,24,8,270,2.96
2026-04-10,"Financials",23,111,19,9,42,120,-78,891,-8.75
2026-04-10,"Healthcare",26,171,29,12,55,183,-128,1068,-11.99
2026-04-10,"Industrials",25,96,31,9,56,105,-49,892,-5.49
2026-04-10,"Materials",12,37,16,3,28,40,-12,272,-4.41
2026-04-10,"Real Estate",8,13,17,2,25,15,10,291,3.44
2026-04-10,"Semiconductors",1,11,5,0,6,11,-5,114,-4.39
2026-04-10,"Technology ex-Semis",5,45,6,20,11,65,-54,384,-14.06
2026-04-10,"Utilities",1,19,4,0,5,19,-14,120,-11.67
2026-04-13,"Communication/Media",30,11,13,4,43,15,28,341,8.21
2026-04-13,"Consumer Discretionary",64,25,13,7,77,32,45,553,8.14
2026-04-13,"Consumer Staples",18,19,7,4,25,23,2,221,0.90
2026-04-13,"Energy",13,15,4,1,17,16,1,270,0.37
2026-04-13,"Financials",115,24,28,7,143,31,112,891,12.57
2026-04-13,"Healthcare",123,40,39,12,162,52,110,1068,10.30
2026-04-13,"Industrials",90,19,25,6,115,25,90,892,10.09
2026-04-13,"Materials",24,5,4,0,28,5,23,272,8.46
2026-04-13,"Real Estate",23,14,12,1,35,15,20,291,6.87
2026-04-13,"Semiconductors",10,1,7,1,17,2,15,114,13.16
2026-04-13,"Technology ex-Semis",68,5,9,3,77,8,69,384,17.97
2026-04-13,"Utilities",6,33,0,1,6,34,-28,120,-23.33
2026-04-14,"Communication/Media",12,27,14,2,26,29,-3,341,-0.88
2026-04-14,"Consumer Discretionary",22,67,24,5,46,72,-26,553,-4.70
2026-04-14,"Consumer Staples",14,27,8,1,22,28,-6,221,-2.71
2026-04-14,"Energy",13,37,4,17,17,54,-37,270,-13.70
2026-04-14,"Financials",48,59,56,3,104,62,42,891,4.71
2026-04-14,"Healthcare",46,99,74,4,120,103,17,1068,1.59
2026-04-14,"Industrials",27,105,61,4,88,109,-21,892,-2.35
2026-04-14,"Materials",7,33,25,1,32,34,-2,272,-0.74
2026-04-14,"Real Estate",10,13,25,2,35,15,20,291,6.87
2026-04-14,"Semiconductors",1,14,5,0,6,14,-8,114,-7.02
2026-04-14,"Technology ex-Semis",14,49,24,1,38,50,-12,384,-3.13
2026-04-14,"Utilities",10,3,3,0,13,3,10,120,8.33
2026-04-15,"Communication/Media",11,23,21,2,32,25,7,341,2.05
2026-04-15,"Consumer Discretionary",24,57,33,8,57,65,-8,553,-1.45
2026-04-15,"Consumer Staples",12,26,9,3,21,29,-8,221,-3.62
2026-04-15,"Energy",34,18,8,12,42,30,12,270,4.44
2026-04-15,"Financials",45,68,52,7,97,75,22,891,2.47
2026-04-15,"Healthcare",58,74,64,5,122,79,43,1068,4.03
2026-04-15,"Industrials",34,104,22,4,56,108,-52,892,-5.83
2026-04-15,"Materials",18,39,5,0,23,39,-16,272,-5.88
2026-04-15,"Real Estate",6,21,18,1,24,22,2,291,0.69
2026-04-15,"Semiconductors",4,3,9,1,13,4,9,114,7.89
2026-04-15,"Technology ex-Semis",65,9,26,2,91,11,80,384,20.83
2026-04-15,"Utilities",3,9,4,3,7,12,-5,120,-4.17
2026-04-16,"Communication/Media",17,25,21,1,38,26,12,341,3.52
2026-04-16,"Consumer Discretionary",31,54,26,3,57,57,0,553,0.00
2026-04-16,"Consumer Staples",18,23,7,4,25,27,-2,221,-0.90
2026-04-16,"Energy",47,12,4,6,51,18,33,270,12.22
2026-04-16,"Financials",24,118,29,0,53,118,-65,891,-7.30
2026-04-16,"Healthcare",52,126,45,6,97,132,-35,1068,-3.28
2026-04-16,"Industrials",23,91,42,6,65,97,-32,892,-3.59
2026-04-16,"Materials",11,29,11,0,22,29,-7,272,-2.57
2026-04-16,"Real Estate",16,39,20,2,36,41,-5,291,-1.72
2026-04-16,"Semiconductors",0,2,3,1,3,3,0,114,0.00
2026-04-16,"Technology ex-Semis",15,32,38,1,53,33,20,384,5.21
2026-04-16,"Utilities",11,8,3,1,14,9,5,120,4.17
2026-04-17,"Communication/Media",4,30,14,3,18,33,-15,341,-4.40
2026-04-17,"Consumer Discretionary",25,50,64,1,89,51,38,553,6.87
2026-04-17,"Consumer Staples",14,20,25,2,39,22,17,221,7.69
2026-04-17,"Energy",42,13,2,49,44,62,-18,270,-6.67
2026-04-17,"Financials",16,105,42,2,58,107,-49,891,-5.50
2026-04-17,"Healthcare",38,91,67,7,105,98,7,1068,0.66
2026-04-17,"Industrials",12,103,63,5,75,108,-33,892,-3.70
2026-04-17,"Materials",6,35,38,4,44,39,5,272,1.84
2026-04-17,"Real Estate",12,21,39,2,51,23,28,291,9.62
2026-04-17,"Semiconductors",0,14,5,1,5,15,-10,114,-8.77
2026-04-17,"Technology ex-Semis",6,45,39,0,45,45,0,384,0.00
2026-04-17,"Utilities",12,9,2,5,14,14,0,120,0.00
2026-04-20,"Communication/Media",22,34,10,1,32,35,-3,341,-0.88
2026-04-20,"Consumer Discretionary",19,50,10,6,29,56,-27,553,-4.88
2026-04-20,"Consumer Staples",12,20,6,1,18,21,-3,221,-1.36
2026-04-20,"Energy",20,11,1,2,21,13,8,270,2.96
2026-04-20,"Financials",21,130,14,3,35,133,-98,891,-11.00
2026-04-20,"Healthcare",35,120,31,8,66,128,-62,1068,-5.81
2026-04-20,"Industrials",38,64,14,6,52,70,-18,892,-2.02
2026-04-20,"Materials",20,14,6,2,26,16,10,272,3.68
2026-04-20,"Real Estate",6,29,11,0,17,29,-12,291,-4.12
2026-04-20,"Semiconductors",2,11,1,0,3,11,-8,114,-7.02
2026-04-20,"Technology ex-Semis",13,19,17,2,30,21,9,384,2.34
2026-04-20,"Utilities",5,18,1,1,6,19,-13,120,-10.83
2026-04-21,"Communication/Media",5,65,10,2,15,67,-52,341,-15.25
2026-04-21,"Consumer Discretionary",11,120,8,5,19,125,-106,553,-19.17
2026-04-21,"Consumer Staples",13,38,1,3,14,41,-27,221,-12.22
2026-04-21,"Energy",59,30,6,0,65,30,35,270,12.96
2026-04-21,"Financials",16,245,11,4,27,249,-222,891,-24.92
2026-04-21,"Healthcare",21,252,29,14,50,266,-216,1068,-20.22
2026-04-21,"Industrials",18,168,30,6,48,174,-126,892,-14.13
2026-04-21,"Materials",9,78,2,0,11,78,-67,272,-24.63
2026-04-21,"Real Estate",6,87,5,3,11,90,-79,291,-27.15
2026-04-21,"Semiconductors",1,22,2,1,3,23,-20,114,-17.54
2026-04-21,"Technology ex-Semis",3,93,21,4,24,97,-73,384,-19.01
2026-04-21,"Utilities",4,8,2,7,6,15,-9,120,-7.50
2026-04-22,"Communication/Media",19,28,3,12,22,40,-18,341,-5.28
2026-04-22,"Consumer Discretionary",12,74,9,10,21,84,-63,553,-11.39
2026-04-22,"Consumer Staples",9,24,3,3,12,27,-15,221,-6.79
2026-04-22,"Energy",27,12,9,4,36,16,20,270,7.41
2026-04-22,"Financials",31,104,9,4,40,108,-68,891,-7.63
2026-04-22,"Healthcare",53,79,18,8,71,87,-16,1068,-1.50
2026-04-22,"Industrials",39,102,16,16,55,118,-63,892,-7.06
2026-04-22,"Materials",8,28,2,5,10,33,-23,272,-8.46
2026-04-22,"Real Estate",8,35,2,3,10,38,-28,291,-9.62
2026-04-22,"Semiconductors",2,4,1,0,3,4,-1,114,-0.88
2026-04-22,"Technology ex-Semis",10,24,12,4,22,28,-6,384,-1.56
2026-04-22,"Utilities",4,3,0,9,4,12,-8,120,-6.67
2026-04-23,"Communication/Media",14,49,6,4,20,53,-33,341,-9.68
2026-04-23,"Consumer Discretionary",17,76,7,16,24,92,-68,553,-12.30
2026-04-23,"Consumer Staples",23,11,3,2,26,13,13,221,5.88
2026-04-23,"Energy",24,17,8,1,32,18,14,270,5.19
2026-04-23,"Financials",61,74,11,13,72,87,-15,891,-1.68
2026-04-23,"Healthcare",22,166,11,26,33,192,-159,1068,-14.89
2026-04-23,"Industrials",34,102,13,13,47,115,-68,892,-7.62
2026-04-23,"Materials",19,24,6,10,25,34,-9,272,-3.31
2026-04-23,"Real Estate",15,28,5,4,20,32,-12,291,-4.12
2026-04-23,"Semiconductors",2,8,1,0,3,8,-5,114,-4.39
2026-04-23,"Technology ex-Semis",14,64,2,9,16,73,-57,384,-14.84
2026-04-23,"Utilities",41,5,2,1,43,6,37,120,30.83
2026-04-24,"Communication/Media",14,32,2,7,16,39,-23,341,-6.74
2026-04-24,"Consumer Discretionary",42,39,4,11,46,50,-4,553,-0.72
2026-04-24,"Consumer Staples",24,20,4,0,28,20,8,221,3.62
2026-04-24,"Energy",13,21,4,0,17,21,-4,270,-1.48
2026-04-24,"Financials",65,81,9,11,74,92,-18,891,-2.02
2026-04-24,"Healthcare",104,55,9,22,113,77,36,1068,3.37
2026-04-24,"Industrials",48,70,12,10,60,80,-20,892,-2.24
2026-04-24,"Materials",29,10,2,5,31,15,16,272,5.88
2026-04-24,"Real Estate",25,13,3,3,28,16,12,291,4.12
2026-04-24,"Semiconductors",1,5,2,0,3,5,-2,114,-1.75
2026-04-24,"Technology ex-Semis",43,20,5,2,48,22,26,384,6.77
2026-04-24,"Utilities",6,11,2,2,8,13,-5,120,-4.17
2026-04-27,"Communication/Media",23,44,5,9,28,53,-25,341,-7.33
2026-04-27,"Consumer Discretionary",35,81,5,7,40,88,-48,553,-8.68
2026-04-27,"Consumer Staples",11,24,4,4,15,28,-13,221,-5.88
2026-04-27,"Energy",9,15,11,1,20,16,4,270,1.48
2026-04-27,"Financials",66,91,11,6,77,97,-20,891,-2.24
2026-04-27,"Healthcare",48,109,22,20,70,129,-59,1068,-5.52
2026-04-27,"Industrials",37,106,19,5,56,111,-55,892,-6.17
2026-04-27,"Materials",31,13,1,2,32,15,17,272,6.25
2026-04-27,"Real Estate",10,37,7,3,17,40,-23,291,-7.90
2026-04-27,"Semiconductors",1,21,0,0,1,21,-20,114,-17.54
2026-04-27,"Technology ex-Semis",14,49,6,3,20,52,-32,384,-8.33
2026-04-27,"Utilities",0,20,2,1,2,21,-19,120,-15.83
2026-04-28,"Communication/Media",23,27,4,10,27,37,-10,341,-2.93
2026-04-28,"Consumer Discretionary",31,43,2,14,33,57,-24,553,-4.34
2026-04-28,"Consumer Staples",9,27,8,10,17,37,-20,221,-9.05
2026-04-28,"Energy",5,24,7,2,12,26,-14,270,-5.19
2026-04-28,"Financials",54,96,33,9,87,105,-18,891,-2.02
2026-04-28,"Healthcare",48,102,7,36,55,138,-83,1068,-7.77
2026-04-28,"Industrials",42,68,4,10,46,78,-32,892,-3.59
2026-04-28,"Materials",20,26,2,12,22,38,-16,272,-5.88
2026-04-28,"Real Estate",21,33,12,4,33,37,-4,291,-1.37
2026-04-28,"Semiconductors",1,11,0,0,1,11,-10,114,-8.77
2026-04-28,"Technology ex-Semis",12,37,3,2,15,39,-24,384,-6.25
2026-04-28,"Utilities",3,8,2,0,5,8,-3,120,-2.50
2026-04-29,"Communication/Media",29,27,4,12,33,39,-6,341,-1.76
2026-04-29,"Consumer Discretionary",30,29,6,19,36,48,-12,553,-2.17
2026-04-29,"Consumer Staples",10,21,5,9,15,30,-15,221,-6.79
2026-04-29,"Energy",13,19,24,2,37,21,16,270,5.93
2026-04-29,"Financials",24,131,13,17,37,148,-111,891,-12.46
2026-04-29,"Healthcare",62,62,9,75,71,137,-66,1068,-6.18
2026-04-29,"Industrials",42,106,9,24,51,130,-79,892,-8.86
2026-04-29,"Materials",6,16,2,31,8,47,-39,272,-14.34
2026-04-29,"Real Estate",9,44,3,5,12,49,-37,291,-12.71
2026-04-29,"Semiconductors",5,5,0,3,5,8,-3,114,-2.63
2026-04-29,"Technology ex-Semis",34,16,3,10,37,26,11,384,2.86
2026-04-29,"Utilities",0,19,0,3,0,22,-22,120,-18.33
2026-04-30,"Communication/Media",53,11,5,5,58,16,42,341,12.32
2026-04-30,"Consumer Discretionary",96,24,6,12,102,36,66,553,11.93
2026-04-30,"Consumer Staples",38,6,2,4,40,10,30,221,13.57
2026-04-30,"Energy",19,11,20,2,39,13,26,270,9.63
2026-04-30,"Financials",122,33,8,23,130,56,74,891,8.31
2026-04-30,"Healthcare",195,35,18,17,213,52,161,1068,15.07
2026-04-30,"Industrials",170,23,18,19,188,42,146,892,16.37
2026-04-30,"Materials",43,7,3,7,46,14,32,272,11.76
2026-04-30,"Real Estate",47,14,7,4,54,18,36,291,12.37
2026-04-30,"Semiconductors",9,1,2,1,11,2,9,114,7.89
2026-04-30,"Technology ex-Semis",51,12,2,10,53,22,31,384,8.07
2026-04-30,"Utilities",17,3,6,7,23,10,13,120,10.83
2026-05-01,"Communication/Media",25,25,14,8,39,33,6,341,1.76
2026-05-01,"Consumer Discretionary",36,46,8,9,44,55,-11,553,-1.99
2026-05-01,"Consumer Staples",9,22,7,5,16,27,-11,221,-4.98
2026-05-01,"Energy",10,18,5,3,15,21,-6,270,-2.22
2026-05-01,"Financials",52,73,27,19,79,92,-13,891,-1.46
2026-05-01,"Healthcare",97,86,27,19,124,105,19,1068,1.78
2026-05-01,"Industrials",55,92,18,15,73,107,-34,892,-3.81
2026-05-01,"Materials",23,7,6,8,29,15,14,272,5.15
2026-05-01,"Real Estate",23,33,4,7,27,40,-13,291,-4.47
2026-05-01,"Semiconductors",5,1,1,0,6,1,5,114,4.39
2026-05-01,"Technology ex-Semis",40,15,17,3,57,18,39,384,10.16
2026-05-01,"Utilities",2,23,9,1,11,24,-13,120,-10.83
2026-05-04,"Communication/Media",13,41,9,4,22,45,-23,341,-6.74
2026-05-04,"Consumer Discretionary",15,68,11,26,26,94,-68,553,-12.30
2026-05-04,"Consumer Staples",9,18,3,14,12,32,-20,221,-9.05
2026-05-04,"Energy",10,13,12,3,22,16,6,270,2.22
2026-05-04,"Financials",28,128,13,34,41,162,-121,891,-13.58
2026-05-04,"Healthcare",103,96,32,17,135,113,22,1068,2.06
2026-05-04,"Industrials",24,101,23,28,47,129,-82,892,-9.19
2026-05-04,"Materials",7,38,5,10,12,48,-36,272,-13.24
2026-05-04,"Real Estate",9,41,0,8,9,49,-40,291,-13.75
2026-05-04,"Semiconductors",2,18,0,1,2,19,-17,114,-14.91
2026-05-04,"Technology ex-Semis",13,38,22,4,35,42,-7,384,-1.82
2026-05-04,"Utilities",6,12,2,1,8,13,-5,120,-4.17
2026-05-05,"Communication/Media",34,21,6,8,40,29,11,341,3.23
2026-05-05,"Consumer Discretionary",71,19,9,20,80,39,41,553,7.41
2026-05-05,"Consumer Staples",26,18,7,9,33,27,6,221,2.71
2026-05-05,"Energy",5,25,7,2,12,27,-15,270,-5.56
2026-05-05,"Financials",102,49,10,20,112,69,43,891,4.83
2026-05-05,"Healthcare",60,86,33,26,93,112,-19,1068,-1.78
2026-05-05,"Industrials",75,49,23,22,98,71,27,892,3.03
2026-05-05,"Materials",18,15,3,6,21,21,0,272,0.00
2026-05-05,"Real Estate",39,15,2,4,41,19,22,291,7.56
2026-05-05,"Semiconductors",9,2,3,0,12,2,10,114,8.77
2026-05-05,"Technology ex-Semis",23,30,16,6,39,36,3,384,0.78
2026-05-05,"Utilities",5,16,2,3,7,19,-12,120,-10.00
2026-05-06,"Communication/Media",23,20,15,10,38,30,8,341,2.35
2026-05-06,"Consumer Discretionary",59,51,20,17,79,68,11,553,1.99
2026-05-06,"Consumer Staples",13,23,8,6,21,29,-8,221,-3.62
2026-05-06,"Energy",9,46,5,9,14,55,-41,270,-15.19
2026-05-06,"Financials",38,102,23,21,61,123,-62,891,-6.96
2026-05-06,"Healthcare",82,77,55,30,137,107,30,1068,2.81
2026-05-06,"Industrials",58,64,45,31,103,95,8,892,0.90
2026-05-06,"Materials",24,25,13,1,37,26,11,272,4.04
2026-05-06,"Real Estate",13,31,9,3,22,34,-12,291,-4.12
2026-05-06,"Semiconductors",6,2,3,0,9,2,7,114,6.14
2026-05-06,"Technology ex-Semis",19,32,17,6,36,38,-2,384,-0.52
2026-05-06,"Utilities",7,13,1,8,8,21,-13,120,-10.83
2026-05-07,"Communication/Media",14,49,12,11,26,60,-34,341,-9.97
2026-05-07,"Consumer Discretionary",29,64,16,18,45,82,-37,553,-6.69
2026-05-07,"Consumer Staples",18,25,10,15,28,40,-12,221,-5.43
2026-05-07,"Energy",20,16,4,14,24,30,-6,270,-2.22
2026-05-07,"Financials",50,142,20,29,70,171,-101,891,-11.34
2026-05-07,"Healthcare",47,115,30,50,77,165,-88,1068,-8.24
2026-05-07,"Industrials",31,164,32,33,63,197,-134,892,-15.02
2026-05-07,"Materials",6,58,16,7,22,65,-43,272,-15.81
2026-05-07,"Real Estate",19,33,10,3,29,36,-7,291,-2.41
2026-05-07,"Semiconductors",1,26,1,0,2,26,-24,114,-21.05
2026-05-07,"Technology ex-Semis",16,39,26,4,42,43,-1,384,-0.26
2026-05-07,"Utilities",12,10,3,15,15,25,-10,120,-8.33
2026-05-08,"Communication/Media",28,29,15,11,43,40,3,341,0.88
2026-05-08,"Consumer Discretionary",34,37,22,21,56,58,-2,553,-0.36
2026-05-08,"Consumer Staples",14,23,4,5,18,28,-10,221,-4.52
2026-05-08,"Energy",4,29,5,8,9,37,-28,270,-10.37
2026-05-08,"Financials",62,65,16,26,78,91,-13,891,-1.46
2026-05-08,"Healthcare",64,102,16,32,80,134,-54,1068,-5.06
2026-05-08,"Industrials",45,67,23,36,68,103,-35,892,-3.92
2026-05-08,"Materials",22,17,3,5,25,22,3,272,1.10
2026-05-08,"Real Estate",22,25,9,6,31,31,0,291,0.00
2026-05-08,"Semiconductors",8,4,4,0,12,4,8,114,7.02
2026-05-08,"Technology ex-Semis",23,19,8,9,31,28,3,384,0.78
2026-05-08,"Utilities",4,12,1,4,5,16,-11,120,-9.17
2026-05-11,"Communication/Media",15,46,7,14,22,60,-38,341,-11.14
2026-05-11,"Consumer Discretionary",21,80,7,38,28,118,-90,553,-16.27
2026-05-11,"Consumer Staples",5,19,3,10,8,29,-21,221,-9.50
2026-05-11,"Energy",24,16,9,3,33,19,14,270,5.19
2026-05-11,"Financials",25,146,15,50,40,196,-156,891,-17.51
2026-05-11,"Healthcare",42,181,32,34,74,215,-141,1068,-13.20
2026-05-11,"Industrials",39,109,19,20,58,129,-71,892,-7.96
2026-05-11,"Materials",10,29,16,1,26,30,-4,272,-1.47
2026-05-11,"Real Estate",13,35,1,13,14,48,-34,291,-11.68
2026-05-11,"Semiconductors",3,2,5,0,8,2,6,114,5.26
2026-05-11,"Technology ex-Semis",15,60,4,17,19,77,-58,384,-15.10
2026-05-11,"Utilities",7,10,2,1,9,11,-2,120,-1.67
2026-05-12,"Communication/Media",13,35,9,12,22,47,-25,341,-7.33
2026-05-12,"Consumer Discretionary",28,37,6,42,34,79,-45,553,-8.14
2026-05-12,"Consumer Staples",14,17,2,16,16,33,-17,221,-7.69
2026-05-12,"Energy",18,12,6,4,24,16,8,270,2.96
2026-05-12,"Financials",88,50,4,87,92,137,-45,891,-5.05
2026-05-12,"Healthcare",85,74,13,53,98,127,-29,1068,-2.72
2026-05-12,"Industrials",57,61,10,58,67,119,-52,892,-5.83
2026-05-12,"Materials",22,8,6,4,28,12,16,272,5.88
2026-05-12,"Real Estate",21,18,5,15,26,33,-7,291,-2.41
2026-05-12,"Semiconductors",7,11,0,3,7,14,-7,114,-6.14
2026-05-12,"Technology ex-Semis",13,50,1,16,14,66,-52,384,-13.54
2026-05-12,"Utilities",14,5,0,2,14,7,7,120,5.83
2026-05-13,"Communication/Media",29,23,8,15,37,38,-1,341,-0.29
2026-05-13,"Consumer Discretionary",35,35,12,35,47,70,-23,553,-4.16
2026-05-13,"Consumer Staples",14,8,1,11,15,19,-4,221,-1.81
2026-05-13,"Energy",19,17,6,8,25,25,0,270,0.00
2026-05-13,"Financials",37,71,7,47,44,118,-74,891,-8.31
2026-05-13,"Healthcare",87,73,21,36,108,109,-1,1068,-0.09
2026-05-13,"Industrials",54,66,9,35,63,101,-38,892,-4.26
2026-05-13,"Materials",8,28,11,3,19,31,-12,272,-4.41
2026-05-13,"Real Estate",14,29,2,19,16,48,-32,291,-11.00
2026-05-13,"Semiconductors",8,13,1,1,9,14,-5,114,-4.39
2026-05-13,"Technology ex-Semis",15,26,8,31,23,57,-34,384,-8.85
2026-05-13,"Utilities",8,3,0,4,8,7,1,120,0.83
2026-05-14,"Communication/Media",12,30,11,13,23,43,-20,341,-5.87
2026-05-14,"Consumer Discretionary",35,33,11,10,46,43,3,553,0.54
2026-05-14,"Consumer Staples",11,18,3,5,14,23,-9,221,-4.07
2026-05-14,"Energy",24,11,9,5,33,16,17,270,6.30
2026-05-14,"Financials",66,81,17,15,83,96,-13,891,-1.46
2026-05-14,"Healthcare",79,84,24,33,103,117,-14,1068,-1.31
2026-05-14,"Industrials",61,56,19,21,80,77,3,892,0.34
2026-05-14,"Materials",12,47,2,8,14,55,-41,272,-15.07
2026-05-14,"Real Estate",23,27,3,8,26,35,-9,291,-3.09
2026-05-14,"Semiconductors",5,6,4,0,9,6,3,114,2.63
2026-05-14,"Technology ex-Semis",30,16,2,10,32,26,6,384,1.56
2026-05-14,"Utilities",10,7,2,3,12,10,2,120,1.67
2026-05-15,"Communication/Media",20,28,2,15,22,43,-21,341,-6.16
2026-05-15,"Consumer Discretionary",29,41,4,24,33,65,-32,553,-5.79
2026-05-15,"Consumer Staples",8,17,4,11,12,28,-16,221,-7.24
2026-05-15,"Energy",14,7,13,1,27,8,19,270,7.04
2026-05-15,"Financials",42,68,6,64,48,132,-84,891,-9.43
2026-05-15,"Healthcare",37,142,8,59,45,201,-156,1068,-14.61
2026-05-15,"Industrials",40,80,8,36,48,116,-68,892,-7.62
2026-05-15,"Materials",5,36,1,25,6,61,-55,272,-20.22
2026-05-15,"Real Estate",16,23,1,29,17,52,-35,291,-12.03
2026-05-15,"Semiconductors",6,11,1,3,7,14,-7,114,-6.14
2026-05-15,"Technology ex-Semis",33,28,3,14,36,42,-6,384,-1.56
2026-05-15,"Utilities",0,18,1,17,1,35,-34,120,-28.33
2026-05-18,"Communication/Media",35,25,6,13,41,38,3,341,0.88
2026-05-18,"Consumer Discretionary",49,25,9,16,58,41,17,553,3.07
2026-05-18,"Consumer Staples",30,8,3,4,33,12,21,221,9.50
2026-05-18,"Energy",16,8,24,6,40,14,26,270,9.63
2026-05-18,"Financials",170,40,8,25,178,65,113,891,12.68
2026-05-18,"Healthcare",73,92,10,63,83,155,-72,1068,-6.74
2026-05-18,"Industrials",86,68,20,38,106,106,0,892,0.00
2026-05-18,"Materials",8,29,1,22,9,51,-42,272,-15.44
2026-05-18,"Real Estate",52,13,5,5,57,18,39,291,13.40
2026-05-18,"Semiconductors",1,21,3,2,4,23,-19,114,-16.67
2026-05-18,"Technology ex-Semis",51,19,5,17,56,36,20,384,5.21
2026-05-18,"Utilities",19,3,2,7,21,10,11,120,9.17
2026-05-19,"Communication/Media",19,25,1,10,20,35,-15,341,-4.40
2026-05-19,"Consumer Discretionary",39,38,12,18,51,56,-5,553,-0.90
2026-05-19,"Consumer Staples",20,18,3,4,23,22,1,221,0.45
2026-05-19,"Energy",12,21,6,2,18,23,-5,270,-1.85
2026-05-19,"Financials",46,78,10,12,56,90,-34,891,-3.82
2026-05-19,"Healthcare",81,46,10,41,91,87,4,1068,0.37
2026-05-19,"Industrials",57,54,12,45,69,99,-30,892,-3.36
2026-05-19,"Materials",12,7,4,53,16,60,-44,272,-16.18
2026-05-19,"Real Estate",21,16,9,7,30,23,7,291,2.41
2026-05-19,"Semiconductors",8,3,0,8,8,11,-3,114,-2.63
2026-05-19,"Technology ex-Semis",19,38,18,12,37,50,-13,384,-3.39
2026-05-19,"Utilities",15,0,1,1,16,1,15,120,12.50
2026-05-20,"Communication/Media",45,13,2,7,47,20,27,341,7.92
2026-05-20,"Consumer Discretionary",131,15,6,12,137,27,110,553,19.89
2026-05-20,"Consumer Staples",38,7,6,5,44,12,32,221,14.48
2026-05-20,"Energy",7,47,3,3,10,50,-40,270,-14.81
2026-05-20,"Financials",202,33,22,16,224,49,175,891,19.64
2026-05-20,"Healthcare",196,25,23,12,219,37,182,1068,17.04
2026-05-20,"Industrials",178,10,12,17,190,27,163,892,18.27
2026-05-20,"Materials",81,4,0,8,81,12,69,272,25.37
2026-05-20,"Real Estate",83,3,7,2,90,5,85,291,29.21
2026-05-20,"Semiconductors",14,3,2,0,16,3,13,114,11.40
2026-05-20,"Technology ex-Semis",59,12,7,2,66,14,52,384,13.54
2026-05-20,"Utilities",18,10,2,0,20,10,10,120,8.33
2026-05-21,"Communication/Media",40,11,6,7,46,18,28,341,8.21
2026-05-21,"Consumer Discretionary",87,12,15,11,102,23,79,553,14.29
2026-05-21,"Consumer Staples",45,5,2,1,47,6,41,221,18.55
2026-05-21,"Energy",13,43,1,6,14,49,-35,270,-12.96
2026-05-21,"Financials",128,22,8,16,136,38,98,891,11.00
2026-05-21,"Healthcare",142,26,20,12,162,38,124,1068,11.61
2026-05-21,"Industrials",140,36,17,11,157,47,110,892,12.33
2026-05-21,"Materials",36,2,2,4,38,6,32,272,11.76
2026-05-21,"Real Estate",39,8,6,3,45,11,34,291,11.68
2026-05-21,"Semiconductors",6,3,5,1,11,4,7,114,6.14
2026-05-21,"Technology ex-Semis",32,7,7,6,39,13,26,384,6.77
2026-05-21,"Utilities",22,2,2,3,24,5,19,120,15.83
2026-05-22,"Communication/Media",30,19,10,7,40,26,14,341,4.11
2026-05-22,"Consumer Discretionary",26,50,28,9,54,59,-5,553,-0.90
2026-05-22,"Consumer Staples",17,19,5,1,22,20,2,221,0.90
2026-05-22,"Energy",28,13,0,3,28,16,12,270,4.44
2026-05-22,"Financials",31,104,25,9,56,113,-57,891,-6.40
2026-05-22,"Healthcare",53,117,28,8,81,125,-44,1068,-4.12
2026-05-22,"Industrials",65,46,26,8,91,54,37,892,4.15
2026-05-22,"Materials",16,11,2,4,18,15,3,272,1.10
2026-05-22,"Real Estate",13,24,4,5,17,29,-12,291,-4.12
2026-05-22,"Semiconductors",4,6,6,1,10,7,3,114,2.63
2026-05-22,"Technology ex-Semis",22,40,17,1,39,41,-2,384,-0.52
2026-05-22,"Utilities",7,7,2,0,9,7,2,120,1.67
2026-05-26,"Communication/Media",23,24,12,6,35,30,5,341,1.47
2026-05-26,"Consumer Discretionary",32,40,23,1,55,41,14,553,2.53
2026-05-26,"Consumer Staples",10,24,3,1,13,25,-12,221,-5.43
2026-05-26,"Energy",10,24,3,16,13,40,-27,270,-10.00
2026-05-26,"Financials",50,51,45,12,95,63,32,891,3.59
2026-05-26,"Healthcare",53,94,24,15,77,109,-32,1068,-3.00
2026-05-26,"Industrials",64,69,60,7,124,76,48,892,5.38
2026-05-26,"Materials",33,9,15,1,48,10,38,272,13.97
2026-05-26,"Real Estate",23,23,19,1,42,24,18,291,6.19
2026-05-26,"Semiconductors",2,4,5,0,7,4,3,114,2.63
2026-05-26,"Technology ex-Semis",25,27,13,2,38,29,9,384,2.34
2026-05-26,"Utilities",8,14,4,1,12,15,-3,120,-2.50
2026-05-27,"Communication/Media",16,26,8,1,24,27,-3,341,-0.88
2026-05-27,"Consumer Discretionary",40,53,41,5,81,58,23,553,4.16
2026-05-27,"Consumer Staples",12,26,14,3,26,29,-3,221,-1.36
2026-05-27,"Energy",10,20,0,35,10,55,-45,270,-16.67
2026-05-27,"Financials",22,141,27,13,49,154,-105,891,-11.78
2026-05-27,"Healthcare",51,88,36,11,87,99,-12,1068,-1.12
2026-05-27,"Industrials",27,76,32,5,59,81,-22,892,-2.47
2026-05-27,"Materials",13,19,9,2,22,21,1,272,0.37
2026-05-27,"Real Estate",10,47,11,2,21,49,-28,291,-9.62
2026-05-27,"Semiconductors",1,20,5,0,6,20,-14,114,-12.28
2026-05-27,"Technology ex-Semis",17,47,11,3,28,50,-22,384,-5.73
2026-05-27,"Utilities",5,14,3,1,8,15,-7,120,-5.83
2026-05-28,"Communication/Media",23,19,10,5,33,24,9,341,2.64
2026-05-28,"Consumer Discretionary",28,28,27,9,55,37,18,553,3.25
2026-05-28,"Consumer Staples",17,18,2,4,19,22,-3,221,-1.36
2026-05-28,"Energy",21,9,2,17,23,26,-3,270,-1.11
2026-05-28,"Financials",70,49,15,24,85,73,12,891,1.35
2026-05-28,"Healthcare",78,50,45,7,123,57,66,1068,6.18
2026-05-28,"Industrials",55,44,32,18,87,62,25,892,2.80
2026-05-28,"Materials",43,2,15,1,58,3,55,272,20.22
2026-05-28,"Real Estate",24,17,2,2,26,19,7,291,2.41
2026-05-28,"Semiconductors",4,2,2,1,6,3,3,114,2.63
2026-05-28,"Technology ex-Semis",26,19,20,2,46,21,25,384,6.51
2026-05-28,"Utilities",4,20,2,0,6,20,-14,120,-11.67
2026-05-29,"Communication/Media",13,21,10,4,23,25,-2,341,-0.59
2026-05-29,"Consumer Discretionary",22,73,15,9,37,82,-45,553,-8.14
2026-05-29,"Consumer Staples",9,35,1,2,10,37,-27,221,-12.22
2026-05-29,"Energy",10,10,1,26,11,36,-25,270,-9.26
2026-05-29,"Financials",25,111,21,30,46,141,-95,891,-10.66
2026-05-29,"Healthcare",53,92,32,11,85,103,-18,1068,-1.69
2026-05-29,"Industrials",25,83,20,13,45,96,-51,892,-5.72
2026-05-29,"Materials",15,25,8,1,23,26,-3,272,-1.10
2026-05-29,"Real Estate",9,69,2,10,11,79,-68,291,-23.37
2026-05-29,"Semiconductors",1,20,0,0,1,20,-19,114,-16.67
2026-05-29,"Technology ex-Semis",25,19,23,3,48,22,26,384,6.77
2026-05-29,"Utilities",3,9,2,4,5,13,-8,120,-6.67
2026-06-01,"Communication/Media",30,25,12,7,42,32,10,341,2.93
2026-06-01,"Consumer Discretionary",43,32,18,10,61,42,19,553,3.44
2026-06-01,"Consumer Staples",22,15,6,9,28,24,4,221,1.81
2026-06-01,"Energy",23,8,7,5,30,13,17,270,6.30
2026-06-01,"Financials",64,65,10,37,74,102,-28,891,-3.14
2026-06-01,"Healthcare",37,113,15,29,52,142,-90,1068,-8.43
2026-06-01,"Industrials",80,61,27,19,107,80,27,892,3.03
2026-06-01,"Materials",22,10,6,6,28,16,12,272,4.41
2026-06-01,"Real Estate",20,33,7,17,27,50,-23,291,-7.90
2026-06-01,"Semiconductors",8,6,0,1,8,7,1,114,0.88
2026-06-01,"Technology ex-Semis",26,15,34,1,60,16,44,384,11.46
2026-06-01,"Utilities",3,6,0,19,3,25,-22,120,-18.33
2026-06-02,"Communication/Media",20,37,8,5,28,42,-14,341,-4.11
2026-06-02,"Consumer Discretionary",19,62,15,10,34,72,-38,553,-6.87
2026-06-02,"Consumer Staples",9,22,2,2,11,24,-13,221,-5.88
2026-06-02,"Energy",47,12,4,1,51,13,38,270,14.07
2026-06-02,"Financials",101,54,18,11,119,65,54,891,6.06
2026-06-02,"Healthcare",44,127,12,58,56,185,-129,1068,-12.08
2026-06-02,"Industrials",62,92,24,8,86,100,-14,892,-1.57
2026-06-02,"Materials",10,8,12,3,22,11,11,272,4.04
2026-06-02,"Real Estate",21,24,5,11,26,35,-9,291,-3.09
2026-06-02,"Semiconductors",8,6,2,0,10,6,4,114,3.51
2026-06-02,"Technology ex-Semis",9,49,4,3,13,52,-39,384,-10.16
2026-06-02,"Utilities",23,8,1,1,24,9,15,120,12.50
2026-06-03,"Communication/Media",19,61,3,11,22,72,-50,341,-14.66
2026-06-03,"Consumer Discretionary",34,55,7,20,41,75,-34,553,-6.15
2026-06-03,"Consumer Staples",17,22,4,9,21,31,-10,221,-4.52
2026-06-03,"Energy",7,34,6,2,13,36,-23,270,-8.52
2026-06-03,"Financials",35,151,5,52,40,203,-163,891,-18.29
2026-06-03,"Healthcare",74,85,12,29,86,114,-28,1068,-2.62
2026-06-03,"Industrials",39,120,21,14,60,134,-74,892,-8.30
2026-06-03,"Materials",2,76,1,7,3,83,-80,272,-29.41
2026-06-03,"Real Estate",10,35,3,7,13,42,-29,291,-9.97
2026-06-03,"Semiconductors",0,14,4,0,4,14,-10,114,-8.77
2026-06-03,"Technology ex-Semis",7,111,2,9,9,120,-111,384,-28.91
2026-06-03,"Utilities",1,30,3,1,4,31,-27,120,-22.50
2026-06-04,"Communication/Media",28,18,3,8,31,26,5,341,1.47
2026-06-04,"Consumer Discretionary",38,58,6,3,44,61,-17,553,-3.07
2026-06-04,"Consumer Staples",21,15,2,12,23,27,-4,221,-1.81
2026-06-04,"Energy",49,8,4,3,53,11,42,270,15.56
2026-06-04,"Financials",159,35,30,14,189,49,140,891,15.71
2026-06-04,"Healthcare",111,74,46,14,157,88,69,1068,6.46
2026-06-04,"Industrials",74,52,21,11,95,63,32,892,3.59
2026-06-04,"Materials",16,24,1,3,17,27,-10,272,-3.68
2026-06-04,"Real Estate",36,11,8,7,44,18,26,291,8.93
2026-06-04,"Semiconductors",10,1,0,2,10,3,7,114,6.14
2026-06-04,"Technology ex-Semis",18,38,8,5,26,43,-17,384,-4.43
2026-06-04,"Utilities",20,3,0,1,20,4,16,120,13.33
2026-06-05,"Communication/Media",16,38,1,20,17,58,-41,341,-12.02
2026-06-05,"Consumer Discretionary",31,63,6,26,37,89,-52,553,-9.40
2026-06-05,"Consumer Staples",15,22,11,6,26,28,-2,221,-0.90
2026-06-05,"Energy",8,46,2,15,10,61,-51,270,-18.89
2026-06-05,"Financials",74,87,59,18,133,105,28,891,3.14
2026-06-05,"Healthcare",27,150,17,62,44,212,-168,1068,-15.73
2026-06-05,"Industrials",27,175,18,37,45,212,-167,892,-18.72
2026-06-05,"Materials",10,33,1,48,11,81,-70,272,-25.74
2026-06-05,"Real Estate",25,27,7,4,32,31,1,291,0.34
2026-06-05,"Semiconductors",0,46,1,16,1,62,-61,114,-53.51
2026-06-05,"Technology ex-Semis",6,62,3,28,9,90,-81,384,-21.09
2026-06-05,"Utilities",12,6,6,5,18,11,7,120,5.83
2026-06-08,"Communication/Media",20,30,5,9,25,39,-14,341,-4.11
2026-06-08,"Consumer Discretionary",42,42,22,14,64,56,8,553,1.45
2026-06-08,"Consumer Staples",17,22,3,3,20,25,-5,221,-2.26
2026-06-08,"Energy",26,23,7,3,33,26,7,270,2.59
2026-06-08,"Financials",32,80,37,17,69,97,-28,891,-3.14
2026-06-08,"Healthcare",51,82,17,18,68,100,-32,1068,-3.00
2026-06-08,"Industrials",41,93,19,20,60,113,-53,892,-5.94
2026-06-08,"Materials",9,18,9,7,18,25,-7,272,-2.57
2026-06-08,"Real Estate",9,55,5,8,14,63,-49,291,-16.84
2026-06-08,"Semiconductors",4,1,0,0,4,1,3,114,2.63
2026-06-08,"Technology ex-Semis",25,22,4,10,29,32,-3,384,-0.78
2026-06-08,"Utilities",4,27,1,2,5,29,-24,120,-20.00
2026-06-09,"Communication/Media",19,22,13,12,32,34,-2,341,-0.59
2026-06-09,"Consumer Discretionary",33,43,37,14,70,57,13,553,2.35
2026-06-09,"Consumer Staples",25,8,16,5,41,13,28,221,12.67
2026-06-09,"Energy",18,15,1,22,19,37,-18,270,-6.67
2026-06-09,"Financials",73,83,76,10,149,93,56,891,6.29
2026-06-09,"Healthcare",89,42,28,36,117,78,39,1068,3.65
2026-06-09,"Industrials",56,50,43,44,99,94,5,892,0.56
2026-06-09,"Materials",14,3,3,15,17,18,-1,272,-0.37
2026-06-09,"Real Estate",40,10,27,4,67,14,53,291,18.21
2026-06-09,"Semiconductors",7,8,5,13,12,21,-9,114,-7.89
2026-06-09,"Technology ex-Semis",17,20,5,34,22,54,-32,384,-8.33
2026-06-09,"Utilities",10,2,2,4,12,6,6,120,5.00
2026-06-10,"Communication/Media",25,21,9,6,34,27,7,341,2.05
2026-06-10,"Consumer Discretionary",31,78,19,10,50,88,-38,553,-6.87
2026-06-10,"Consumer Staples",12,26,19,5,31,31,0,221,0.00
2026-06-10,"Energy",23,25,5,1,28,26,2,270,0.74
2026-06-10,"Financials",33,93,47,4,80,97,-17,891,-1.91
2026-06-10,"Healthcare",32,125,25,16,57,141,-84,1068,-7.87
2026-06-10,"Industrials",19,148,23,20,42,168,-126,892,-14.13
2026-06-10,"Materials",4,27,5,8,9,35,-26,272,-9.56
2026-06-10,"Real Estate",8,47,9,1,17,48,-31,291,-10.65
2026-06-10,"Semiconductors",1,15,0,1,1,16,-15,114,-13.16
2026-06-10,"Technology ex-Semis",17,14,5,5,22,19,3,384,0.78
2026-06-10,"Utilities",4,10,4,2,8,12,-4,120,-3.33
2026-06-11,"Communication/Media",62,15,9,8,71,23,48,341,14.08
2026-06-11,"Consumer Discretionary",86,17,28,15,114,32,82,553,14.83
2026-06-11,"Consumer Staples",27,13,13,3,40,16,24,221,10.86
2026-06-11,"Energy",15,50,4,5,19,55,-36,270,-13.33
2026-06-11,"Financials",110,64,18,13,128,77,51,891,5.72
2026-06-11,"Healthcare",175,35,23,15,198,50,148,1068,13.86
2026-06-11,"Industrials",201,32,34,14,235,46,189,892,21.19
2026-06-11,"Materials",109,5,7,1,116,6,110,272,40.44
2026-06-11,"Real Estate",21,30,3,4,24,34,-10,291,-3.44
2026-06-11,"Semiconductors",60,0,2,2,62,2,60,114,52.63
2026-06-11,"Technology ex-Semis",85,5,4,14,89,19,70,384,18.23
2026-06-11,"Utilities",12,28,3,1,15,29,-14,120,-11.67
2026-06-12,"Communication/Media",17,27,8,7,25,34,-9,341,-2.64
2026-06-12,"Consumer Discretionary",16,67,24,4,40,71,-31,553,-5.61
2026-06-12,"Consumer Staples",13,23,7,0,20,23,-3,221,-1.36
2026-06-12,"Energy",35,11,8,6,43,17,26,270,9.63
2026-06-12,"Financials",40,55,45,6,85,61,24,891,2.69
2026-06-12,"Healthcare",63,117,20,8,83,125,-42,1068,-3.93
2026-06-12,"Industrials",47,94,26,13,73,107,-34,892,-3.81
2026-06-12,"Materials",45,14,14,0,59,14,45,272,16.54
2026-06-12,"Real Estate",11,16,8,4,19,20,-1,291,-0.34
2026-06-12,"Semiconductors",10,2,9,0,19,2,17,114,14.91
2026-06-12,"Technology ex-Semis",33,37,2,6,35,43,-8,384,-2.08
2026-06-12,"Utilities",10,2,5,2,15,4,11,120,9.17
2026-06-15,"Communication/Media",17,46,11,5,28,51,-23,341,-6.74
2026-06-15,"Consumer Discretionary",20,96,24,11,44,107,-63,553,-11.39
2026-06-15,"Consumer Staples",5,39,5,4,10,43,-33,221,-14.93
2026-06-15,"Energy",13,31,6,34,19,65,-46,270,-17.04
2026-06-15,"Financials",29,259,31,18,60,277,-217,891,-24.35
2026-06-15,"Healthcare",53,106,29,16,82,122,-40,1068,-3.75
2026-06-15,"Industrials",28,153,64,9,92,162,-70,892,-7.85
2026-06-15,"Materials",5,40,22,4,27,44,-17,272,-6.25
2026-06-15,"Real Estate",10,60,15,7,25,67,-42,291,-14.43
2026-06-15,"Semiconductors",6,11,7,0,13,11,2,114,1.75
2026-06-15,"Technology ex-Semis",14,44,10,2,24,46,-22,384,-5.73
2026-06-15,"Utilities",13,8,5,2,18,10,8,120,6.67
2026-06-16,"Communication/Media",21,35,7,9,28,44,-16,341,-4.69
2026-06-16,"Consumer Discretionary",25,68,9,13,34,81,-47,553,-8.50
2026-06-16,"Consumer Staples",6,19,2,2,8,21,-13,221,-5.88
2026-06-16,"Energy",12,14,1,13,13,27,-14,270,-5.19
2026-06-16,"Financials",36,86,20,7,56,93,-37,891,-4.15
2026-06-16,"Healthcare",48,93,19,12,67,105,-38,1068,-3.56
2026-06-16,"Industrials",36,100,24,16,60,116,-56,892,-6.28
2026-06-16,"Materials",9,19,7,5,16,24,-8,272,-2.94
2026-06-16,"Real Estate",14,29,4,5,18,34,-16,291,-5.50
2026-06-16,"Semiconductors",1,27,1,1,2,28,-26,114,-22.81
2026-06-16,"Technology ex-Semis",11,25,8,5,19,30,-11,384,-2.86
2026-06-16,"Utilities",0,11,10,1,10,12,-2,120,-1.67
2026-06-17,"Communication/Media",13,34,5,15,18,49,-31,341,-9.09
2026-06-17,"Consumer Discretionary",15,88,3,8,18,96,-78,553,-14.10
2026-06-17,"Consumer Staples",5,40,1,8,6,48,-42,221,-19.00
2026-06-17,"Energy",7,12,2,15,9,27,-18,270,-6.67
2026-06-17,"Financials",22,155,21,12,43,167,-124,891,-13.92
2026-06-17,"Healthcare",56,90,38,23,94,113,-19,1068,-1.78
2026-06-17,"Industrials",21,107,15,20,36,127,-91,892,-10.20
2026-06-17,"Materials",2,52,15,1,17,53,-36,272,-13.24
2026-06-17,"Real Estate",7,55,5,14,12,69,-57,291,-19.59
2026-06-17,"Semiconductors",1,5,1,1,2,6,-4,114,-3.51
2026-06-17,"Technology ex-Semis",6,22,2,13,8,35,-27,384,-7.03
2026-06-17,"Utilities",2,24,0,6,2,30,-28,120,-23.33
2026-06-18,"Communication/Media",18,22,3,10,21,32,-11,341,-3.23
2026-06-18,"Consumer Discretionary",39,34,6,10,45,44,1,553,0.18
2026-06-18,"Consumer Staples",8,20,6,5,14,25,-11,221,-4.98
2026-06-18,"Energy",50,4,1,16,51,20,31,270,11.48
2026-06-18,"Financials",40,79,12,10,52,89,-37,891,-4.15
2026-06-18,"Healthcare",103,90,26,22,129,112,17,1068,1.59
2026-06-18,"Industrials",63,46,17,28,80,74,6,892,0.67
2026-06-18,"Materials",14,25,1,7,15,32,-17,272,-6.25
2026-06-18,"Real Estate",11,23,4,11,15,34,-19,291,-6.53
2026-06-18,"Semiconductors",6,5,5,3,11,8,3,114,2.63
2026-06-18,"Technology ex-Semis",44,17,1,29,45,46,-1,384,-0.26
2026-06-18,"Utilities",8,5,1,2,9,7,2,120,1.67
2026-06-22,"Communication/Media",17,26,6,12,23,38,-15,341,-4.40
2026-06-22,"Consumer Discretionary",21,74,5,22,26,96,-70,553,-12.66
2026-06-22,"Consumer Staples",3,37,1,5,4,42,-38,221,-17.19
2026-06-22,"Energy",51,10,6,4,57,14,43,270,15.93
2026-06-22,"Financials",31,118,12,15,43,133,-90,891,-10.10
2026-06-22,"Healthcare",43,108,46,20,89,128,-39,1068,-3.65
2026-06-22,"Industrials",31,76,17,28,48,104,-56,892,-6.28
2026-06-22,"Materials",10,15,1,8,11,23,-12,272,-4.41
2026-06-22,"Real Estate",22,28,6,12,28,40,-12,291,-4.12
2026-06-22,"Semiconductors",0,10,5,1,5,11,-6,114,-5.26
2026-06-22,"Technology ex-Semis",15,32,4,13,19,45,-26,384,-6.77
2026-06-22,"Utilities",4,14,0,1,4,15,-11,120,-9.17
2026-06-23,"Communication/Media",48,16,5,13,53,29,24,341,7.04
2026-06-23,"Consumer Discretionary",56,24,1,20,57,44,13,553,2.35
2026-06-23,"Consumer Staples",25,9,1,1,26,10,16,221,7.24
2026-06-23,"Energy",29,9,7,5,36,14,22,270,8.15
2026-06-23,"Financials",66,47,24,22,90,69,21,891,2.36
2026-06-23,"Healthcare",74,77,26,22,100,99,1,1068,0.09
2026-06-23,"Industrials",59,92,11,23,70,115,-45,892,-5.04
2026-06-23,"Materials",10,20,0,17,10,37,-27,272,-9.93
2026-06-23,"Real Estate",45,12,2,5,47,17,30,291,10.31
2026-06-23,"Semiconductors",2,18,0,6,2,24,-22,114,-19.30
2026-06-23,"Technology ex-Semis",35,20,4,10,39,30,9,384,2.34
2026-06-23,"Utilities",13,4,2,3,15,7,8,120,6.67
2026-06-24,"Communication/Media",25,30,3,11,28,41,-13,341,-3.81
2026-06-24,"Consumer Discretionary",50,41,19,12,69,53,16,553,2.89
2026-06-24,"Consumer Staples",14,17,10,1,24,18,6,221,2.71
2026-06-24,"Energy",14,17,0,11,14,28,-14,270,-5.19
2026-06-24,"Financials",29,86,50,29,79,115,-36,891,-4.04
2026-06-24,"Healthcare",39,117,60,18,99,135,-36,1068,-3.37
2026-06-24,"Industrials",49,82,17,28,66,110,-44,892,-4.93
2026-06-24,"Materials",18,9,0,40,18,49,-31,272,-11.40
2026-06-24,"Real Estate",12,35,11,3,23,38,-15,291,-5.15
2026-06-24,"Semiconductors",1,6,0,9,1,15,-14,114,-12.28
2026-06-24,"Technology ex-Semis",25,30,3,10,28,40,-12,384,-3.13
2026-06-24,"Utilities",8,4,11,3,19,7,12,120,10.00
2026-06-25,"Communication/Media",11,24,4,15,15,39,-24,341,-7.04
2026-06-25,"Consumer Discretionary",27,42,16,18,43,60,-17,553,-3.07
2026-06-25,"Consumer Staples",6,19,5,3,11,22,-11,221,-4.98
2026-06-25,"Energy",54,10,9,3,63,13,50,270,18.52
2026-06-25,"Financials",24,91,27,19,51,110,-59,891,-6.62
2026-06-25,"Healthcare",30,141,36,19,66,160,-94,1068,-8.80
2026-06-25,"Industrials",38,63,21,20,59,83,-24,892,-2.69
2026-06-25,"Materials",19,7,3,8,22,15,7,272,2.57
2026-06-25,"Real Estate",18,23,7,9,25,32,-7,291,-2.41
2026-06-25,"Semiconductors",3,11,0,7,3,18,-15,114,-13.16
2026-06-25,"Technology ex-Semis",17,27,4,19,21,46,-25,384,-6.51
2026-06-25,"Utilities",4,6,9,3,13,9,4,120,3.33
2026-06-26,"Communication/Media",53,7,11,5,64,12,52,341,15.25
2026-06-26,"Consumer Discretionary",74,12,17,8,91,20,71,553,12.84
2026-06-26,"Consumer Staples",22,7,12,5,34,12,22,221,9.95
2026-06-26,"Energy",31,9,5,9,36,18,18,270,6.67
2026-06-26,"Financials",80,19,38,16,118,35,83,891,9.32
2026-06-26,"Healthcare",108,46,50,21,158,67,91,1068,8.52
2026-06-26,"Industrials",83,62,14,30,97,92,5,892,0.56
2026-06-26,"Materials",33,7,2,5,35,12,23,272,8.46
2026-06-26,"Real Estate",37,12,37,10,74,22,52,291,17.87
2026-06-26,"Semiconductors",8,8,1,10,9,18,-9,114,-7.89
2026-06-26,"Technology ex-Semis",91,3,7,9,98,12,86,384,22.40
2026-06-26,"Utilities",8,4,10,1,18,5,13,120,10.83
2026-06-29,"Communication/Media",41,18,20,5,61,23,38,341,11.14
2026-06-29,"Consumer Discretionary",35,37,6,8,41,45,-4,553,-0.72
2026-06-29,"Consumer Staples",17,15,7,5,24,20,4,221,1.81
2026-06-29,"Energy",9,26,9,3,18,29,-11,270,-4.07
2026-06-29,"Financials",57,46,21,12,78,58,20,891,2.24
2026-06-29,"Healthcare",66,75,46,22,112,97,15,1068,1.40
2026-06-29,"Industrials",79,48,20,20,99,68,31,892,3.48
2026-06-29,"Materials",29,11,1,9,30,20,10,272,3.68
2026-06-29,"Real Estate",23,12,6,5,29,17,12,291,4.12
2026-06-29,"Semiconductors",34,1,1,3,35,4,31,114,27.19
2026-06-29,"Technology ex-Semis",20,27,9,6,29,33,-4,384,-1.04
2026-06-29,"Utilities",7,15,3,0,10,15,-5,120,-4.17
2026-06-30,"Communication/Media",18,28,10,3,28,31,-3,341,-0.88
2026-06-30,"Consumer Discretionary",49,45,7,17,56,62,-6,553,-1.08
2026-06-30,"Consumer Staples",10,22,7,4,17,26,-9,221,-4.07
2026-06-30,"Energy",11,21,2,2,13,23,-10,270,-3.70
2026-06-30,"Financials",46,84,13,9,59,93,-34,891,-3.82
2026-06-30,"Healthcare",37,140,34,12,71,152,-81,1068,-7.58
2026-06-30,"Industrials",78,62,22,9,100,71,29,892,3.25
2026-06-30,"Materials",28,12,4,9,32,21,11,272,4.04
2026-06-30,"Real Estate",10,57,8,8,18,65,-47,291,-16.15
2026-06-30,"Semiconductors",32,2,4,1,36,3,33,114,28.95
2026-06-30,"Technology ex-Semis",43,12,6,2,49,14,35,384,9.11
2026-06-30,"Utilities",3,25,2,2,5,27,-22,120,-18.33
2026-07-01,"Communication/Media",25,32,13,4,38,36,2,341,0.59
2026-07-01,"Consumer Discretionary",48,62,23,6,71,68,3,553,0.54
2026-07-01,"Consumer Staples",14,16,7,3,21,19,2,221,0.90
2026-07-01,"Energy",12,21,1,4,13,25,-12,270,-4.44
2026-07-01,"Financials",71,52,36,10,107,62,45,891,5.05
2026-07-01,"Healthcare",47,157,45,6,92,163,-71,1068,-6.65
2026-07-01,"Industrials",41,133,26,11,67,144,-77,892,-8.63
2026-07-01,"Materials",9,31,3,1,12,32,-20,272,-7.35
2026-07-01,"Real Estate",25,28,9,12,34,40,-6,291,-2.06
2026-07-01,"Semiconductors",0,15,1,2,1,17,-16,114,-14.04
2026-07-01,"Technology ex-Semis",21,23,23,6,44,29,15,384,3.91
2026-07-01,"Utilities",6,22,1,2,7,24,-17,120,-14.17
2026-07-02,"Communication/Media",17,42,10,7,27,49,-22,341,-6.45
2026-07-02,"Consumer Discretionary",29,44,9,11,38,55,-17,553,-3.07
2026-07-02,"Consumer Staples",16,15,5,3,21,18,3,221,1.36
2026-07-02,"Energy",27,18,3,6,30,24,6,270,2.22
2026-07-02,"Financials",30,222,33,5,63,227,-164,891,-18.41
2026-07-02,"Healthcare",54,102,59,10,113,112,1,1068,0.09
2026-07-02,"Industrials",35,100,10,34,45,134,-89,892,-9.98
2026-07-02,"Materials",15,11,1,4,16,15,1,272,0.37
2026-07-02,"Real Estate",17,21,7,1,24,22,2,291,0.69
2026-07-02,"Semiconductors",1,7,0,11,1,18,-17,114,-14.91
2026-07-02,"Technology ex-Semis",3,45,19,11,22,56,-34,384,-8.85
2026-07-02,"Utilities",9,6,2,5,11,11,0,120,0.00
2026-07-06,"Communication/Media",15,27,6,4,21,31,-10,341,-2.93
2026-07-06,"Consumer Discretionary",40,47,10,11,50,58,-8,553,-1.45
2026-07-06,"Consumer Staples",7,19,2,4,9,23,-14,221,-6.33
2026-07-06,"Energy",14,24,2,4,16,28,-12,270,-4.44
2026-07-06,"Financials",49,66,12,5,61,71,-10,891,-1.12
2026-07-06,"Healthcare",44,114,44,7,88,121,-33,1068,-3.09
2026-07-06,"Industrials",62,53,20,14,82,67,15,892,1.68
2026-07-06,"Materials",23,22,4,4,27,26,1,272,0.37
2026-07-06,"Real Estate",11,40,7,1,18,41,-23,291,-7.90
2026-07-06,"Semiconductors",0,13,3,0,3,13,-10,114,-8.77
2026-07-06,"Technology ex-Semis",22,21,12,4,34,25,9,384,2.34
2026-07-06,"Utilities",11,17,1,0,12,17,-5,120,-4.17
2026-07-07,"Communication/Media",11,63,5,4,16,67,-51,341,-14.96
2026-07-07,"Consumer Discretionary",29,66,7,12,36,78,-42,553,-7.59
2026-07-07,"Consumer Staples",10,40,9,0,19,40,-21,221,-9.50
2026-07-07,"Energy",49,7,4,6,53,13,40,270,14.81
2026-07-07,"Financials",23,181,18,10,41,191,-150,891,-16.84
2026-07-07,"Healthcare",47,115,36,14,83,129,-46,1068,-4.31
2026-07-07,"Industrials",47,96,13,60,60,156,-96,892,-10.76
2026-07-07,"Materials",13,42,1,11,14,53,-39,272,-14.34
2026-07-07,"Real Estate",9,44,16,3,25,47,-22,291,-7.56
2026-07-07,"Semiconductors",12,1,0,15,12,16,-4,114,-3.51
2026-07-07,"Technology ex-Semis",11,61,20,12,31,73,-42,384,-10.94
2026-07-07,"Utilities",3,27,3,3,6,30,-24,120,-20.00
2026-07-08,"Communication/Media",34,24,4,4,38,28,10,341,2.93
2026-07-08,"Consumer Discretionary",34,41,4,15,38,56,-18,553,-3.25
2026-07-08,"Consumer Staples",12,36,1,5,13,41,-28,221,-12.67
2026-07-08,"Energy",29,7,13,0,42,7,35,270,12.96
2026-07-08,"Financials",31,130,4,17,35,147,-112,891,-12.57
2026-07-08,"Healthcare",54,102,12,16,66,118,-52,1068,-4.87
2026-07-08,"Industrials",109,49,8,33,117,82,35,892,3.92
2026-07-08,"Materials",23,15,2,19,25,34,-9,272,-3.31
2026-07-08,"Real Estate",10,35,3,10,13,45,-32,291,-11.00
2026-07-08,"Semiconductors",34,0,1,3,35,3,32,114,28.07
2026-07-08,"Technology ex-Semis",49,34,2,8,51,42,9,384,2.34
2026-07-08,"Utilities",9,22,1,2,10,24,-14,120,-11.67
2026-07-09,"Communication/Media",33,14,4,6,37,20,17,341,4.99
2026-07-09,"Consumer Discretionary",70,20,4,13,74,33,41,553,7.41
2026-07-09,"Consumer Staples",19,17,0,5,19,22,-3,221,-1.36
2026-07-09,"Energy",12,34,2,0,14,34,-20,270,-7.41
2026-07-09,"Financials",116,24,5,8,121,32,89,891,9.99
2026-07-09,"Healthcare",67,74,11,11,78,85,-7,1068,-0.66
2026-07-09,"Industrials",73,50,9,11,82,61,21,892,2.35
2026-07-09,"Materials",36,9,2,0,38,9,29,272,10.66
2026-07-09,"Real Estate",27,20,0,4,27,24,3,291,1.03
2026-07-09,"Semiconductors",4,12,0,0,4,12,-8,114,-7.02
2026-07-09,"Technology ex-Semis",32,12,6,3,38,15,23,384,5.99
2026-07-09,"Utilities",6,14,2,2,8,16,-8,120,-6.67
2026-07-10,"Communication/Media",18,30,11,9,29,39,-10,341,-2.93
2026-07-10,"Consumer Discretionary",40,38,15,5,55,43,12,553,2.17
2026-07-10,"Consumer Staples",17,14,0,1,17,15,2,221,0.90
2026-07-10,"Energy",15,16,1,4,16,20,-4,270,-1.48
2026-07-10,"Financials",38,72,16,5,54,77,-23,891,-2.58
2026-07-10,"Healthcare",58,98,11,12,69,110,-41,1068,-3.84
2026-07-10,"Industrials",75,57,10,7,85,64,21,892,2.35
2026-07-10,"Materials",26,11,0,1,26,12,14,272,5.15
2026-07-10,"Real Estate",31,21,0,5,31,26,5,291,1.72
2026-07-10,"Semiconductors",11,6,1,0,12,6,6,114,5.26
2026-07-10,"Technology ex-Semis",12,72,15,2,27,74,-47,384,-12.24
2026-07-10,"Utilities",11,4,3,0,14,4,10,120,8.33
2026-07-13,"Communication/Media",10,42,9,7,19,49,-30,341,-8.80
2026-07-13,"Consumer Discretionary",17,73,9,12,26,85,-59,553,-10.67
2026-07-13,"Consumer Staples",10,28,4,4,14,32,-18,221,-8.14
2026-07-13,"Energy",7,36,12,0,19,36,-17,270,-6.30
2026-07-13,"Financials",40,86,14,8,54,94,-40,891,-4.49
2026-07-13,"Healthcare",42,100,21,31,63,131,-68,1068,-6.37
2026-07-13,"Industrials",31,61,15,25,46,86,-40,892,-4.48
2026-07-13,"Materials",8,30,1,7,9,37,-28,272,-10.29
2026-07-13,"Real Estate",16,17,3,4,19,21,-2,291,-0.69
2026-07-13,"Semiconductors",1,11,1,1,2,12,-10,114,-8.77
2026-07-13,"Technology ex-Semis",15,18,11,4,26,22,4,384,1.04
2026-07-13,"Utilities",5,13,6,1,11,14,-3,120,-2.50
2026-07-14,"Communication/Media",22,33,5,6,27,39,-12,341,-3.52
2026-07-14,"Consumer Discretionary",44,49,5,15,49,64,-15,553,-2.71
2026-07-14,"Consumer Staples",10,21,1,4,11,25,-14,221,-6.33
2026-07-14,"Energy",6,21,9,2,15,23,-8,270,-2.96
2026-07-14,"Financials",40,91,9,3,49,94,-45,891,-5.05
2026-07-14,"Healthcare",67,70,8,39,75,109,-34,1068,-3.18
2026-07-14,"Industrials",63,52,10,11,73,63,10,892,1.12
2026-07-14,"Materials",18,23,3,3,21,26,-5,272,-1.84
2026-07-14,"Real Estate",16,19,1,3,17,22,-5,291,-1.72
2026-07-14,"Semiconductors",8,3,1,0,9,3,6,114,5.26
2026-07-14,"Technology ex-Semis",35,23,4,3,39,26,13,384,3.39
2026-07-14,"Utilities",3,14,2,1,5,15,-10,120,-8.33
2026-07-15,"Communication/Media",24,22,2,11,26,33,-7,341,-2.05
2026-07-15,"Consumer Discretionary",50,47,14,9,64,56,8,553,1.45
2026-07-15,"Consumer Staples",20,16,6,2,26,18,8,221,3.62
2026-07-15,"Energy",10,26,15,3,25,29,-4,270,-1.48
2026-07-15,"Financials",50,67,34,14,84,81,3,891,0.34
2026-07-15,"Healthcare",129,51,11,15,140,66,74,1068,6.93
2026-07-15,"Industrials",45,65,14,21,59,86,-27,892,-3.03
2026-07-15,"Materials",18,10,2,5,20,15,5,272,1.84
2026-07-15,"Real Estate",21,44,3,4,24,48,-24,291,-8.25
2026-07-15,"Semiconductors",5,5,0,7,5,12,-7,114,-6.14
2026-07-15,"Technology ex-Semis",10,63,4,8,14,71,-57,384,-14.84
2026-07-15,"Utilities",2,17,2,3,4,20,-16,120,-13.33
2026-07-16,"Communication/Media",23,30,8,7,31,37,-6,341,-1.76
2026-07-16,"Consumer Discretionary",39,37,24,9,63,46,17,553,3.07
2026-07-16,"Consumer Staples",19,10,9,2,28,12,16,221,7.24
2026-07-16,"Energy",1,45,14,6,15,51,-36,270,-13.33
2026-07-16,"Financials",55,43,52,6,107,49,58,891,6.51
2026-07-16,"Healthcare",63,89,27,38,90,127,-37,1068,-3.46
2026-07-16,"Industrials",63,35,21,31,84,66,18,892,2.02
2026-07-16,"Materials",24,17,3,7,27,24,3,272,1.10
2026-07-16,"Real Estate",31,16,20,5,51,21,30,291,10.31
2026-07-16,"Semiconductors",3,2,0,8,3,10,-7,114,-6.14
2026-07-16,"Technology ex-Semis",26,16,9,12,35,28,7,384,1.82
2026-07-16,"Utilities",13,6,2,1,15,7,8,120,6.67
2026-07-17,"Communication/Media",32,18,1,6,33,24,9,341,2.64
2026-07-17,"Consumer Discretionary",25,69,12,13,37,82,-45,553,-8.14
2026-07-17,"Consumer Staples",7,37,15,2,22,39,-17,221,-7.69
2026-07-17,"Energy",19,22,17,5,36,27,9,270,3.33
2026-07-17,"Financials",47,136,22,17,69,153,-84,891,-9.43
2026-07-17,"Healthcare",124,76,15,34,139,110,29,1068,2.72
2026-07-17,"Industrials",62,93,14,36,76,129,-53,892,-5.94
2026-07-17,"Materials",25,11,7,9,32,20,12,272,4.41
2026-07-17,"Real Estate",11,32,10,3,21,35,-14,291,-4.81
2026-07-17,"Semiconductors",18,1,0,11,18,12,6,114,5.26
2026-07-17,"Technology ex-Semis",38,20,4,9,42,29,13,384,3.39
2026-07-17,"Utilities",7,32,6,4,13,36,-23,120,-19.17
2026-07-20,"Communication/Media",15,33,5,6,20,39,-19,341,-5.57
2026-07-20,"Consumer Discretionary",22,54,5,15,27,69,-42,553,-7.59
2026-07-20,"Consumer Staples",11,25,3,10,14,35,-21,221,-9.50
2026-07-20,"Energy",6,27,7,4,13,31,-18,270,-6.67
2026-07-20,"Financials",46,146,6,15,52,161,-109,891,-12.23
2026-07-20,"Healthcare",26,105,14,29,40,134,-94,1068,-8.80
2026-07-20,"Industrials",35,91,11,22,46,113,-67,892,-7.51
2026-07-20,"Materials",18,18,2,4,20,22,-2,272,-0.74
2026-07-20,"Real Estate",6,49,4,12,10,61,-51,291,-17.53
2026-07-20,"Semiconductors",2,8,0,2,2,10,-8,114,-7.02
2026-07-20,"Technology ex-Semis",22,20,4,3,26,23,3,384,0.78
2026-07-20,"Utilities",3,20,1,2,4,22,-18,120,-15.00
2026-07-21,"Communication/Media",33,30,5,5,38,35,3,341,0.88
2026-07-21,"Consumer Discretionary",40,46,6,6,46,52,-6,553,-1.08
2026-07-21,"Consumer Staples",17,24,4,6,21,30,-9,221,-4.07
2026-07-21,"Energy",35,11,14,4,49,15,34,270,12.59
2026-07-21,"Financials",83,71,9,10,92,81,11,891,1.23
2026-07-21,"Healthcare",157,49,8,24,165,73,92,1068,8.61
2026-07-21,"Industrials",131,52,13,15,144,67,77,892,8.63
2026-07-21,"Materials",60,8,9,5,69,13,56,272,20.59
2026-07-21,"Real Estate",10,24,1,1,11,25,-14,291,-4.81
2026-07-21,"Semiconductors",39,4,0,0,39,4,35,114,30.70
2026-07-21,"Technology ex-Semis",43,45,5,4,48,49,-1,384,-0.26
2026-07-21,"Utilities",12,8,1,7,13,15,-2,120,-1.67
2026-07-22,"Communication/Media",17,36,8,6,25,42,-17,341,-4.99
2026-07-22,"Consumer Discretionary",37,44,8,14,45,58,-13,553,-2.35
2026-07-22,"Consumer Staples",6,16,4,2,10,18,-8,221,-3.62
2026-07-22,"Energy",8,34,28,1,36,35,1,270,0.37
2026-07-22,"Financials",48,97,11,20,59,117,-58,891,-6.51
2026-07-22,"Healthcare",35,99,9,39,44,138,-94,1068,-8.80
2026-07-22,"Industrials",78,74,13,14,91,88,3,892,0.34
2026-07-22,"Materials",11,22,16,1,27,23,4,272,1.47
2026-07-22,"Real Estate",16,44,1,6,17,50,-33,291,-11.34
2026-07-22,"Semiconductors",9,9,1,0,10,9,1,114,0.88
2026-07-22,"Technology ex-Semis",18,47,3,8,21,55,-34,384,-8.85
2026-07-22,"Utilities",15,9,3,0,18,9,9,120,7.50
2026-07-23,"Communication/Media",14,22,7,22,21,44,-23,341,-6.74
2026-07-23,"Consumer Discretionary",51,44,3,46,54,90,-36,553,-6.51
2026-07-23,"Consumer Staples",13,21,0,17,13,38,-25,221,-11.31
2026-07-23,"Energy",10,38,17,1,27,39,-12,270,-4.44
2026-07-23,"Financials",96,46,6,78,102,124,-22,891,-2.47
2026-07-23,"Healthcare",121,56,14,50,135,106,29,1068,2.72
2026-07-23,"Industrials",69,52,25,28,94,80,14,892,1.57
2026-07-23,"Materials",9,24,7,4,16,28,-12,272,-4.41
2026-07-23,"Real Estate",16,20,1,25,17,45,-28,291,-9.62
2026-07-23,"Semiconductors",6,4,2,1,8,5,3,114,2.63
2026-07-23,"Technology ex-Semis",14,22,3,13,17,35,-18,384,-4.69
2026-07-23,"Utilities",5,13,2,3,7,16,-9,120,-7.50
2026-07-24,"Communication/Media",18,23,5,10,23,33,-10,341,-2.93
2026-07-24,"Consumer Discretionary",40,38,4,12,44,50,-6,553,-1.08
2026-07-24,"Consumer Staples",33,7,1,3,34,10,24,221,10.86
2026-07-24,"Energy",7,44,10,3,17,47,-30,270,-11.11
2026-07-24,"Financials",85,31,20,31,105,62,43,891,4.83
2026-07-24,"Healthcare",53,90,5,35,58,125,-67,1068,-6.27
2026-07-24,"Industrials",48,79,17,16,65,95,-30,892,-3.36
2026-07-24,"Materials",17,21,6,2,23,23,0,272,0.00
2026-07-24,"Real Estate",23,11,3,4,26,15,11,291,3.78
2026-07-24,"Semiconductors",0,4,0,5,0,9,-9,114,-7.89
2026-07-24,"Technology ex-Semis",32,25,5,8,37,33,4,384,1.04
2026-07-24,"Utilities",0,12,6,0,6,12,-6,120,-5.00
2026-07-27,"Communication/Media",40,29,10,9,50,38,12,341,3.52
2026-07-27,"Consumer Discretionary",74,27,17,3,91,30,61,553,11.03
2026-07-27,"Consumer Staples",23,10,6,2,29,12,17,221,7.69
2026-07-27,"Energy",8,49,2,10,10,59,-49,270,-18.15
2026-07-27,"Financials",69,60,29,13,98,73,25,891,2.81
2026-07-27,"Healthcare",76,79,13,30,89,109,-20,1068,-1.87
2026-07-27,"Industrials",75,44,23,14,98,58,40,892,4.48
2026-07-27,"Materials",15,13,4,4,19,17,2,272,0.74
2026-07-27,"Real Estate",20,25,2,6,22,31,-9,291,-3.09
2026-07-27,"Semiconductors",7,2,0,3,7,5,2,114,1.75
2026-07-27,"Technology ex-Semis",39,12,28,3,67,15,52,384,13.54
2026-07-27,"Utilities",5,22,1,4,6,26,-20,120,-16.67
2026-07-28,"Communication/Media",48,17,17,11,65,28,37,341,10.85
2026-07-28,"Consumer Discretionary",47,31,53,4,100,35,65,553,11.75
2026-07-28,"Consumer Staples",12,23,16,2,28,25,3,221,1.36
2026-07-28,"Energy",7,33,1,18,8,51,-43,270,-15.93
2026-07-28,"Financials",107,26,48,15,155,41,114,891,12.79
2026-07-28,"Healthcare",95,54,26,54,121,108,13,1068,1.22
2026-07-28,"Industrials",69,42,41,32,110,74,36,892,4.04
2026-07-28,"Materials",13,16,9,3,22,19,3,272,1.10
2026-07-28,"Real Estate",16,32,17,7,33,39,-6,291,-2.06
2026-07-28,"Semiconductors",8,1,0,3,8,4,4,114,3.51
2026-07-28,"Technology ex-Semis",56,15,26,18,82,33,49,384,12.76
2026-07-28,"Utilities",3,21,7,6,10,27,-17,120,-14.17
2026-07-29,"Communication/Media",17,23,19,9,36,32,4,341,1.17
2026-07-29,"Consumer Discretionary",25,47,19,11,44,58,-14,553,-2.53
2026-07-29,"Consumer Staples",4,20,3,9,7,29,-22,221,-9.95
2026-07-29,"Energy",10,22,6,9,16,31,-15,270,-5.56
2026-07-29,"Financials",26,131,21,27,47,158,-111,891,-12.46
2026-07-29,"Healthcare",32,82,17,43,49,125,-76,1068,-7.12
2026-07-29,"Industrials",18,111,11,58,29,169,-140,892,-15.70
2026-07-29,"Materials",8,14,2,15,10,29,-19,272,-6.99
2026-07-29,"Real Estate",14,32,6,6,20,38,-18,291,-6.19
2026-07-29,"Semiconductors",1,5,0,4,1,9,-8,114,-7.02
2026-07-29,"Technology ex-Semis",7,32,19,6,26,38,-12,384,-3.13
2026-07-29,"Utilities",1,20,0,13,1,33,-32,120,-26.67
